Fuel Type Code,Station Name,Street Address,Intersection Directions,City,State,ZIP,Plus4,Station Phone,Status Code,Expected Date,Groups With Access Code,Access Days Time,Cards Accepted,BD Blends,NG Fill Type Code,NG PSI,EV Level1 EVSE Num,EV Level2 EVSE Num,EV DC Fast Count,EV Other Info,EV Network,EV Network Web,Geocode Status,Latitude,Longitude,Date Last Confirmed,ID,Updated At,Owner Type Code,Federal Agency ID,Federal Agency Name,Open Date,Hydrogen Status Link,NG Vehicle Class,LPG Primary,E85 Blender Pump,EV Connector Types,Country,Intersection Directions (French),Access Days Time (French),BD Blends (French),Groups With Access Code (French),Hydrogen Is Retail,Access Code,Access Detail Code,Federal Agency Code,Facility Type,CNG Dispenser Num,CNG On-Site Renewable Source,CNG Total Compression Capacity,CNG Storage Capacity,LNG On-Site Renewable Source,E85 Other Ethanol Blends,EV Pricing,EV Pricing (French),LPG Nozzle Types,Hydrogen Pressures,Hydrogen Standards,CNG Fill Type Code,CNG PSI,CNG Vehicle Class,LNG Vehicle Class,EV On-Site Renewable Source,Restricted Access,RD Blends,RD Blends (French),RD Blended with Biodiesel,RD Maximum Biodiesel Level,NPS Unit Name,CNG Station Sells Renewable Natural Gas,LNG Station Sells Renewable Natural Gas,Maximum Vehicle Class,EV Workplace Charging,Funding Sources
ELEC,3M,3M Center Dr,,St. Paul,MN,55117,,,E,,Private,Employee use only; Drivers must bring their own J1772 cordset for Level 1 charging,,,,,42,2,,,Non-Networked,,GPS,44.95121,-92.9952,2023-03-08,38887,2024-01-31 22:07:01 UTC,P,,,2014-12-11,,,,,J1772 NEMA520,US,,,,Privé,,private,,,OFFICE_BLDG,,,,,,,,,,,,,,,,,,,,,,,,,,true,
ELEC,Lawson Parking Ramp,10 W 6th St,,St. Paul,MN,55102,,651-224-1931,E,,Public,24 hours daily; pay lot,,,,,,5,,,Non-Networked,,200-8,44.946327,-93.095535,2024-08-15,40046,2024-08-15 19:57:12 UTC,LG,,,2011-10-17,,,,,J1772,US,,,,Public,,public,,,PARKING_GARAGE,,,,,,,"$5 per session, customers pay up to $20 for leaving car connected after done charging",,,,,,,,,,false,,,,,,,,LD,false,
ELEC,Lower Town Parking Ramp,316 Jackson St,,St. Paul,MN,55101,,651-291-0523,E,,Private - Fleet customers only,24 hours daily for monthly parkers only,,,,,,1,,,Non-Networked,,GPS,44.947042,-93.088226,2024-07-11,40047,2024-07-11 19:05:43 UTC,LG,,,2011-10-17,,,,,J1772,US,,,,Privé - Réservé aux clients de parcs,,private,FLEET,,PAY_GARAGE,,,,,,,Free for fleet,,,,,,,,,,,,,,,,,,LD,false,
ELEC,St. Paul Natural Resources Department,1100 N Hamline Ave,,St. Paul,MN,55108,,,E,,Private - Government only,Drivers must bring their own J1772 cordset for Level 1 charging,,,,,1,1,,,Non-Networked,,200-8,44.973838,-93.156808,2023-01-10,40056,2024-07-12 17:17:49 UTC,LG,,,2011-03-15,,,,,J1772 NEMA520,US,,,,Privé - Réservé au gouvernement,,private,GOVERNMENT,,MUNI_GOV,,,,,,,,,,,,,,,,,,,,,,,,,LD,false,
ELEC,St. Paul Public Works Maintenance Garage,873 Dale St N,,St. Paul,MN,55103,,,E,,Private - Government only,Drivers must bring their own J1772 cordset for Level 1 charging,,,,,1,1,,,Non-Networked,,200-9,44.967593,-93.127742,2023-01-10,40057,2024-07-12 17:17:34 UTC,LG,,,2012-07-31,,,,,J1772 NEMA520,US,,,,Privé - Réservé au gouvernement,,private,GOVERNMENT,,MUNI_GOV,,,,,,,,,,,,,,,,,,,,,,,,,LD,false,
ELEC,World Trade Center Parking Ramp,477 Cedar St,,St. Paul,MN,55101,,651-224-8838,E,,Public - Card key at all times,24 hours daily; monthly contracted parking customers only,,,,,,2,,,Non-Networked,,GPS,44.948972,-93.0962,2024-07-11,40063,2024-07-11 19:05:43 UTC,LG,,,2011-10-17,,,,,J1772,US,,,,Public - Carte-clé en tout temps,,public,KEY_ALWAYS,,PARKING_GARAGE,,,,,,,Free,,,,,,,,,,true,,,,,,,,LD,false,
ELEC,Country Chevrolet,840 E Elm St,Located near highway 55,Annandale,MN,55302,,,E,,Public,8:30am-6pm M-F; 8:30am-2pm Sat,,,,,,3,,,Non-Networked,,GPS,45.25643,-94.10853,2024-04-14,41446,2024-11-08 14:57:45 UTC,P,,,2011-10-21,,,,,J1772,US,,,,Public,,public,,,CAR_DEALER,,,,,,,Free,,,,,,,,,,false,,,,,,,,LD,false,
ELEC,THOMSON REUTERS EAGAN CAMPUS,610 Opperman Dr,,Eagan,MN,55123,,888-758-4389,E,,Public,24 hours daily,,,,,,2,,,ChargePoint Network,http://www.chargepoint.com/,GPS,44.825192,-93.112679,2024-12-10,43254,2024-12-10 00:51:28 UTC,,,,2012-01-15,,,,,J1772,US,,,,Public,,public,,,,,,,,,,,,,,,,,,,,,,,,,,,,,false,
ELEC,Minnesota Department of Natural Resources,500 Lafayette Rd N,"Located in parking lot, first right north of the intersection of Lafayette and Grove",St. Paul,MN,55155,,,E,,Private,,,,,,,2,,,Non-Networked,,200-9,44.956138,-93.084209,2023-05-03,43455,2024-01-31 22:07:01 UTC,LG,,,2011-11-01,,,,,J1772,US,,,,Privé,,private,,,STATE_GOV,,,,,,,,,,,,,,,,,,,,,,,,,LD,false,
ELEC,Eden Prairie Nissan,12790 Plaza Dr,,Eden Prairie,MN,55344,,,E,,Public - Call ahead,Dealership business hours,,,,,,1,2,,Non-Networked,,200-8,44.86482,-93.43809,2024-02-12,47714,2024-02-12 15:25:05 UTC,P,,,2012-01-31,,,,,CHADEMO J1772 J1772COMBO,US,,,,Public - Appeler à l'avance,,public,CALL,,CAR_DEALER,,,,,,,,,,,,,,,,,false,,,,,,,,LD,false,
ELEC,Eden Prairie Nissan,12790 Plaza Dr,,Eden Prairie,MN,55344,,,E,,Private,,,,,,,1,,,Non-Networked,,200-8,44.86482,-93.43809,2024-02-12,47715,2024-02-12 15:25:05 UTC,P,,,2012-01-31,,,,,J1772,US,,,,Privé,,private,,,CAR_DEALER,,,,,,,,,,,,,,,,,,,,,,,,,LD,false,
ELEC,Kline Nissan,3090 N Highway 61,,Maplewood,MN,55109,,651-379-4300,E,,Public,Dealership business hours,,,,,,2,1,,Non-Networked,,200-8,45.03541,-93.04357,2024-02-12,47716,2024-02-12 15:25:05 UTC,P,,,2012-01-31,,,,,CHADEMO J1772,US,,,,Public,,public,,,CAR_DEALER,,,,,,,,,,,,,,,,,false,,,,,,,,LD,false,
ELEC,Kline Nissan,3090 N Highway 61,,Maplewood,MN,55109,,651-379-4300,E,,Private,,,,,,,1,,,Non-Networked,,200-8,45.03541,-93.04357,2024-02-12,47717,2024-02-12 15:25:05 UTC,P,,,2012-01-31,,,,,J1772,US,,,,Privé,,private,,,CAR_DEALER,,,,,,,,,,,,,,,,,,,,,,,,,LD,false,
ELEC,CARLETON JAMES HALL EAST,140 Nevada St,,Northfield,MN,55057,,888-758-4389,E,,Public,24 hours daily,,,,,,2,,,ChargePoint Network,http://www.chargepoint.com/,GPS,44.460308,-93.15215,2024-12-10,49365,2024-12-10 01:06:51 UTC,,,,2012-08-31,,,,,J1772,US,,,,Public,,public,,,,,,,,,,,,,,,,,,,,,,,,,,,,,false,
ELEC,State Capitol,422 Rice St,Ramp F,St. Paul,MN,55103,,651-201-2555,E,,Public,24 hours daily; pay lot,,,,,,2,,,Non-Networked,,GPS,44.9554,-93.105642,2023-07-11,49521,2024-01-31 22:07:01 UTC,SG,,,2016-01-31,,,,,J1772,US,,,,Public,,public,,,STATE_GOV,,,,,,,Free,,,,,,,,,SOLAR,false,,,,,,,,LD,false,
ELEC,Luther Nissan,1470 50th St E,,Inver Grove Heights,MN,55077,,651-457-5757,E,,Public - Call ahead,Dealership business hours,,,,,,1,,,Non-Networked,,200-9,44.877212,-93.076039,2024-02-12,49852,2024-02-12 15:25:05 UTC,P,,,2012-10-25,,,,,J1772,US,,,,Public - Appeler à l'avance,,public,CALL,,CAR_DEALER,,,,,,,Free,,,,,,,,,,false,,,,,,,,,false,
ELEC,Luther Nissan,1470 50th St E,,Inver Grove Heights,MN,55077,,651-457-5757,E,,Private,,,,,,,1,,,Non-Networked,,200-9,44.877212,-93.076039,2024-02-12,49853,2024-02-12 15:25:05 UTC,P,,,2012-10-25,,,,,J1772,US,,,,Privé,,private,,,CAR_DEALER,,,,,,,,,,,,,,,,,,,,,,,,,,false,
ELEC,Lupient Nissan,4642 Highway 52 N,,Rochester,MN,55901,,507-252-5577,E,,Public - Call ahead,Dealership business hours,,,,,,1,,,Non-Networked,,200-9,44.071507,-92.499454,2024-02-12,49858,2024-02-12 15:25:05 UTC,P,,,2012-10-25,,,,,J1772,US,,,,Public - Appeler à l'avance,,public,CALL,,CAR_DEALER,,,,,,,Free,,,,,,,,,,false,,,,,,,,,false,
ELEC,Lupient Nissan,4642 Highway 52 N,,Rochester,MN,55901,,507-252-5577,E,,Private,,,,,,,1,,,Non-Networked,,200-9,44.071507,-92.499454,2024-02-12,49859,2024-02-12 15:25:05 UTC,P,,,2012-10-25,,,,,J1772,US,,,,Privé,,private,,,CAR_DEALER,,,,,,,,,,,,,,,,,,,,,,,,,,false,
ELEC,Miller Nissan,2930 2nd St S,,St. Cloud,MN,56301,,320-251-1363,E,,Public - Call ahead,Dealership business hours,,,,,,1,,,Non-Networked,,200-9,45.547548,-94.194363,2024-02-12,49860,2024-02-12 15:25:05 UTC,P,,,2012-10-25,,,,,J1772,US,,,,Public - Appeler à l'avance,,public,CALL,,CAR_DEALER,,,,,,,Free,,,,,,,,,,false,,,,,,,,,false,
ELEC,Miller Nissan,2930 2nd St S,,St. Cloud,MN,56301,,320-251-1363,E,,Private,,,,,,,1,,,Non-Networked,,200-9,45.547548,-94.194363,2024-02-12,49861,2024-02-12 15:25:05 UTC,P,,,2012-10-25,,,,,J1772,US,,,,Privé,,private,,,CAR_DEALER,,,,,,,,,,,,,,,,,,,,,,,,,,false,
ELEC,Minnesota Discovery Center,1005 Discovery Dr,,Chisholm,MN,55719,,218-254-7959,E,,Public,Center business hours,,,,,,1,,,Non-Networked,,200-8,47.479994,-92.894412,2024-11-06,50082,2024-11-06 19:40:58 UTC,P,,,2012-11-30,,,,,J1772,US,,,,Public,,public,,,MUSEUM,,,,,,,Free,,,,,,,,,,false,,,,,,,,LD,false,
ELEC,Roush,3507 Gillette Dr NW,Located at building 44,Bemidji,MN,56601,,,E,,Private,For test vehicle use only,,,,,,7,,,Non-Networked,,GPS,47.4736111,-94.8802778,2024-08-15,52055,2024-08-15 19:57:12 UTC,P,,,2013-06-15,,,,,J1772,US,,,,Privé,,private,,,OFFICE_BLDG,,,,,,,,,,,,,,,,,,,,,,,,,LD,false,
ELEC,Dynamic Sealing Technologies,13829 Jay St NW,,Andover,MN,55304,,763-786-3758,E,,Private,24 hours daily; employee and guest use only,,,,,,2,,,Non-Networked,,200-9,45.22168,-93.309692,2023-05-03,52547,2024-01-31 22:07:01 UTC,P,,,2013-06-14,,,,,J1772,US,,,,Privé,,private,,,OFFICE_BLDG,,,,,,,Free,,,,,,,,,,,,,,,,,,LD,true,
ELEC,White Bear Mitsubishi Suzuki,3400 Highway 61,,White Bear Lake,MN,55110,,651-483-9106,E,,Public - Call ahead,Dealership business hours; for customers only,,,,,,2,,,Non-Networked,,200-9,45.044102,-93.038002,2023-04-06,52572,2024-01-31 22:07:01 UTC,P,,,2013-06-14,,,,,J1772,US,,,,Public - Appeler à l'avance,,public,CALL,,CAR_DEALER,,,,,,,Free,,,,,,,,,,true,,,,,,,,LD,false,
ELEC,Green Rock Apartments - Downtown Lofts,1023 Washington Ave S,,Minneapolis,MN,55415,,612-372-5048  855-900-7584,E,,Public - Call ahead,8am-5pm M-F,,,,,,1,,,Non-Networked,,200-8,44.97518,-93.25363,2024-08-15,52867,2024-08-15 19:57:12 UTC,P,,,2013-08-01,,,,,J1772,US,,,,Public - Appeler à l'avance,,public,CALL,,MULTI_UNIT_DWELLING,,,,,,,Free,,,,,,,,,,false,,,,,,,,LD,false,
ELEC,HOLIDAY INN! HOLIDAY INN 01,200 W 1st St,,Duluth,MN,55802,,888-758-4389,E,,Public,24 hours daily,,,,,,2,,,ChargePoint Network,http://www.chargepoint.com/,GPS,46.78514,-92.102118,2024-12-10,53102,2024-12-10 00:31:13 UTC,,,,2013-10-01,,,,,J1772,US,,,,Public,,public,,,,,,,,,,,,,,,,,,,,,,,,,,,,,false,
ELEC,3M Center,2501 Hudson Rd,Building 220,Maplewood,MN,55119,,651-733-1110,E,,Public,24 hours daily,,,,,1,1,,,Non-Networked,,200-8,44.949919,-92.998105,2023-01-10,53426,2023-02-14 15:54:11 UTC,P,,,2011-02-11,,,,,J1772 NEMA520,US,,,,Public,,public,,,OFFICE_BLDG,,,,,,,,,,,,,,,,,false,,,,,,,,LD,false,
ELEC,Gateway Ramp,400 S 3rd St,Located on levels 2 and 4,Minneapolis,MN,55415,,612-338-2643,E,,Public,Garage business hours; Drivers must bring their own J1772 cordset for Level 1 charging,,,,,3,2,,,Non-Networked,,200-8,44.978436,-93.263535,2023-05-03,53427,2024-01-31 22:07:01 UTC,P,,,2013-06-24,,,,,NEMA520 TESLA,US,,,,Public,,public,,,PARKING_GARAGE,,,,,,,Free,,,,,,,,,,false,,,,,,,,LD,false,
ELEC,Minneapolis-St. Paul International Airport - Terminal 2,7150 Humphrey Dr,Humphrey Terminal Value Parking. Located in the orange ramp on level 7,Minneapolis,MN,55450,,612-726-5555,E,,Public,24 hours daily; pay lot,,,,,,4,,,Non-Networked,,200-9,44.87386,-93.228019,2024-11-06,53430,2024-11-06 19:40:58 UTC,P,,,2013-08-19,,,,,J1772,US,,,,Public,,public,,,AIRPORT,,,,,,,Free,,,,,,,,,,false,,,,,,,,LD,false,
ELEC,Walser Nissan,14750 Buck Hill Rd,,Burnsville,MN,55306,,952-435-5550,E,,Public - Call ahead,Dealership business hours,,,,,,1,2,,Non-Networked,,200-8,44.73423,-93.28646,2024-02-12,53726,2024-02-12 15:25:05 UTC,P,,,2013-11-01,,,,,CHADEMO J1772 J1772COMBO,US,,,,Public - Appeler à l'avance,,public,CALL,,CAR_DEALER,,,,,,,,,,,,,,,,,false,,,,,,,,LD,false,
ELEC,Walser Nissan,14750 Buck Hill Rd,,Burnsville,MN,55306,,952-435-5550,E,,Private,,,,,,,1,,,Non-Networked,,200-8,44.73423,-93.28646,2024-02-12,53727,2024-02-12 15:25:05 UTC,P,,,2013-11-01,,,,,J1772,US,,,,Privé,,private,,,CAR_DEALER,,,,,,,,,,,,,,,,,,,,,,,,,LD,false,
ELEC,Jimmy Lee Recreational Center,270 Lexington Ave,,St. Paul,MN,55104,,651-642-0650,E,,Public,24 hours daily,,,,,,1,,,Non-Networked,,GPS,44.9491365536018,-93.14523688200075,2024-08-15,53879,2024-08-15 19:57:12 UTC,P,,,2013-11-01,,,,,J1772,US,,,,Public,,public,,,REC_SPORTS_FACILITY,,,,,,,$1 per hour,,,,,,,,,,false,,,,,,,,LD,false,
ELEC,MINNEAPOLIS HAAF RAMP L2-2,424 S 4th St,,Minneapolis,MN,55415,,888-758-4389,E,,Public,24 hours daily,,,,,,2,,,ChargePoint Network,http://www.chargepoint.com/,GPS,44.977272,-93.262955,2024-12-10,57638,2024-12-10 01:07:19 UTC,,,,2012-07-31,,,,,J1772,US,,,,Public,,public,,,,,,,,,,,,,,,,,,,,,,,,,,,,,false,
ELEC,Eden Prairie City Center,8080 Mitchell Rd,,Eden Prairie,MN,55344,,952-949-8300,E,,Private,City vehicle use only,,,,,,2,,,Non-Networked,,200-9,44.856491,-93.46274,2023-04-06,60308,2024-01-31 22:07:01 UTC,P,,,2014-01-01,,,,,J1772,US,,,,Privé,,private,,,MUNI_GOV,,,,,,,Free,,,,,,,,,,,,,,,,,,LD,false,
ELEC,Riverland Community College,2200 Riverland Dr,Located on the North side,Albert Lea,MN,56007,,507-379-3300,E,,Public,24 hours daily,,,,,,1,,,Non-Networked,,200-8,43.677197,-93.354029,2023-01-10,60311,2023-02-14 15:54:11 UTC,P,,,2014-01-01,,,,,J1772,US,,,,Public,,public,,,COLLEGE_CAMPUS,,,,,,,Free,,,,,,,,,SOLAR,false,,,,,,,,LD,false,
ELEC,Dave Syverson Nissan,2310 E Main St,,Albert Lea,MN,56007,,507-373-1438,E,,Public - Call ahead,Dealership business hours,,,,,,1,,,Non-Networked,,200-9,43.655954,-93.334482,2024-02-12,60981,2024-02-12 15:25:05 UTC,P,,,2016-02-10,,,,,J1772,US,,,,Public - Appeler à l'avance,,public,CALL,,CAR_DEALER,,,,,,,,,,,,,,,,,false,,,,,,,,,false,
ELEC,CR 2020 483-EVCHG-1,1395 Gortner Ave,,Falcon Heights,MN,55108,,888-758-4389,E,,Public,24 hours daily,,,,,,2,,,ChargePoint Network,http://www.chargepoint.com/,GPS,44.983428,-93.182787,2024-12-10,62096,2024-12-10 01:00:15 UTC,,,,2014-06-11,,,,,J1772,US,,,,Public,,public,,,,,,,,,,,,,,,,,,,,,,,,,,,,,false,
ELEC,Holiday Stationstore #434,7700 34th Ave S,,Minneapolis,MN,55450,,612-727-1512,E,,Public,24 hours daily,,,,,,1,,,Non-Networked,,200-8,44.86432,-93.223387,2024-07-11,62535,2024-07-11 19:05:43 UTC,P,,,2014-06-01,,,,,J1772,US,,,,Public,,public,,,GAS_STATION,,,,,,,Free,,,,,,,,,,false,,,,,,,,LD,false,
ELEC,Inver Grove Ford Lincoln,4725 S Robert Trail,,Inver Grove Heights,MN,55077,,651-451-2201,P,2023-07-01,PLANNED - not yet accessible (Public - Call ahead),Dealership business hours,,,,,,6,6,,Non-Networked,,200-8,44.880515,-93.080637,2023-05-03,63615,2024-01-31 22:07:01 UTC,P,,,,,,,,J1772 J1772COMBO,US,,,,PRÉVU - pas encore accessible (Public - Appeler à l'avance),,public,CALL,,CAR_DEALER,,,,,,,Free for Level 2 charging; fee for DC fast charging,,,,,,,,,,false,,,,,,,,LD,false,
ELEC,Hayford Ford,1330 301st Ave NE,Located on the south side,Isanti,MN,55040,,763-689-5555,E,,Public - Call ahead,24 hours daily,,,,,,1,,,Non-Networked,,200-9,45.514149,-93.237088,2023-04-06,64402,2024-01-31 22:07:01 UTC,P,,,2014-09-01,,,,,J1772,US,,,,Public - Appeler à l'avance,,public,CALL,,CAR_DEALER,,,,,,,Free,,,,,,,,,,false,,,,,,,,LD,false,
ELEC,Polar Chevrolet Mazda,1801 E County Rd F,,White Bear Lake,MN,55110,,,E,,Private,Service center use only; Drivers must bring their own J1772 cordset for Level 1 charging,,,,,2,,1,,Non-Networked,,200-9,45.064992,-93.024212,2024-07-11,64403,2024-07-11 19:05:43 UTC,P,,,2014-09-01,,,,,J1772COMBO NEMA520,US,,,,Privé,,private,,,CAR_DEALER,,,,,,,,,,,,,,,,,,,,,,,,,LD,false,
ELEC,New Brighton Ford,1100 Silver Lake Rd NW,,New Brighton,MN,55112,,,E,,Private,Service center use only,,,,,,1,,,Non-Networked,,200-9,45.066177,-93.220016,2024-08-15,64404,2024-08-15 19:57:12 UTC,P,,,2014-09-01,,,,,J1772,US,,,,Privé,,private,,,CAR_DEALER,,,,,,,,,,,,,,,,,,,,,,,,,LD,false,
ELEC,Rosedale Chevrolet,2845 Highway 35 W,,Roseville,MN,55113,,651-636-0340,E,,Public - Call ahead,Dealership business hours,,,,,,3,,,Non-Networked,,200-9,45.026189,-93.193662,2023-05-03,64405,2024-01-31 22:07:01 UTC,P,,,2014-09-01,,,,,J1772,US,,,,Public - Appeler à l'avance,,public,CALL,,CAR_DEALER,,,,,,,Free,,,,,,,,,,false,,,,,,,,LD,false,
ELEC,St. Louis Park - City Hall,5005 Minnetonka Blvd,,St. Louis Park,MN,55416,,952-924-2500,E,,Public,24 hours daily; but 3 hour time limit for non-overnight,,,,,,2,,,Non-Networked,,200-9,44.94674,-93.342971,2023-01-10,64410,2023-02-14 15:54:11 UTC,P,,,2014-09-01,,,,,J1772,US,,,,Public,,public,,,MUNI_GOV,,,,,,,Free,,,,,,,,,,false,,,,,,,,LD,false,
ELEC,Fat Jack's Cabaret,1682 Wall Ave,,Bock,MN,56313,,320-556-3682,E,,Public,"4:30pm-1am T-Th, 1pm-2am F-Sat, 3:30pm-12am Sun; Drivers must bring their own J1772 cordset for Level 1 charging",,,,,1,,,,Non-Networked,,200-9,45.786248,-93.552278,2023-01-10,64413,2023-02-14 15:54:11 UTC,P,,,2013-09-01,,,,,NEMA1450,US,,,,Public,,public,,,OTHER_ENTERTAINMENT,,,,,,,Free,,,,,,,,,,false,,,,,,,,LD,false,
ELEC,Morrie's Nissan,7875 Brooklyn Blvd,,Brooklyn Park,MN,55445,,,E,,Public,Dealership business hours; contact 888-623-2178 for more information,,,,,,2,1,,Non-Networked,,GPS,45.093871,-93.372061,2024-02-12,64414,2024-02-12 15:25:05 UTC,P,,,2013-09-01,,,,,CHADEMO J1772,US,,,,Public,,public,,,CAR_DEALER,,,,,,,Free,,,,,,,,,,false,,,,,,,,,false,
ELEC,Green Rock Apartments,1018 19th Ave NE,,Minneapolis,MN,55418,,612-372-5048,E,,Public,8am-5pm daily,,,,,,1,,,Non-Networked,,200-9,45.007619,-93.244688,2023-01-10,64809,2023-02-14 15:54:11 UTC,P,,,2015-04-30,,,,,J1772,US,,,,Public,,public,,,MULTI_UNIT_DWELLING,,,,,,,Free,,,,,,,,,,false,,,,,,,,LD,false,
ELEC,Green Rock Apartments,1501 Portland Ave S,,Minneapolis,MN,55404,,612-372-5048,E,,Public,8am-5pm daily,,,,,,4,,,Non-Networked,,200-9,44.967773,-93.267233,2023-01-10,64811,2023-02-14 15:54:11 UTC,P,,,2015-04-30,,,,,J1772,US,,,,Public,,public,,,MULTI_UNIT_DWELLING,,,,,,,Free,,,,,,,,,,false,,,,,,,,LD,false,
ELEC,Green Rock Apartments,2440 Harriet Ave,,Minneapolis,MN,55405,,612-372-5048,E,,Public,8am-5pm M-F,,,,,,1,,,Non-Networked,,200-9,44.957971,-93.285849,2023-02-13,64812,2023-02-14 15:54:11 UTC,P,,,2015-02-28,,,,,J1772,US,,,,Public,,public,,,MULTI_UNIT_DWELLING,,,,,,,Free,,,,,,,,,,false,,,,,,,,LD,false,
ELEC,Motel 6 - Owatonna,2365 NW 43rd St,,Owatonna,MN,55060,,507-446-8900,E,,Public,24 hours daily; guest use only,,,,,,1,,,Non-Networked,,GPS,44.135921,-93.254538,2022-04-06,65661,2024-07-01 17:02:06 UTC,P,,,2014-11-15,,,,,J1772,US,,,,Public,,public,,,HOTEL,,,,,,,Free,,,,,,,,,,true,,,,,,,,LD,false,
ELEC,CMC CMC HOSPITAL,701 Dellwood St,This station is located on the north side of the hospital.,Cambridge,MN,55008,,888-758-4389,E,,Public,24 hours daily,,,,,,2,,,ChargePoint Network,http://www.chargepoint.com/,GPS,45.567308,-93.231202,2024-12-10,66780,2024-12-10 00:38:00 UTC,,,,2015-04-21,,,,,J1772,US,,,,Public,,public,,,,,,,,,,,,,,,,,,,,,,,,,,,,,false,
ELEC,UMN 214-EVCHG-1,400 21st Ave S,Level 2 east wall,Minneapolis,MN,55455,,888-758-4389,E,,Public,24 hours daily,,,,,,2,,,ChargePoint Network,http://www.chargepoint.com/,GPS,44.969677,-93.243328,2024-12-10,67091,2024-12-10 01:00:20 UTC,,,,2015-05-13,,,,,J1772,US,,,,Public,,public,,,,,,,,,,,,,,,,,,,,,,,,,,,,,false,
ELEC,beKind Salon and Spa,2479 Co Rd E East,,St. Paul,MN,55110,,651-500-1969,E,,Public - Call ahead,9am-8pm daily; customers only,,,,,,1,,,Non-Networked,,GPS,45.050399,-92.995996,2024-07-11,69087,2024-07-11 19:05:43 UTC,P,,,2015-08-16,,,,,J1772,US,,,,Public - Appeler à l'avance,,public,CALL,,SHOPPING_CENTER,,,,,,,Free,,,,,,,,,,true,,,,,,,,LD,false,
ELEC,LIFESOURCE EV 1,2225 West River Rd N,,Minneapolis,MN,55411,,888-758-4389,E,,Public,24 hours daily,,,,,,2,,,ChargePoint Network,http://www.chargepoint.com/,GPS,45.002323,-93.277028,2024-12-10,69122,2024-12-10 00:35:30 UTC,,,,2015-08-20,,,,,J1772,US,,,,Public,,public,,,,,,,,,,,,,,,,,,,,,,,,,,,,,false,
ELEC,NORTH ST PAUL CITY HALL,2400 Margaret Street North,In front of the North Saint Paul Fire Station,North St Paul,MN,55109,,888-758-4389,E,,Public,24 hours daily,,,,,,2,,,ChargePoint Network,http://www.chargepoint.com/,GPS,45.013696,-92.991697,2024-12-10,69605,2024-12-10 00:38:47 UTC,,,,2015-08-29,,,,,J1772,US,,,,Public,,public,,,,,,,,,,,,,,,,,,,,,,,,,,,,,false,
ELEC,Wayzata Nissan,15906 Wayzata Blvd,,Wayzata,MN,55391,,952-475-3939,E,,Public - Call ahead,Dealership business hours; for Nissan Leaf use only,,,,,,1,1,,Non-Networked,,200-8,44.97191,-93.48118,2024-02-12,70447,2024-02-12 15:25:05 UTC,P,,,2015-03-03,,,,,CHADEMO J1772 J1772COMBO,US,,,,Public - Appeler à l'avance,,public,CALL,,CAR_DEALER,,,,,,,Free,,,,,,,,,,true,,,,,,,,LD,false,
ELEC,Wayzata Nissan,15906 Wayzata Blvd,,Wayzata,MN,55391,,952-475-3939,E,,Private,Service center use only,,,,,,1,,,Non-Networked,,200-8,44.97191,-93.48118,2024-02-12,70469,2024-02-12 15:25:05 UTC,P,,,2015-03-03,,,,,J1772,US,,,,Privé,,private,,,CAR_DEALER,,,,,,,,,,,,,,,,,,,,,,,,,LD,false,
ELEC,PUBLIC STATIONS NORTH MISS PARK,5101-5177 N Mississippi Dr,"North Mis two seperated lots- the station is in the southern lot, in a stall north of the pool house and picnic pavillion, on the west side of the lot by by a maintenance building",Minneapolis,MN,55430,,888-758-4389,E,,Public,24 hours daily,,,,,,1,,,ChargePoint Network,http://www.chargepoint.com/,GPS,45.048396,-93.283691,2024-12-10,70696,2024-12-10 00:33:30 UTC,,,,2015-10-27,,,,,J1772,US,,,,Public,,public,,,,,,,,,,,,,,,,,,,,,,,,,Mississippi National River and Recreation Area,,,,false,
ELEC,Morrie's Nissan,7875 Brooklyn Blvd,,Brooklyn Park,MN,55445,,,E,,Private,,,,,,,1,,,Non-Networked,,GPS,45.093871,-93.372061,2024-02-12,73470,2024-02-12 15:25:05 UTC,P,,,2013-09-01,,,,,J1772,US,,,,Privé,,private,,,CAR_DEALER,,,,,,,,,,,,,,,,,,,,,,,,,,false,
ELEC,Minneapolis-St. Paul International Airport - Terminal 1 Red Ramp,4300 Glumack Dr,Lindbergh Terminal general parking. Level 8 in Red ramp,St. Paul,MN,55111,,612-726-5555,E,,Public,24 hours daily; pay lot,,,,,,5,,,Non-Networked,,200-9,44.88396,-93.211253,2024-07-11,73473,2024-07-11 19:05:43 UTC,P,,,2013-08-19,,,,,J1772,US,,,,Public,,public,,,AIRPORT,,,,,,,Free,,,,,,,,,,false,,,,,,,,LD,false,
ELEC,Riverplace Municipal Garage,30 2nd St SE,,Minneapolis,MN,55414,,612-379-2438,E,,Public,24 hours daily,,,,,,8,,,Non-Networked,,200-9,44.986556,-93.256958,2023-04-06,73516,2024-01-31 22:07:01 UTC,P,,,2016-01-16,,,,,J1772,US,,,,Public,,public,,,PAY_GARAGE,,,,,,,Free,,,,,,,,,,false,,,,,,,,LD,false,
ELEC,HY VEE LAKEVILLE SOUTH,16150 Pilot Knob Rd,,Lakeville,MN,55044,,888-758-4389,E,,Public,24 hours daily,,,,,,2,,,ChargePoint Network,http://www.chargepoint.com/,GPS,44.714683,-93.174175,2024-12-10,76506,2024-12-10 00:41:07 UTC,,,,2016-06-23,,,,,J1772,US,,,,Public,,public,,,,,,,,,,,,,,,,,,,,,,,,,,,,,false,
ELEC,NSCF NSC LOT G,1750 105th Ave NE,,Blaine,MN,55449,,888-758-4389,E,,Public,Mon 7:00am - 10:00pm; Tue 7:00am - 10:00pm; Wed 7:00am - 10:00pm; Thu 7:00am - 10:00pm; Fri 7:00am - 10:00pm; Sat 7:00am - 10:00pm; Sun 7:00am - 10:00pm,,,,,,2,,,ChargePoint Network,http://www.chargepoint.com/,GPS,45.158266,-93.225787,2024-12-10,76861,2024-12-10 00:41:04 UTC,,,,2016-07-02,,,,,J1772,US,,,,Public,,public,,,,,,,,,,,,,,,,,,,,,,,,,,,,,false,
ELEC,HY VEE BROOKLYN PARK 1,9409 Zane Ave N,,Brooklyn Park,MN,55445,,888-758-4389,E,,Public,24 hours daily,,,,,,2,,,ChargePoint Network,http://www.chargepoint.com/,GPS,45.126087,-93.358431,2024-12-10,77939,2024-12-10 00:41:09 UTC,,,,2016-08-23,,,,,J1772,US,,,,Public,,public,,,,,,,,,,,,,,,,,,,,,,,,,,,,,false,
ELEC,LUTHER WESTSIDE VW_402408,2370 Hwy 100 S,Located near the Dealership's entrance,Saint Louis Park,MN,55416,,888-758-4389,E,,Public,24 hours daily,,,,,,2,,,ChargePoint Network,http://www.chargepoint.com/,GPS,44.960082,-93.34622,2024-12-10,78241,2024-12-10 00:33:18 UTC,,,,2016-09-01,,,,,J1772,US,,,,Public,,public,,,,,,,,,,,,,,,,,,,,,,,,,,,,,false,
ELEC,3M 280 STATION #2,2261 Conway Avenue,280 South Lot - East Side of lot,Maplewood,MN,55144,,888-758-4389,E,,Public,24 hours daily,,,,,,2,,,ChargePoint Network,http://www.chargepoint.com/,GPS,44.957044,-93.003109,2024-12-10,78261,2024-12-10 00:40:22 UTC,,,,2016-09-02,,,,,J1772,US,,,,Public,,public,,,,,,,,,,,,,,,,,,,,,,,,,,,,,false,
ELEC,3M 280 STATION #4,277 Conway Ave,280 South Lot - East Side of lot,Maplewood,MN,55119,,888-758-4389,E,,Public,24 hours daily,,,,,,2,,,ChargePoint Network,http://www.chargepoint.com/,GPS,44.957,-93.003123,2024-12-10,78262,2024-12-10 00:40:22 UTC,,,,2016-09-02,,,,,J1772,US,,,,Public,,public,,,,,,,,,,,,,,,,,,,,,,,,,,,,,false,
ELEC,HY VEE EAGAN SOUTH,1500 Central Park Commons Dr,Located at Hy-Vee under wind turbines,Eagan,MN,55121,,888-758-4389,E,,Public,24 hours daily,,,,,,2,,,ChargePoint Network,http://www.chargepoint.com/,GPS,44.83405,-93.170682,2024-12-10,78843,2024-12-10 00:41:08 UTC,,,,2016-10-04,,,,,J1772,US,,,,Public,,public,,,,,,,,,,,,,,,,,,,,,,,,,,,,,false,
ELEC,DAKOTA COUNTY THOMPSON PARK,1270 Stassen Ln,AVAILABLE DURING COUNTY PARK HOURS,West Saint Paul,MN,55118,,888-758-4389,E,,Public,24 hours daily,,,,,,2,,,ChargePoint Network,http://www.chargepoint.com/,GPS,44.910364,-93.067042,2024-12-10,79985,2024-12-10 00:44:50 UTC,,,,2016-11-29,,,,,J1772,US,,,,Public,,public,,,,,,,,,,,,,,,,,,,,,,,,,,,,,false,
ELEC,DAKOTA COUNTY WHITETAIL WOODS,17100 Station Trail,AVAILABLE DURING COUNTY PARK HOURS,Farmington,MN,55024,,888-758-4389,T,2024-11-28,TEMPORARILY UNAVAILABLE (Public),24 hours daily,,,,,,2,,,ChargePoint Network,http://www.chargepoint.com/,GPS,44.684937,-93.080793,2024-12-10,79986,2024-12-10 00:44:49 UTC,,,,2016-11-29,,,,,J1772,US,,,,TEMPORAIREMENT SUSPENDU (Public),,public,,,,,,,,,,,,,,,,,,,,,,,,,,,,,false,
ELEC,3M 236 STATION #6,240 Avenue K,235/236 Surface Lot,Maplewood,MN,55119,,888-758-4389,E,,Public,24 hours daily,,,,,,2,,,ChargePoint Network,http://www.chargepoint.com/,GPS,44.954303,-92.988009,2024-12-10,80015,2024-12-10 00:45:46 UTC,,,,2016-12-01,,,,,J1772,US,,,,Public,,public,,,,,,,,,,,,,,,,,,,,,,,,,,,,,false,
ELEC,ROSEDALE CENTER STATION 2,10 Rosedale Center,ROSEDALE CENTER,Roseville,MN,55113,,888-758-4389,E,,Public,24 hours daily,,,,,,2,,,ChargePoint Network,http://www.chargepoint.com/,GPS,45.013158,-93.170886,2024-12-10,80115,2024-12-10 00:45:02 UTC,,,,2016-12-09,,,,,J1772,US,,,,Public,,public,,,,,,,,,,,,,,,,,,,,,,,,,,,,,false,
ELEC,3M 220 GUEST 2,11th St,3M Center B220 Surface Lot Guest Parking,Maplewood,MN,55119,,888-758-4389,E,,Public,24 hours daily,,,,,,2,,,ChargePoint Network,http://www.chargepoint.com/,GPS,44.950753,-92.997336,2024-12-10,80821,2024-12-10 00:45:21 UTC,,,,2017-01-10,,,,,J1772,US,,,,Public,,public,,,,,,,,,,,,,,,,,,,,,,,,,,,,,false,
ELEC,3M 278 GUEST PARK,2350 Minnehaha Ave E,3M Center - Innovation Center Guest Parking,Maplewood,MN,55119,,888-758-4389,E,,Public,24 hours daily,,,,,,2,,,ChargePoint Network,http://www.chargepoint.com/,GPS,44.962433,-92.999833,2024-12-10,80822,2024-12-10 00:45:09 UTC,,,,2017-01-10,,,,,J1772,US,,,,Public,,public,,,,,,,,,,,,,,,,,,,,,,,,,,,,,false,
ELEC,UMN 183-EVCHG-1,367-369 E River Pkwy,,Minneapolis,MN,55455,,888-758-4389,E,,Public,24 hours daily,,,,,,2,,,ChargePoint Network,http://www.chargepoint.com/,GPS,44.97145,-93.236027,2024-12-10,81462,2024-12-10 00:44:15 UTC,,,,2017-02-17,,,,,J1772,US,,,,Public,,public,,,,,,,,,,,,,,,,,,,,,,,,,,,,,false,
ELEC,UMN 163-EVCHG-1,80 Church St SE,,Minneapolis,MN,55455,,888-758-4389,E,,Public,24 hours daily,,,,,,2,,,ChargePoint Network,http://www.chargepoint.com/,GPS,44.976321,-93.23395,2024-12-10,81463,2024-12-10 00:44:15 UTC,,,,2017-02-17,,,,,J1772,US,,,,Public,,public,,,,,,,,,,,,,,,,,,,,,,,,,,,,,false,
ELEC,UMN 217-EVCHG-1,300 19th Ave S,,Minneapolis,MN,55454,,888-758-4389,E,,Public,24 hours daily,,,,,,2,,,ChargePoint Network,http://www.chargepoint.com/,GPS,44.970956,-93.246156,2024-12-10,81464,2024-12-10 00:44:14 UTC,,,,2017-02-17,,,,,J1772,US,,,,Public,,public,,,,,,,,,,,,,,,,,,,,,,,,,,,,,false,
ELEC,UMN 170-EVCHG-1,1625 4th St SE,Level 1 Near SW Elevators,Minneapolis,MN,55455,,888-758-4389,E,,Public,24 hours daily,,,,,,2,,,ChargePoint Network,http://www.chargepoint.com/,GPS,44.979238,-93.231843,2024-12-10,81465,2024-12-10 00:44:14 UTC,,,,2017-02-17,,,,,J1772,US,,,,Public,,public,,,,,,,,,,,,,,,,,,,,,,,,,,,,,false,
ELEC,UMN 158-EVCHG-4,511 Washington Ave SE,Inside parking ramp near Harvard Street exit,Minneapolis,MN,55455,,888-758-4389,E,,Public,24 hours daily,,,,,,2,,,ChargePoint Network,http://www.chargepoint.com/,GPS,44.974045,-93.231079,2024-12-10,81466,2024-12-10 00:44:13 UTC,,,,2017-02-17,,,,,J1772,US,,,,Public,,public,,,,,,,,,,,,,,,,,,,,,,,,,,,,,false,
ELEC,CR 2020 188-EVCHG-1,1926 University Ave SE,,Minneapolis,MN,55455,,888-758-4389,E,,Public,24 hours daily,,,,,,2,,,ChargePoint Network,http://www.chargepoint.com/,GPS,44.976277,-93.228946,2024-12-10,81467,2024-12-10 00:44:12 UTC,,,,2017-02-17,,,,,J1772,US,,,,Public,,public,,,,,,,,,,,,,,,,,,,,,,,,,,,,,false,
ELEC,COBORNS ISANTI CORBONS,209 6th Avenue Northeast,,Isanti,MN,55040,,888-758-4389,E,,Public,24 hours daily,,,,,,2,,,ChargePoint Network,http://www.chargepoint.com/,GPS,45.490986,-93.235184,2024-12-10,81499,2024-12-10 00:45:10 UTC,,,,2017-02-22,,,,,J1772,US,,,,Public,,public,,,,,,,,,,,,,,,,,,,,,,,,,,,,,false,
ELEC,2525 WABASH 2525 WABASH,2525 Wabash Ave,,Saint Paul,MN,55114,,888-758-4389,E,,Public,24 hours daily,,,,,,2,,,ChargePoint Network,http://www.chargepoint.com/,GPS,44.962459,-93.205156,2024-12-10,82407,2024-12-10 00:46:18 UTC,,,,2017-04-26,,,,,J1772,US,,,,Public,,public,,,,,,,,,,,,,,,,,,,,,,,,,,,,,false,
ELEC,HY VEE AUSTIN WEST,1385 County Hwy 27,Located in Hy-Vee parking lot,Austin,MN,55912,,888-758-4389,T,2024-11-22,TEMPORARILY UNAVAILABLE (Public),24 hours daily,,,,,,2,,,ChargePoint Network,http://www.chargepoint.com/,GPS,43.683686,-92.991586,2024-12-10,82500,2024-12-10 00:46:45 UTC,,,,2017-05-05,,,,,J1772,US,,,,TEMPORAIREMENT SUSPENDU (Public),,public,,,,,,,,,,,,,,,,,,,,,,,,,,,,,false,
ELEC,HY VEE AUSTIN EAST,1301 18th Ave NW,In Hy-Vee Parking Lot,Austin,MN,55912,,888-758-4389,E,,Public,24 hours daily,,,,,,2,,,ChargePoint Network,http://www.chargepoint.com/,GPS,43.683701,-92.991114,2024-12-10,82501,2024-12-10 00:46:44 UTC,,,,2017-05-05,,,,,J1772,US,,,,Public,,public,,,,,,,,,,,,,,,,,,,,,,,,,,,,,false,
ELEC,Goodwill,1103 County Rd E,,Arden Hills,MN,55112,,651-484-0258,E,,Public,24 hours daily,,,,,,1,,,Non-Networked,,GPS,45.050279,-93.147247,2023-07-11,82590,2024-01-31 22:07:01 UTC,P,,,2017-03-01,,,,,J1772,US,,,,Public,,public,,,SHOPPING_CENTER,,,,,,,Free,,,,,,,,,,false,,,,,,,,LD,false,
ELEC,ORIGINAL GO MDOT STATION 01,1510 County Road B2 W,,Roseville,MN,55113,,888-758-4389,E,,Public,24 hours daily,,,,,,2,,,ChargePoint Network,http://www.chargepoint.com/,GPS,45.01222,-93.164797,2024-12-10,85813,2024-12-10 00:48:01 UTC,,,,2017-07-06,,,,,J1772,US,,,,Public,,public,,,,,,,,,,,,,,,,,,,,,,,,,,,,,false,
ELEC,INDIGO @ BCS INDIGO @ BCS,8001 33rd Ave S,,Bloomington,MN,55425,,888-758-4389,E,,Public,24 hours daily,,,,,,2,,,ChargePoint Network,http://www.chargepoint.com/,GPS,44.858024,-93.224655,2024-12-10,85840,2024-12-10 00:47:15 UTC,,,,2017-07-09,,,,,J1772,US,,,,Public,,public,,,,,,,,,,,,,,,,,,,,,,,,,,,,,false,
ELEC,HY VEE COTTAGE GROVE E,7280 E Point Douglas Rd S,Located in the Hy-Vee parking lot,Cottage Grove,MN,55016,,888-758-4389,E,,Public,24 hours daily,,,,,,2,,,ChargePoint Network,http://www.chargepoint.com/,GPS,44.83077,-92.958853,2024-12-10,86100,2024-12-10 00:46:22 UTC,,,,2017-07-28,,,,,J1772,US,,,,Public,,public,,,,,,,,,,,,,,,,,,,,,,,,,,,,,false,
ELEC,U OF M - MORRIS MORRIS 001,Alumni Dr,,Morris,MN,56267,,888-758-4389,E,,Public,24 hours daily,,,,,,2,,,ChargePoint Network,http://www.chargepoint.com/,GPS,45.592028,-95.899303,2024-12-10,86245,2024-12-10 00:47:14 UTC,,,,2017-08-04,,,,,J1772,US,,,,Public,,public,,,,,,,,,,,,,,,,,,,,,,,,,,,,,false,
ELEC,Elk River Utilities,617 Main St NW,,Elk River,MN,55330,,888-758-4389,E,,Public,24 hours daily,CREDIT Debit,,,,,2,,,Non-Networked,,GPS,45.303389,-93.568336,2024-08-15,86864,2024-08-15 19:57:12 UTC,T,,,2017-06-21,,,,,J1772,US,,,,Public,,public,,,STREET_PARKING,,,,,,,$0.15 per kWh,,,,,,,,,,false,,,,,,,,LD,false,
ELEC,NUPUC1 NUPUC1,127 N German St,SW corner of German and 2nd North Street,New Ulm,MN,56073,,888-758-4389,E,,Public,24 hours daily,,,,,,2,,,ChargePoint Network,http://www.chargepoint.com/,GPS,44.31573,-94.459497,2024-12-10,87923,2024-12-10 00:50:17 UTC,,,,2017-10-06,,,,,J1772,US,,,,Public,,public,,,,,,,,,,,,,,,,,,,,,,,,,,,,,false,
ELEC,HY VEE SHAKOPEE NORTH,1451 Adams St,Located in the Hy-Vee parking lot,Shakopee,MN,55379,,888-758-4389,E,,Public,24 hours daily,,,,,,2,,,ChargePoint Network,http://www.chargepoint.com/,GPS,44.778888,-93.538625,2024-12-10,88354,2024-12-10 00:46:59 UTC,,,,2017-11-07,,,,,J1772,US,,,,Public,,public,,,,,,,,,,,,,,,,,,,,,,,,,,,,,false,
ELEC,MINNESOTA STATE LOT 11A - 2,West Road - Lot 11A,,Mankato,MN,56001,,888-758-4389,E,,Public,24 hours daily,,,,,,2,,,ChargePoint Network,http://www.chargepoint.com/,GPS,44.1467,-94.001695,2024-12-10,88373,2024-12-10 00:48:25 UTC,,,,2017-11-08,,,,,J1772,US,,,,Public,,public,,,,,,,,,,,,,,,,,,,,,,,,,,,,,false,
ELEC,MILL ST RAMP MILL ST RAMP 2,725 Mill St,,Wayzata,MN,55391,,888-758-4389,E,,Public,24 hours daily,,,,,,2,,,ChargePoint Network,http://www.chargepoint.com/,GPS,44.969753,-93.510652,2024-12-10,89938,2024-12-10 00:48:19 UTC,,,,2018-01-03,,,,,J1772,US,,,,Public,,public,,,,,,,,,,,,,,,,,,,,,,,,,,,,,false,
ELEC,Hopkins Parking Ramp,26 10th Ave S,,Hopkins,MN,55343,,952-935-8474,E,,Public,24 hours daily,,,,,,2,,,Non-Networked,,200-9,44.923553,-93.413391,2024-07-11,91698,2024-07-11 19:05:43 UTC,LG,,,2013-01-01,,,,,J1772,US,,,,Public,,public,,,PAY_GARAGE,,,,,,,Free,,,,,,,,,,false,,,,,,,,LD,false,
ELEC,1600 SPRUCETREE SPRUCE TREE2,1600 University Ave W,2nd Level Parking Ramp,Saint Paul,MN,55104,,888-758-4389,E,,Public,24 hours daily,,,,,,1,,,ChargePoint Network,http://www.chargepoint.com/,GPS,44.955329,-93.167577,2024-12-10,92303,2024-12-10 00:51:45 UTC,,,,2018-03-07,,,,,J1772,US,,,,Public,,public,,,,,,,,,,,,,,,,,,,,,,,,,,,,,false,
ELEC,CITY OF OLIVIA OLIVIA EV STOP,804 E Lincoln Ave,Located on the West side of Olivia Liquor,Olivia,MN,56277,,888-758-4389,E,,Public,24 hours daily,,,,,,2,,,ChargePoint Network,http://www.chargepoint.com/,GPS,44.776888,-94.988415,2024-12-10,96694,2024-12-10 00:53:34 UTC,,,,2018-04-19,,,,,J1772,US,,,,Public,,public,,,,,,,,,,,,,,,,,,,,,,,,,,,,,false,
ELEC,ERMU STATIONS STATION 2,13065 Orono Pkwy,,Elk River,MN,55330,,888-758-4389,E,,Public,24 hours daily,,,,,,2,,,ChargePoint Network,http://www.chargepoint.com/,GPS,45.304112,-93.600473,2024-12-10,98569,2024-12-10 00:53:36 UTC,,,,2018-05-26,,,,,J1772,US,,,,Public,,public,,,,,,,,,,,,,,,,,,,,,,,,,,,,,false,
ELEC,LANESBORO BASS POND 01,Co Hwy 21,The site is located in the parking lot by the small pond on mill pond rd,Lanesboro,MN,55949,,888-758-4389,T,2024-11-21,TEMPORARILY UNAVAILABLE (Public),24 hours daily,,,,,,2,,,ChargePoint Network,http://www.chargepoint.com/,GPS,43.720512,-91.979085,2024-12-10,98778,2024-12-10 00:53:53 UTC,,,,2018-06-08,,,,,J1772,US,,,,TEMPORAIREMENT SUSPENDU (Public),,public,,,,,,,,,,,,,,,,,,,,,,,,,,,,,false,
ELEC,University of Minnesota Dual,615 Washington Ave SE,,Minneapolis,MN,55455,,855-900-7584,P,2024-11-14,PLANNED - not yet accessible (Public),24 hours daily,,,,,,,1,,SHELL_RECHARGE,https://www.shell.us/motorist/electric-vehicle-charging.html,GPS,44.973875,-93.230153,2024-12-09,98946,2024-12-09 02:43:25 UTC,,,,2014-12-29,,,,,CHADEMO J1772COMBO,US,,,,PRÉVU - pas encore accessible (Public),,public,,,,,,,,,,,,,,,,,,,,,,,,,,,,,false,
ELEC,PUBLIC STATIONS MPLS PARK & REC,2117 West River Rd N,"Station located on southeast side of lot near picnic table, across parkway from river.",Minneapolis,MN,55411,,888-758-4389,E,,Public,24 hours daily,,,,,,1,,,ChargePoint Network,http://www.chargepoint.com/,GPS,45.000535,-93.277189,2024-12-10,99790,2024-12-10 00:33:31 UTC,,,,2018-07-18,,,,,J1772,US,,,,Public,,public,,,,,,,,,,,,,,,,,,,,,,,,,Mississippi National River and Recreation Area,,,,false,
ELEC,University of Minnesota - Morris,46352 MN-329,,Morris,MN,56267,,888-866-3382,E,,Public,24 hours daily,,,,,,1,1,,Non-Networked,,GPS,45.594972,-95.878988,2023-01-10,100320,2023-02-14 15:54:11 UTC,P,,,2018-04-01,,,,,CHADEMO J1772 J1772COMBO,US,,,,Public,,public,,,COLLEGE_CAMPUS,,,,,,,Free,,,,,,,,,,false,,,,,,,,LD,false,
ELEC,THE LIBERTY STATION 1,2485 Rhode Island Ave N,,Minneapolis,MN,55427,,888-758-4389,T,2022-09-09,TEMPORARILY UNAVAILABLE (Public),24 hours daily,,,,,,2,,,ChargePoint Network,http://www.chargepoint.com/,GPS,45.005577,-93.378769,2024-12-10,100551,2024-12-10 00:53:32 UTC,,,,2018-08-29,,,,,J1772,US,,,,TEMPORAIREMENT SUSPENDU (Public),,public,,,,,,,,,,,,,,,,,,,,,,,,,,,,,false,
ELEC,The Arrowwood Lodge at Brainerd Lake - Tesla Supercharger,6967 Lake Forest Road,,Baxter,MN,56401,,877-798-3752,E,,Public,24 hours daily. Please check Tesla's online station map to see if an adapter is required at this location.,,,,,,,8,,Tesla,https://www.tesla.com/supercharger,200-9,46.378836,-94.256378,2024-07-01,102238,2024-08-14 18:58:22 UTC,P,,,2015-12-01,,,,,TESLA,US,,,,Public,,public,,,,,,,,,,,,,,,,,,,,,,,,,,,,,false,
ELEC,The Holiday Inn - Tesla Supercharger,200 West 1st Street,,Duluth,MN,55802,,877-798-3752,E,,Public,24 hours daily. Please check Tesla's online station map to see if an adapter is required at this location.,,,,,,,4,,Tesla,https://www.tesla.com/supercharger,200-8,46.784467,-92.10232,2024-07-01,102240,2024-08-14 18:58:22 UTC,P,,,2015-02-01,,,,,TESLA,US,,,,Public,,public,,,,,,,,,,,,,,,,,,,,,,,,,,,,,false,
ELEC,Tobies Restaurant - Tesla Supercharger,404 Fire Monument Road,,Hinckley,MN,55037,,877-798-3752,E,,Public,24 hours daily. Please check Tesla's online station map to see if an adapter is required at this location.,,,,,,,8,,Tesla,https://www.tesla.com/supercharger,200-9,46.009797,-92.93137,2024-07-01,102241,2024-08-14 18:58:22 UTC,P,,,2015-10-01,,,,,TESLA,US,,,,Public,,public,,,,,,,,,,,,,,,,,,,,,,,,,,,,,false,
ELEC,Hy-Vee - Tesla Supercharger,7180 10th St N,,Oakdale,MN,55128,,877-798-3752,E,,Public,24 hours daily. Please check Tesla's online station map to see if an adapter is required at this location.,,,,,,,8,,Tesla,https://www.tesla.com/supercharger,200-8,44.964892,-92.961249,2024-07-01,102242,2024-08-14 18:58:22 UTC,P,,,2016-10-01,,,,,TESLA,US,,,,Public,,public,,,,,,,,,,,,,,,,,,,,,,,,,,,,,false,
ELEC,Hy-Vee - Tesla Supercharger,500 Crossroads Dr,,Rochester,MN,55902,,877-798-3752,E,,Public,24 hours daily. Please check Tesla's online station map to see if an adapter is required at this location.,,,,,,,8,,Tesla,https://www.tesla.com/supercharger,200-9,44.006337,-92.470924,2024-07-01,102243,2024-08-14 18:58:22 UTC,P,,,2018-07-23,,,,,TESLA,US,,,,Public,,public,,,,,,,,,,,,,,,,,,,,,,,,,,,,,false,
ELEC,Ground Round Grill & Bar - Tesla Supercharger,1290 Ryans Road,,Worthington,MN,56187,,877-798-3752,E,,Public,24 hours daily. Please check Tesla's online station map to see if an adapter is required at this location.,,,,,,,6,,Tesla,https://www.tesla.com/supercharger,200-8,43.63385,-95.595647,2024-07-01,102245,2024-08-14 18:58:22 UTC,P,,,2013-12-15,,,,,TESLA,US,,,,Public,,public,,,,,,,,,,,,,,,,,,,,,,,,,,,,,false,
ELEC,HY VEE RBNSDALE SOUTH,3505 Bottineau Blvd,Located in the Hy-Vee parking lot,Robbinsdale,MN,55422,,888-758-4389,E,,Public,24 hours daily,,,,,,2,,,ChargePoint Network,http://www.chargepoint.com/,GPS,45.01931,-93.327033,2024-12-10,103023,2024-12-10 00:56:10 UTC,,,,2018-09-19,,,,,J1772,US,,,,Public,,public,,,,,,,,,,,,,,,,,,,,,,,,,,,,,false,
ELEC,GOLDEN VALLEY CITY HALL,720 Winnetka Ave N,,Golden Valley,MN,55427,,888-758-4389,E,,Public,24 hours daily,,,,,,2,,,ChargePoint Network,http://www.chargepoint.com/,GPS,44.986962,-93.379762,2024-12-10,104436,2024-12-10 00:56:45 UTC,,,,2018-10-31,,,,,J1772,US,,,,Public,,public,,,,,,,,,,,,,,,,,,,,,,,,,,,,,false,
ELEC,AC Marriott,5075 Wayzata Blvd,,Golden Valley,MN,55416,,763-545-0000,E,,Public,24 hours daily; guest use only; see valet for access,,,,,,10,,,Non-Networked,,200-9,44.969248,-93.343472,2023-04-06,104984,2024-01-31 22:07:01 UTC,P,,,2018-11-01,,,,,J1772,US,,,,Public,,public,,,HOTEL,,,,,,,Free,,,,,,,,,,true,,,,,,,,LD,false,
ELEC,Red Wing - Public Parking Lot,315 Main St,On the West corner of 3rd and Plum Street behind 315 Main Street,Red Wing,MN,55066,,651-385-3623,E,,Public,24 hours daily,,,,,,1,1,,Non-Networked,,GPS,44.565955,-92.533975,2023-05-03,104986,2024-01-31 22:07:01 UTC,LG,,,2018-11-17,,,,,CHADEMO J1772 J1772COMBO,US,,,,Public,,public,,,PARKING_LOT,,,,,,,Free,,,,,,,,,,false,,,,,,,,LD,false,
ELEC,Noodles and Co,922 Holiday Dr,,Moorhead,MN,56560,,218-512-2040,E,,Public,24 hours daily,,,,,,2,1,,Non-Networked,,GPS,46.849465,-96.76724,2023-04-06,104987,2024-01-31 22:07:01 UTC,P,,,2018-11-24,,,,,CHADEMO J1772 J1772COMBO,US,,,,Public,,public,,,RESTAURANT,,,,,,,,,,,,,,,,,false,,,,,,,,LD,false,
ELEC,Holiday inn Austin Conference Center - Tesla Destination,1701 4th St NW,,Austin,MN,55912,,877-798-3752,E,,Public,,,,,,,6,,,Tesla Destination,https://www.tesla.com/destination-charging,200-9,43.68223,-92.98115,2024-07-01,114498,2024-10-16 16:58:41 UTC,P,,,2018-06-19,,,,,J1772 TESLA,US,,,,Public,,public,,,HOTEL,,,,,,,Free,,,,,,,,,,,,,,,,,,,false,
ELEC,Invictus Brewing Company - Tesla Destination,2025 105th Ave NE,,Blaine,MN,55449,,877-798-3752,E,,Public,,,,,,,6,,,Tesla Destination,https://www.tesla.com/destination-charging,200-9,45.161348,-93.219438,2024-07-01,114500,2024-10-16 16:58:41 UTC,P,,,2018-06-19,,,,,J1772 TESLA,US,,,,Public,,public,,,BREWERY_DISTILLERY_WINERY,,,,,,,Free,,,,,,,,,,,,,,,,,,,false,
ELEC,TownePlace Suites Minneapolis Mall of America - Tesla Destination,2500 Lindau Ln,,Bloomington,MN,55425,,877-798-3752,E,,Public,,,,,,,3,,,Tesla Destination,https://www.tesla.com/destination-charging,200-8,44.857096,-93.236489,2024-07-01,114501,2024-10-16 16:58:41 UTC,P,,,2017-12-06,,,,,J1772 TESLA,US,,,,Public,,public,,,HOTEL,,,,,,,Free,,,,,,,,,,,,,,,,,,,false,
ELEC,"Staybridge Suites Minneapolis-Bloomington, an IHG Hotel - Tesla Destination",5150 American Blvd W,,Bloomington,MN,55437,,877-798-3752,E,,Public,,,,,,,6,,,Tesla Destination,https://www.tesla.com/destination-charging,200-8,44.855752,-93.348927,2024-07-01,114502,2024-10-16 16:58:41 UTC,P,,,2018-07-07,,,,,J1772 TESLA,US,,,,Public,,public,,,HOTEL,,,,,,,Free,,,,,,,,,,,,,,,,,,,false,
ELEC,Hampton Inn Minneapolis Bloomington West - Tesla Destination,5400 American Blvd W,,Bloomington,MN,55437,,877-798-3752,E,,Public,,,,,,,4,,,Tesla Destination,https://www.tesla.com/destination-charging,200-8,44.855327,-93.351803,2024-07-01,114503,2024-10-16 16:58:41 UTC,P,,,2019-06-27,,,,,J1772 TESLA,US,,,,Public,,public,,,HOTEL,,,,,,,Free,,,,,,,,,,,,,,,,,,,false,
ELEC,AC Hotel by Marriott Bloomington Mall of America - Tesla Destination,8100 26th Ave S,,Bloomington,MN,55425,,877-798-3752,E,,Public,,,,,,,4,,,Tesla Destination,https://www.tesla.com/destination-charging,200-9,44.85603,-93.236595,2024-07-01,114504,2024-10-16 16:58:41 UTC,P,,,2018-01-23,,,,,TESLA,US,,,,Public,,public,,,HOTEL,,,,,,,Free,,,,,,,,,,,,,,,,,,,false,
ELEC,Buck Hill Ski Area - Tesla Destination,15400 Buck Hill Rd,,Burnsville,MN,55306,,877-798-3752,E,,Public,,,,,,,6,,,Tesla Destination,https://www.tesla.com/destination-charging,200-9,44.72496,-93.283437,2024-07-01,114505,2024-10-16 16:58:41 UTC,P,,,2018-06-22,,,,,J1772 TESLA,US,,,,Public,,public,,,REC_SPORTS_FACILITY,,,,,,,Free,,,,,,,,,,,,,,,,,,,false,
ELEC,GrandStay Hotel & Suites Cannon Falls - Tesla Destination,32027 Alexander Ct,,Cannon Falls,MN,55009,,877-798-3752,E,,Public,,,,,,,3,,,Tesla Destination,https://www.tesla.com/destination-charging,GPS,44.483338,-92.910632,2024-07-01,114506,2024-10-16 16:58:41 UTC,P,,,2017-12-19,,,,,J1772 TESLA,US,,,,Public,,public,,,HOTEL,,,,,,,Free,,,,,,,,,,,,,,,,,,,false,
ELEC,White Eagle Resort - Tesla Destination,3026 White Eagle Dr,,Cook,MN,55723,,877-798-3752,E,,Public,,,,,,,4,,,Tesla Destination,https://www.tesla.com/destination-charging,200-9,47.939779,-92.66405,2024-07-01,114507,2024-10-16 16:58:41 UTC,P,,,2017-10-11,,,,,TESLA,US,,,,Public,,public,,,HOTEL,,,,,,,Free,,,,,,,,,,,,,,,,,,,false,
ELEC,Ludlow's Island Resort - Tesla Destination,8166 Ludlow Rd,,Cook,MN,55723,,877-798-3752,E,,Public,,,,,,,3,,,Tesla Destination,https://www.tesla.com/destination-charging,200-9,47.898277,-92.555854,2024-07-01,114508,2024-10-16 16:58:41 UTC,P,,,2017-09-18,,,,,TESLA,US,,,,Public,,public,,,HOTEL,,,,,,,Free,,,,,,,,,,,,,,,,,,,false,
ELEC,Hilton Garden Inn Minneapolis Eagan - Tesla Destination,1975 Rahncliff Ct,,Eagan,MN,55122,,877-798-3752,E,,Public,,,,,,,4,,,Tesla Destination,https://www.tesla.com/destination-charging,200-8,44.788633,-93.206451,2024-07-01,114509,2024-10-16 16:58:41 UTC,P,,,2018-07-06,,,,,J1772 TESLA,US,,,,Public,,public,,,HOTEL,,,,,,,Free,,,,,,,,,,,,,,,,,,,false,
ELEC,Staybridge Suites Eagan Arpt South - Mall Area - Tesla Destination,4675 Rahncliff Rd,,Eagan,MN,55122,,877-798-3752,E,,Public,,,,,,,4,,,Tesla Destination,https://www.tesla.com/destination-charging,200-9,44.787819,-93.20867,2024-07-01,114510,2024-10-16 16:58:41 UTC,P,,,2018-06-12,,,,,J1772 TESLA,US,,,,Public,,public,,,HOTEL,,,,,,,Free,,,,,,,,,,,,,,,,,,,false,
ELEC,Edina Galleria - Tesla Destination,3510 Galleria,,Edina,MN,55435,,877-798-3752,E,,Public,,,,,,,6,,,Tesla Destination,https://www.tesla.com/destination-charging,200-9,44.877645,-93.322056,2024-07-01,114511,2024-10-16 16:58:41 UTC,P,,,2017-05-19,,,,,J1772 TESLA,US,,,,Public,,public,,,HOTEL,,,,,,,Free,,,,,,,,,,,,,,,,,,,false,
ELEC,Adventure Inn - Tesla Destination,1145 E Sheridan Street,,Ely,MN,55731,,877-798-3752,E,,Public,,,,,,,2,,,Tesla Destination,https://www.tesla.com/destination-charging,200-9,47.903447,-91.849141,2024-07-01,114512,2024-10-16 16:58:41 UTC,P,,,2014-12-18,,,,,J1772 TESLA,US,,,,Public,,public,,,INN,,,,,,,Free,,,,,,,,,,,,,,,,,,,false,
ELEC,Old Log Theatre with Cast & Cru Restaurant - Tesla Destination,5185 Meadville St,,Excelsior,MN,55331,,877-798-3752,E,,Public,,,,,,,3,,,Tesla Destination,https://www.tesla.com/destination-charging,200-9,44.910286,-93.558302,2024-07-01,114513,2024-10-16 16:58:41 UTC,P,,,2017-01-12,,,,,TESLA,US,,,,Public,,public,,,RESTAURANT,,,,,,,Free,,,,,,,,,,,,,,,,,,,false,
ELEC,Holiday Inn Express Golden Valley - Tesla Destination,6020 Wayzata Blvd,,Golden Valley,MN,55416,,877-798-3752,E,,Public,,,,,,,4,,,Tesla Destination,https://www.tesla.com/destination-charging,200-8,44.971359,-93.356472,2024-07-01,114514,2024-10-16 16:58:41 UTC,P,,,2018-06-19,,,,,J1772 TESLA,US,,,,Public,,public,,,HOTEL,,,,,,,Free,,,,,,,,,,,,,,,,,,,false,
ELEC,Bearskin Lodge - Tesla Destination,124 East Bearskin Road,,Grand Marais,MN,55604,,877-798-3752,E,,Public,,,,,,,2,,,Tesla Destination,https://www.tesla.com/destination-charging,200-9,48.035938,-90.406258,2024-07-01,114515,2024-10-16 16:58:41 UTC,P,,,2015-06-01,,,,,J1772 TESLA,US,,,,Public,,public,,,HOTEL,,,,,,,Free,,,,,,,,,,,,,,,,,,,false,
ELEC,Clay Coyote Gallery & Pottery - Tesla Destination,17614 240th St,,Hutchinson,MN,55350,,877-798-3752,E,,Public,,,,,,,6,,,Tesla Destination,https://www.tesla.com/destination-charging,200-9,44.964373,-94.349992,2024-07-01,114516,2024-10-16 16:58:41 UTC,P,,,2018-06-11,,,,,J1772 TESLA,US,,,,Public,,public,,,SHOPPING_CENTER,,,,,,,Free,,,,,,,,,,,,,,,,,,,false,
ELEC,Holiday Inn Hotel & Suites St. Paul NE - Tesla Destination,8511 Hudson Blvd,,Lake Elmo,MN,55042,,877-798-3752,E,,Public,,,,,,,6,,,Tesla Destination,https://www.tesla.com/destination-charging,200-9,44.951908,-92.93233,2024-07-01,114517,2024-10-16 16:58:41 UTC,P,,,2018-09-05,,,,,J1772 TESLA,US,,,,Public,,public,,,HOTEL,,,,,,,Free,,,,,,,,,,,,,,,,,,,false,
ELEC,Machine Shed Restaurant Lake Elmo - Tesla Destination,8515 Hudson Blvd N,,Lake Elmo,MN,55042,,877-798-3752,E,,Public,,,,,,,4,,,Tesla Destination,https://www.tesla.com/destination-charging,200-9,44.951306,-92.933065,2024-07-01,114518,2024-10-16 16:58:41 UTC,P,,,2018-09-05,,,,,J1772 TESLA,US,,,,Public,,public,,,RESTAURANT,,,,,,,Free,,,,,,,,,,,,,,,,,,,false,
ELEC,AmericInn Hotel & Conference Center - Tesla Destination,240 Stadium Rd,,Mankato,MN,56001,,877-798-3752,E,,Public,,,,,,,3,,,Tesla Destination,https://www.tesla.com/destination-charging,200-9,44.145641,-93.990879,2024-07-01,114519,2024-10-16 16:58:41 UTC,P,,,2017-11-27,,,,,J1772 TESLA,US,,,,Public,,public,,,HOTEL,,,,,,,Free,,,,,,,,,,,,,,,,,,,false,
ELEC,Kato Escape Room - Tesla Destination,619 S Front St,,Mankato,MN,56001,,877-798-3752,E,,Public,,,,,,,1,,,Tesla Destination,https://www.tesla.com/destination-charging,200-9,44.162203,-94.007453,2024-07-01,114520,2024-10-16 16:58:41 UTC,P,,,2018-08-14,,,,,TESLA,US,,,,Public,,public,,,OTHER_ENTERTAINMENT,,,,,,,Free,,,,,,,,,,,,,,,,,,,false,
ELEC,Courtyard By Marriott Hotel & Event Center - Tesla Destination,901 Raintree Rd,,Mankato,MN,56001,,877-798-3752,E,,Public,,,,,,,3,,,Tesla Destination,https://www.tesla.com/destination-charging,200-9,44.174765,-93.957133,2024-07-01,114521,2024-10-16 16:58:41 UTC,P,,,2017-11-27,,,,,J1772 TESLA,US,,,,Public,,public,,,HOTEL,,,,,,,Free,,,,,,,,,,,,,,,,,,,false,
ELEC,Courtyard by Marriott Maple Grove / Arbor Lakes - Tesla Destination,11871 Fountains Wy,,Maple Grove,MN,55369,,877-798-3752,E,,Public,,,,,,,6,,,Tesla Destination,https://www.tesla.com/destination-charging,200-9,45.092325,-93.429771,2024-07-01,114522,2024-10-16 16:58:41 UTC,P,,,2018-09-19,,,,,J1772 TESLA,US,,,,Public,,public,,,HOTEL,,,,,,,Free,,,,,,,,,,,,,,,,,,,false,
ELEC,Hampton Inn Minneapolis NW Maple Grove - Tesla Destination,7745 Elm Creek Blvd N,,Maple Grove,MN,55369,,877-798-3752,E,,Public,,,,,,,4,,,Tesla Destination,https://www.tesla.com/destination-charging,200-8,45.09426,-93.44621,2024-07-01,114523,2024-10-16 16:58:41 UTC,P,,,2018-08-20,,,,,J1772 TESLA,US,,,,Public,,public,,,HOTEL,,,,,,,Free,,,,,,,,,,,,,,,,,,,false,
ELEC,Sleep Inn & Suites Marshall - Tesla Destination,1300 Nwakama St,,Marshall,MN,56258,,877-798-3752,E,,Public,,,,,,,3,,,Tesla Destination,https://www.tesla.com/destination-charging,200-8,44.4412,-95.783063,2024-07-01,114524,2024-10-16 16:58:41 UTC,P,,,2018-08-28,,,,,TESLA,US,,,,Public,,public,,,INN,,,,,,,Free,,,,,,,,,,,,,,,,,,,false,
ELEC,Hyatt Regency Minneapolis - Tesla Destination,1300 Nicollet Mall,,Minneapolis,MN,55403,,877-798-3752,E,,Public,,,,,,,2,,,Tesla Destination,https://www.tesla.com/destination-charging,200-9,44.970602,-93.278264,2024-07-01,114525,2024-10-16 16:58:41 UTC,P,,,2015-09-25,,,,,TESLA,US,,,,Public,,public,,,HOTEL,,,,,,,Free,,,,,,,,,,,,,,,,,,,false,
ELEC,Crowne Plaza Minneapolis Northstar Downtown - Tesla Destination,618 2nd Ave S,,Minneapolis,MN,55402,,877-798-3752,E,,Public,,,,,,,1,,,Tesla Destination,https://www.tesla.com/destination-charging,200-9,44.976151,-93.269278,2024-07-01,114527,2024-10-16 16:58:41 UTC,P,,,2014-06-06,,,,,TESLA,US,,,,Public,,public,,,HOTEL,,,,,,,Free,,,,,,,,,,,,,,,,,,,false,
ELEC,Hampton Inn & Suites Minneapolis West/ Minnetonka - Tesla Destination,10600 Wayzata Blvd,,Minnetonka,MN,55305,,877-798-3752,E,,Public,,,,,,,4,,,Tesla Destination,https://www.tesla.com/destination-charging,200-9,44.973207,-93.414931,2024-07-01,114528,2024-10-16 16:58:41 UTC,P,,,2018-08-02,,,,,J1772 TESLA,US,,,,Public,,public,,,HOTEL,,,,,,,Free,,,,,,,,,,,,,,,,,,,false,
ELEC,GrandStay Hotel & Suites Montevideo - Tesla Destination,1805 E Hwy 7,,Montevideo,MN,56265,,877-798-3752,E,,Public,,,,,,,3,,,Tesla Destination,https://www.tesla.com/destination-charging,200-8,44.951355,-95.704417,2024-07-01,114529,2024-10-16 16:58:41 UTC,P,,,2018-03-12,,,,,J1772 TESLA,US,,,,Public,,public,,,HOTEL,,,,,,,Free,,,,,,,,,,,,,,,,,,,false,
ELEC,Dacotah Ridge Golf Club - Tesla Destination,31042 County Rd 2,,Morton,MN,56270,,877-798-3752,E,,Public,,,,,,,2,,,Tesla Destination,https://www.tesla.com/destination-charging,200-8,44.501035,-94.931049,2024-07-01,114530,2024-10-16 16:58:41 UTC,P,,,2018-01-22,,,,,TESLA,US,,,,Public,,public,,,REC_SPORTS_FACILITY,,,,,,,Free,,,,,,,,,,,,,,,,,,,false,
ELEC,Jackpot Junction Casino - Tesla Destination,39375 County Rd 24,,Morton,MN,56270,,877-798-3752,E,,Public,,,,,,,6,,,Tesla Destination,https://www.tesla.com/destination-charging,GPS,44.53053,-94.998086,2024-07-01,114531,2024-10-16 16:58:41 UTC,P,,,2017-11-20,,,,,J1772 TESLA,US,,,,Public,,public,,,OTHER_ENTERTAINMENT,,,,,,,Free,,,,,,,,,,,,,,,,,,,false,
ELEC,Homewood Suites by Hilton Minneapolis-New Brighton - Tesla Destination,1815 Old Hwy 8 NW,,New Brighton,MN,55415,,877-798-3752,E,,Public,,,,,,,4,,,Tesla Destination,https://www.tesla.com/destination-charging,200-9,45.078577,-93.187271,2024-07-01,114532,2024-10-16 16:58:41 UTC,P,,,2018-08-02,,,,,J1772 TESLA,US,,,,Public,,public,,,HOTEL,,,,,,,Free,,,,,,,,,,,,,,,,,,,false,
ELEC,Parkview Medical Clinic - Tesla Destination,1400 1st St NE,,New Prague,MN,56071,,877-798-3752,E,,Public,,,,,,,4,,,Tesla Destination,https://www.tesla.com/destination-charging,200-9,44.544042,-93.558248,2024-07-01,114533,2024-10-16 16:58:41 UTC,P,,,2017-12-05,,,,,TESLA,US,,,,Public,,public,,,HOSPITAL,,,,,,,Free,,,,,,,,,,,,,,,,,,,false,
ELEC,Owatonna Public Utilities - Tesla Destination,128 Vine St W,,Owatonna,MN,55060,,877-798-3752,E,,Public,,,,,,,2,,,Tesla Destination,https://www.tesla.com/destination-charging,200-9,44.086181,-93.227351,2024-07-01,114534,2024-10-16 16:58:41 UTC,P,,,2017-12-29,,,,,TESLA,US,,,,Public,,public,,,UTILITY,,,,,,,Free,,,,,,,,,,,,,,,,,,,false,
ELEC,Holiday Inn & Suites Owatonna - Tesla Destination,2365 43rd St NW,,Owatonna,MN,55060,,877-798-3752,E,,Public,,,,,,,3,,,Tesla Destination,https://www.tesla.com/destination-charging,200-8,44.136626,-93.254645,2024-07-01,114535,2024-10-16 16:58:41 UTC,P,,,2015-02-06,,,,,J1772 TESLA,US,,,,Public,,public,,,HOTEL,,,,,,,Free,,,,,,,,,,,,,,,,,,,false,
ELEC,St. James Hotel - Tesla Destination,406 Main St,,Red Wing,MN,55066,,877-798-3752,E,,Public,,,,,,,2,,,Tesla Destination,https://www.tesla.com/destination-charging,200-9,44.565877,-92.535965,2024-07-01,114536,2024-10-16 16:58:41 UTC,P,,,2018-03-21,,,,,TESLA,US,,,,Public,,public,,,HOTEL,,,,,,,Free,,,,,,,,,,,,,,,,,,,false,
ELEC,TownePlace Suites by Marriott Rochester - Tesla Destination,2829 43rd St NW,,Rochester,MN,55901,,877-798-3752,E,,Public,,,,,,,4,,,Tesla Destination,https://www.tesla.com/destination-charging,200-9,44.068469,-92.506496,2024-07-01,114537,2024-10-16 16:58:41 UTC,P,,,2018-05-18,,,,,TESLA,US,,,,Public,,public,,,HOTEL,,,,,,,Free,,,,,,,,,,,,,,,,,,,false,
ELEC,La Quinta Inn & Suites Rochester - Tesla Destination,4353 Canal Pl SE,,Rochester,MN,55904,,877-798-3752,E,,Public,,,,,,,2,,,Tesla Destination,https://www.tesla.com/destination-charging,200-9,43.960275,-92.462611,2024-07-01,114538,2024-10-16 16:58:41 UTC,P,,,2016-08-23,,,,,J1772 TESLA,US,,,,Public,,public,,,HOTEL,,,,,,,Free,,,,,,,,,,,,,,,,,,,false,
ELEC,Home2 Suites by Hilton Roseville Minneapolis - Tesla Destination,2020 Iona Lane W,,Roseville,MN,55113,,877-798-3752,E,,Public,,,,,,,6,,,Tesla Destination,https://www.tesla.com/destination-charging,200-8,45.023612,-93.185827,2024-07-01,114539,2024-10-16 16:58:41 UTC,P,,,2018-08-01,,,,,J1772 TESLA,US,,,,Public,,public,,,HOTEL,,,,,,,Free,,,,,,,,,,,,,,,,,,,false,
ELEC,Holiday Inn Express Roseville-St. Paul - Tesla Destination,2715 Long Lake Rd,,Roseville,MN,55113,,877-798-3752,E,,Public,,,,,,,4,,,Tesla Destination,https://www.tesla.com/destination-charging,200-8,45.022644,-93.193257,2024-07-01,114540,2024-10-16 16:58:41 UTC,P,,,2018-08-02,,,,,J1772 TESLA,US,,,,Public,,public,,,HOTEL,,,,,,,Free,,,,,,,,,,,,,,,,,,,false,
ELEC,Holiday Inn Express & Suites Minneapolis SW - Shakop - Tesla Destination,4550 12th Ave E,,Shakopee,MN,55379,,877-798-3752,E,,Public,,,,,,,4,,,Tesla Destination,https://www.tesla.com/destination-charging,200-9,44.784313,-93.461923,2024-07-01,114541,2024-10-16 16:58:41 UTC,P,,,2017-12-11,,,,,TESLA,US,,,,Public,,public,,,HOTEL,,,,,,,Free,,,,,,,,,,,,,,,,,,,false,
ELEC,Grandstay New London - Tesla Destination,15980 Hwy 23 NE,,Spicer,MN,56288,,877-798-3752,E,,Public,,,,,,,4,,,Tesla Destination,https://www.tesla.com/destination-charging,GPS,45.21202,-94.95565,2024-07-01,114542,2024-10-16 16:58:41 UTC,P,,,2018-08-16,,,,,TESLA,US,,,,Public,,public,,,HOTEL,,,,,,,Free,,,,,,,,,,,,,,,,,,,false,
ELEC,AC Hotel by Marriott Minneapolis West End - Tesla Destination,5075  Wayzata Blvd,,St Louis Park,MN,55416,,877-798-3752,E,,Public,,,,,,,18,,,Tesla Destination,https://www.tesla.com/destination-charging,200-9,44.96936,-93.3442,2024-07-01,114543,2024-10-16 16:58:41 UTC,P,,,2018-04-12,,,,,J1772 TESLA,US,,,,Public,,public,,,HOTEL,,,,,,,Free,,,,,,,,,,,,,,,,,,,false,
ELEC,Hampton Inn & Suites Downtown St. Paul - Tesla Destination,200 W 7th St,,St. Paul,MN,55102,,877-798-3752,E,,Public,,,,,,,3,,,Tesla Destination,https://www.tesla.com/destination-charging,200-9,44.943732,-93.103125,2024-07-01,114544,2024-10-16 16:58:41 UTC,P,,,2017-05-16,,,,,TESLA,US,,,,Public,,public,,,HOTEL,,,,,,,Free,,,,,,,,,,,,,,,,,,,false,
ELEC,Timberlake Hotel - Tesla Destination,1212 2nd Ave NE,,Staples,MN,56479,,877-798-3752,E,,Public,,,,,,,2,,,Tesla Destination,https://www.tesla.com/destination-charging,200-8,46.355184,-94.782643,2024-07-01,114545,2024-10-16 16:58:41 UTC,P,,,2017-08-22,,,,,TESLA,US,,,,Public,,public,,,HOTEL,,,,,,,Free,,,,,,,,,,,,,,,,,,,false,
ELEC,Wild Mountain Ski & Snow Board Area - Tesla Destination,37200 Wild Mountain Rd,,Taylors Falls,MN,55084,,877-798-3752,E,,Public,,,,,,,2,,,Tesla Destination,https://www.tesla.com/destination-charging,200-9,45.488811,-92.705093,2024-07-01,114546,2024-10-16 16:58:41 UTC,P,,,2017-01-17,,,,,TESLA,US,,,,Public,,public,,,REC_SPORTS_FACILITY,,,,,,,Free,,,,,,,,,,,,,,,,,,,false,
ELEC,Lutsen Resort - Tesla Destination,5700 W Hwy61,,Tofte,MN,55615,,877-798-3752,E,,Public,,,,,,,4,,,Tesla Destination,https://www.tesla.com/destination-charging,200-8,47.636469,-90.70809,2024-07-01,114547,2024-10-16 16:58:41 UTC,P,,,2015-10-28,,,,,J1772 TESLA,US,,,,Public,,public,,,HOTEL,,,,,,,Free,,,,,,,,,,,,,,,,,,,false,
ELEC,Grand Superior Lodge - Tesla Destination,2826 Hwy 61,,Two Harbors,MN,55616,,877-798-3752,E,,Public,,,,,,,2,,,Tesla Destination,https://www.tesla.com/destination-charging,200-9,47.120092,-91.503289,2024-07-01,114548,2024-10-16 16:58:41 UTC,P,,,2015-06-24,,,,,J1772 TESLA,US,,,,Public,,public,,,HOTEL,,,,,,,Free,,,,,,,,,,,,,,,,,,,false,
ELEC,Larsmont Cottages - Tesla Destination,596 Larsmont Wy,,Two Harbors,MN,55616,,877-798-3752,E,,Public,,,,,,,3,,,Tesla Destination,https://www.tesla.com/destination-charging,200-9,46.971706,-91.753125,2024-07-01,114549,2024-10-16 16:58:41 UTC,P,,,2016-02-01,,,,,J1772 TESLA,US,,,,Public,,public,,,HOTEL,,,,,,,Free,,,,,,,,,,,,,,,,,,,false,
ELEC,La Quinta Inn & Suites Woodbury - Tesla Destination,700 Bielenberg Dr,,Woodbury,MN,55125,,877-798-3752,E,,Public,,,,,,,2,,,Tesla Destination,https://www.tesla.com/destination-charging,200-9,44.93878,-92.955088,2024-07-01,114550,2024-10-16 16:58:41 UTC,P,,,2016-11-15,,,,,J1772 TESLA,US,,,,Public,,public,,,HOTEL,,,,,,,Free,,,,,,,,,,,,,,,,,,,false,
ELEC,VIRGINIA PU VETS MEMORIAL 2,202 N 3rd Ave W,,Virginia,MN,55792,,888-758-4389,E,,Public,24 hours daily,,,,,,1,,,ChargePoint Network,http://www.chargepoint.com/,GPS,47.524884,-92.535819,2024-12-10,117022,2024-12-10 00:58:34 UTC,,,,2019-01-16,,,,,J1772,US,,,,Public,,public,,,,,,,,,,,,,,,,,,,,,,,,,,,,,false,
ELEC,HENNEPIN COUNTY CENTRAL LIBRARY,300 Nicollet Mall,"Minneapolis Central Library parking garage, located across from the elevator lobby on Level P1.",Minneapolis,MN,55401,,888-758-4389,E,,Public,24 hours daily,,,,,,2,,,ChargePoint Network,http://www.chargepoint.com/,GPS,44.980257,-93.270034,2024-12-10,117296,2024-12-10 00:58:44 UTC,,,,2019-01-24,,,,,J1772,US,,,,Public,,public,,,,,,,,,,,,,,,,,,,,,,,,,,,,,false,
ELEC,7700 RAMP 7700 FRANCE AVE,4000 Minnesota Dr,1st Level Parking Structure South West Corner,Edina,MN,55435,,888-758-4389,E,,Public,24 hours daily,,,,,,2,,,ChargePoint Network,http://www.chargepoint.com/,GPS,44.8626,-93.331969,2024-12-10,117758,2024-12-10 00:58:39 UTC,,,,2019-02-08,,,,,J1772,US,,,,Public,,public,,,,,,,,,,,,,,,,,,,,,,,,,,,,,false,
ELEC,Paul Bunyan Park,300 Bemidji Ave,,Bemidji,MN,56601,,218-759-3560,E,,Public,24 hours daily,,,,,,1,,,Non-Networked,,200-9,47.471643,-94.878889,2023-05-03,118698,2024-01-31 22:07:01 UTC,SG,,,2016-07-01,,,,,J1772,US,,,,Public,,public,,,PARK,,,,,,,Free,,,,,,,,,,false,,,,,,,,LD,false,
ELEC,Minnesota Department of Natural Resources,1200 Warner Rd,,St. Paul,MN,55106,,,E,,Private,,,,,,,2,,,Non-Networked,,GPS,44.94386246667867,-93.05007910583498,2023-05-03,118719,2024-01-31 22:07:01 UTC,SG,,,2019-02-01,,,,,J1772,US,,,,Privé,,private,,,STATE_GOV,,,,,,,,,,,,,,,,,,,,,,,,,LD,false,
ELEC,Eden Prairie City Center,8080 Mitchell Rd,,Eden Prairie,MN,55344,,952-949-8300,E,,Public,24 hours daily,,,,,,2,,,Non-Networked,,200-9,44.856491,-93.46274,2023-04-06,118905,2024-01-31 22:07:01 UTC,P,,,2014-01-01,,,,,J1772,US,,,,Public,,public,,,MUNI_GOV,,,,,,,Free,,,,,,,,,,false,,,,,,,,LD,false,
ELEC,Minnesota Department of Natural Resources - Fleet Parking,500 Lafayette Rd N,Located in Fleet Parking lot in rear of building,St. Paul,MN,55155,,,E,,Private,,,,,,,6,,,Non-Networked,,GPS,44.955829,-93.082473,2023-05-03,118928,2024-01-31 22:07:01 UTC,SG,,,2018-06-01,,,,,J1772,US,,,,Privé,,private,,,FLEET_GARAGE,,,,,,,,,,,,,,,,,,,,,,,,,LD,false,
ELEC,CR 2020 141-EVCHG-1,401 oak St SE,To the right of the south exits to Essex St.,Minneapolis,MN,55414,,888-758-4389,E,,Public,24 hours daily,,,,,,2,,,ChargePoint Network,http://www.chargepoint.com/,GPS,44.971602,-93.226369,2024-12-10,121697,2024-12-10 01:00:29 UTC,,,,2019-04-26,,,,,J1772,US,,,,Public,,public,,,,,,,,,,,,,,,,,,,,,,,,,,,,,false,
ELEC,Kum & Go - Tesla Supercharger,600 MN-4,,Sherburn,MN,56171,,877-798-3752,E,,Public,24 hours daily. Please check Tesla's online station map to see if an adapter is required at this location.,,,,,,,8,,Tesla,https://www.tesla.com/supercharger,200-9,43.661514,-94.732824,2024-07-01,122283,2024-08-14 18:58:22 UTC,P,,,2019-03-01,,,,,TESLA,US,,,,Public,,public,,,,,,,,,,,,,,,,,,,,,,,,,,,,,false,
ELEC,The Clearwater Travel Plaza - Tesla Supercharger,950 MN-24,,Clearwater,MN,55320,,877-798-3752,E,,Public,24 hours daily. Please check Tesla's online station map to see if an adapter is required at this location.,,,,,,,8,,Tesla,https://www.tesla.com/supercharger,200-9,45.411899,-94.054852,2024-07-01,122328,2024-08-14 18:58:22 UTC,P,,,2019-03-01,,,,,TESLA,US,,,,Public,,public,,,,,,,,,,,,,,,,,,,,,,,,,,,,,false,
ELEC,RISE by Elevation - Tesla Destination,2200 Freeway Blvd,,Minneapolis,MN,55430,,877-798-3752,E,,Public,,,,,,,4,,,Tesla Destination,https://www.tesla.com/destination-charging,200-9,45.074457,-93.309125,2024-07-01,122451,2024-10-16 16:58:41 UTC,P,,,2019-02-07,,,,,TESLA,US,,,,Public,,public,,,,,,,,,,Free,,,,,,,,,,,,,,,,,,,false,
ELEC,UMN 170-EVCHG-2,1625 4th St SE,Level 1 Near SE elevator,Minneapolis,MN,55414,,888-758-4389,E,,Public,24 hours daily,,,,,,2,,,ChargePoint Network,http://www.chargepoint.com/,GPS,44.979288,-93.232046,2024-12-10,122733,2024-12-10 01:00:39 UTC,,,,2019-05-14,,,,,J1772,US,,,,Public,,public,,,,,,,,,,,,,,,,,,,,,,,,,,,,,false,
ELEC,CITY OF ST PAUL RIVER CENTRE 4,150 W Kellogg Blvd,,Saint Paul,MN,55102,,888-758-4389,E,,Public,24 hours daily,,,,,,2,,,ChargePoint Network,http://www.chargepoint.com/,GPS,44.943179,-93.10036,2024-12-10,123021,2024-12-10 01:02:30 UTC,,,,2019-05-24,,,,,J1772,US,,,,Public,,public,,,,,,,,,,,,,,,,,,,,,,,,,,,,,false,
ELEC,CSG EV BURNSVILLE 3697,12600 Nicollet Ave,,Burnsville,MN,55337,,888-758-4389,E,,Public,24 hours daily,,,,,,2,,,ChargePoint Network,http://www.chargepoint.com/,GPS,44.77419,-93.279146,2024-12-10,123587,2024-12-10 01:01:37 UTC,,,,2019-06-07,,,,,J1772,US,,,,Public,,public,,,,,,,,,,,,,,,,,,,,,,,,,,,,,false,
ELEC,PRB HIGH SCHOOL PINERIVERBACKUS,401 Murray Ave,Near high school entrance,Pine River,MN,56474,,888-758-4389,E,,Public,24 hours daily,,,,,,2,,,ChargePoint Network,http://www.chargepoint.com/,GPS,46.727532,-94.408763,2024-12-10,123589,2024-12-10 01:01:31 UTC,,,,2019-06-07,,,,,J1772,US,,,,Public,,public,,,,,,,,,,,,,,,,,,,,,,,,,,,,,false,
ELEC,CSG EV CSG EV 5930,12401 Nicollet Ave,,Burnsville,MN,55337,,888-758-4389,E,,Public,24 hours daily,,,,,,1,,,ChargePoint Network,http://www.chargepoint.com/,GPS,44.774749,-93.277263,2024-12-10,123591,2024-12-10 01:01:09 UTC,,,,2019-06-07,,,,,J1772,US,,,,Public,,public,,,,,,,,,,,,,,,,,,,,,,,,,,,,,false,
ELEC,CSG EV BURNSVILLE 3686,12600 Nicollet Ave,,Burnsville,MN,55337,,888-758-4389,E,,Public,24 hours daily,,,,,,2,,,ChargePoint Network,http://www.chargepoint.com/,GPS,44.774388,-93.279211,2024-12-10,123618,2024-12-10 01:01:36 UTC,,,,2019-06-08,,,,,J1772,US,,,,Public,,public,,,,,,,,,,,,,,,,,,,,,,,,,,,,,false,
ELEC,PLHSCHARGING PEQUOT LAKES HS,30805 Olson St,East side of building near main entrance and door #1,Pequot Lakes,MN,56472,,888-758-4389,E,,Public,24 hours daily,,,,,,2,,,ChargePoint Network,http://www.chargepoint.com/,GPS,46.600418,-94.315765,2024-12-10,123667,2024-12-10 01:01:48 UTC,,,,2019-06-12,,,,,J1772,US,,,,Public,,public,,,,,,,,,,,,,,,,,,,,,,,,,,,,,false,
ELEC,Lunds & Byerlys,115 10th St E,"Located in the store's parking ramp, accessible via Robert Street",St. Paul,MN,55101,,651-999-1600,E,,Public,7am-12am daily,,,,,,2,,,Non-Networked,,200-8,44.951181,-93.095392,2023-04-06,131663,2024-01-31 22:07:01 UTC,P,,,2019-07-01,,,,,J1772,US,,,,Public,,public,,,GROCERY,,,,,,,,,,,,,,,,,false,,,,,,,,LD,false,
ELEC,CITY OF NFLD STATION 1,450 Water St S,Municipal parking area. On street parking at corner of 5th and Water Street 2 southern most stalls.,Northfield,MN,55057,,888-758-4389,E,,Public,24 hours daily,,,,,,2,,,ChargePoint Network,http://www.chargepoint.com/,GPS,44.45552,-93.161865,2024-12-10,143227,2024-12-10 01:03:08 UTC,,,,2019-08-15,,,,,J1772,US,,,,Public,,public,,,,,,,,,,,,,,,,,,,,,,,,,,,,,false,
ELEC,DAKOTA COUNTY HERITAGE,20085 Heritage Dr,,Lakeville,MN,55044,,888-758-4389,E,,Public,24 hours daily,,,,,,2,,,ChargePoint Network,http://www.chargepoint.com/,GPS,44.657741,-93.24496,2024-12-10,143299,2024-12-10 01:02:52 UTC,,,,2019-08-15,,,,,J1772,US,,,,Public,,public,,,,,,,,,,,,,,,,,,,,,,,,,,,,,false,
ELEC,3M 229 NORTHLOT #5,259 12th St,,Maplewood,MN,55119,,888-758-4389,T,2024-05-04,TEMPORARILY UNAVAILABLE (Public),24 hours daily,,,,,,2,,,ChargePoint Network,http://www.chargepoint.com/,GPS,44.952639,-92.997122,2024-12-10,143323,2024-12-10 01:02:43 UTC,,,,2019-08-15,,,,,J1772,US,,,,TEMPORAIREMENT SUSPENDU (Public),,public,,,,,,,,,,,,,,,,,,,,,,,,,,,,,false,
ELEC,3M 229 NORTHLOT #2,286 12th St,,Maplewood,MN,55119,,888-758-4389,T,2024-05-04,TEMPORARILY UNAVAILABLE (Public),24 hours daily,,,,,,2,,,ChargePoint Network,http://www.chargepoint.com/,GPS,44.95283,-92.997113,2024-12-10,143324,2024-12-10 01:02:43 UTC,,,,2019-08-15,,,,,J1772,US,,,,TEMPORAIREMENT SUSPENDU (Public),,public,,,,,,,,,,,,,,,,,,,,,,,,,,,,,false,
ELEC,3M 229 NORTHLOT #1,288 12th St,,Maplewood,MN,55119,,888-758-4389,T,2024-05-04,TEMPORARILY UNAVAILABLE (Public),24 hours daily,,,,,,2,,,ChargePoint Network,http://www.chargepoint.com/,GPS,44.952891,-92.997102,2024-12-10,143325,2024-12-10 01:02:43 UTC,,,,2019-08-15,,,,,J1772,US,,,,TEMPORAIREMENT SUSPENDU (Public),,public,,,,,,,,,,,,,,,,,,,,,,,,,,,,,false,
ELEC,CITY OF ST PAUL SUN RAY #2,2109 Wilson Ave,,Saint Paul,MN,55119,,888-758-4389,E,,Public,24 hours daily,,,,,,1,,,ChargePoint Network,http://www.chargepoint.com/,GPS,44.953941,-93.010868,2024-12-10,143356,2024-12-10 01:02:37 UTC,,,,2019-08-15,,,,,J1772,US,,,,Public,,public,,,,,,,,,,,,,,,,,,,,,,,,,,,,,false,
ELEC,CITY OF ST PAUL SUN RAY #1,2100 Wilson Ave,,Saint Paul,MN,55119,,888-758-4389,E,,Public,24 hours daily,,,,,,1,,,ChargePoint Network,http://www.chargepoint.com/,GPS,44.953971,-93.011393,2024-12-10,143359,2024-12-10 01:02:37 UTC,,,,2019-08-15,,,,,J1772,US,,,,Public,,public,,,,,,,,,,,,,,,,,,,,,,,,,,,,,false,
ELEC,DAKOTA COUNTY PLEASANT HILL,1490 S Frontage Rd,,Hastings,MN,55033,,888-758-4389,E,,Public,24 hours daily,,,,,,2,,,ChargePoint Network,http://www.chargepoint.com/,GPS,44.737556,-92.884895,2024-12-10,143432,2024-12-10 01:02:14 UTC,,,,2019-08-15,,,,,J1772,US,,,,Public,,public,,,,,,,,,,,,,,,,,,,,,,,,,,,,,false,
ELEC,CONFLUENCE EV STATION 1,119 2nd St W,Near West Entrance - Lower/Main Level,Hastings,MN,55033,,888-758-4389,E,,Public,24 hours daily,,,,,,2,,,ChargePoint Network,http://www.chargepoint.com/,GPS,44.744042,-92.853707,2024-12-10,144034,2024-12-10 01:04:18 UTC,,,,2019-08-24,,,,,J1772,US,,,,Public,,public,,,,,,,,,,,,,,,,,,,,,,,,,,,,,false,
ELEC,UMN DULUTH DARLAND,223 W College St,,Duluth,MN,55812,,888-758-4389,E,,Public,Mon 6:00am - 5:00pm; Tue 6:00am - 5:00pm; Wed 6:00am - 5:00pm; Thu 6:00am - 5:00pm; Fri 6:00am - 5:00pm; Sat 6:00am - 5:00pm; Sun 6:00am - 5:00pm,,,,,,2,,,ChargePoint Network,http://www.chargepoint.com/,GPS,46.816209,-92.083907,2024-12-10,144035,2024-12-10 01:04:17 UTC,,,,2019-08-24,,,,,J1772,US,,,,Public,,public,,,,,,,,,,,,,,,,,,,,,,,,,,,,,false,
ELEC,MOOSE LAKE LEVEL 3,201 Arrowhead Ln,,Moose Lake,MN,55767,,888-758-4389,E,,Public,24 hours daily,,,,,,,1,,ChargePoint Network,http://www.chargepoint.com/,GPS,46.452592,-92.763636,2024-12-10,144220,2024-12-10 01:04:32 UTC,,,,2019-08-30,,,,,CHADEMO J1772COMBO,US,,,,Public,,public,,,,,,,,,,,,,,,,,,,,,,,,,,,,,false,
ELEC,BLOOMINGTON CIVIC PLAZA,1800 Old Shakopee Rd,,Bloomington,MN,55431,,888-758-4389,E,,Public,24 hours daily,,,,,,2,,,ChargePoint Network,http://www.chargepoint.com/,GPS,44.825958,-93.303514,2024-12-10,145112,2024-12-10 01:03:51 UTC,,,,2019-09-11,,,,,J1772,US,,,,Public,,public,,,,,,,,,,,,,,,,,,,,,,,,,,,,,false,
ELEC,LUNDS FOODS EV1,1201 Hennepin Ave,,Minneapolis,MN,55403,,888-758-4389,E,,Public,Mon 6:00am - 10:00pm; Tue 6:00am - 10:00pm; Wed 6:00am - 10:00pm; Thu 6:00am - 10:00pm; Fri 6:00am - 10:00pm; Sat 6:00am - 10:00pm; Sun 6:00am - 10:00pm,,,,,,2,,,ChargePoint Network,http://www.chargepoint.com/,GPS,44.97418,-93.280732,2024-12-10,145388,2024-12-10 01:05:02 UTC,,,,2019-09-20,,,,,J1772,US,,,,Public,,public,,,,,,,,,,,,,,,,,,,,,,,,,,,,,false,
ELEC,"Walmart 2643 - Woodbury, MN",10240 Hudson Rd.,,Woodbury,MN,55129,,833-632-2778,E,,Public,24 hours daily,,,,,,,8,,Electrify America,https://www.electrifyamerica.com/,GPS,44.94571,-92.89834,2024-12-09,145683,2024-12-09 02:55:22 UTC,,,,2019-10-01,,,,,CHADEMO J1772COMBO,US,,,,Public,,public,,,,,,,,,,,,,,,,,,,,,,,,,,,,,false,
ELEC,HY VEE MAPLE GROVE A,18755 70th Way N,Near Main Entrance,Maple Grove,MN,55311,,888-758-4389,E,,Public,24 hours daily,,,,,,2,,,ChargePoint Network,http://www.chargepoint.com/,GPS,45.082744,-93.517362,2024-12-10,146600,2024-12-10 01:05:28 UTC,,,,2019-10-04,,,,,J1772,US,,,,Public,,public,,,,,,,,,,,,,,,,,,,,,,,,,,,,,false,
ELEC,SVE LIGHTNING PIPESTONE,1102 7th St SE,,Pipestone,MN,56164,,888-758-4389,E,,Public,24 hours daily,,,,,,2,,,ChargePoint Network,http://www.chargepoint.com/,GPS,43.993828,-96.30192,2024-12-10,146789,2024-12-10 01:05:51 UTC,,,,2019-10-11,,,,,J1772,US,,,,Public,,public,,,,,,,,,,,,,,,,,,,,,,,,,,,,,false,
ELEC,CUB FOODS MINNEHAHA,3939 E 46th St,,Minneapolis,MN,55406,,888-758-4389,E,,Public,24 hours daily,,,,,,2,,,ChargePoint Network,http://www.chargepoint.com/,GPS,44.918395,-93.215457,2024-12-10,146982,2024-12-10 01:05:42 UTC,,,,2019-10-16,,,,,J1772,US,,,,Public,,public,,,,,,,,,,,,,,,,,,,,,,,,,,,,,false,
ELEC,MOTLEY DC FAST CHARGER,165 Riverfront Ln,,Motley,MN,56466,,888-758-4389,E,,Public,24 hours daily,,,,,,,1,,ChargePoint Network,http://www.chargepoint.com/,GPS,46.341207,-94.648787,2024-12-10,147044,2024-12-10 01:05:38 UTC,,,,2019-10-18,,,,,CHADEMO J1772COMBO,US,,,,Public,,public,,,,,,,,,,,,,,,,,,,,,,,,,,,,,false,
ELEC,MINNEAPOLIS RAMP A L3-2,101 N 9th St,Zone N4,Minneapolis,MN,55402,,888-758-4389,E,,Public,24 hours daily,,,,,,2,,,ChargePoint Network,http://www.chargepoint.com/,GPS,44.97829,-93.277907,2024-12-10,147338,2024-12-10 01:06:33 UTC,,,,2019-10-29,,,,,J1772,US,,,,Public,,public,,,,,,,,,,,,,,,,,,,,,,,,,,,,,false,
ELEC,HY VEE COTTAGE GROVE W,7280 E Point Douglas Rd,Located in the Hy-Vee parking lot,Cottage Grove,MN,55016,,888-758-4389,E,,Public,24 hours daily,,,,,,2,,,ChargePoint Network,http://www.chargepoint.com/,GPS,44.83101,-92.958577,2024-12-10,147347,2024-12-10 00:46:37 UTC,,,,2019-10-29,,,,,J1772,US,,,,Public,,public,,,,,,,,,,,,,,,,,,,,,,,,,,,,,false,
ELEC,HY VEE LAKEVILLE NORTH,16144 Pilot Knob Rd,,Lakeville,MN,55044,,888-758-4389,E,,Public,24 hours daily,,,,,,2,,,ChargePoint Network,http://www.chargepoint.com/,GPS,44.715506,-93.174153,2024-12-10,147349,2024-12-10 00:41:10 UTC,,,,2019-10-29,,,,,J1772,US,,,,Public,,public,,,,,,,,,,,,,,,,,,,,,,,,,,,,,false,
ELEC,HY VEE NEW HOPE WEST,4300 Xylon Ave N,,Minneapolis,MN,55428,,888-758-4389,E,,Public,24 hours daily,,,,,,2,,,ChargePoint Network,http://www.chargepoint.com/,GPS,45.034374,-93.384068,2024-12-10,147351,2024-12-10 00:39:07 UTC,,,,2019-10-29,,,,,J1772,US,,,,Public,,public,,,,,,,,,,,,,,,,,,,,,,,,,,,,,false,
ELEC,Continental Ski and Bike,1305 E 1st St,,Duluth,MN,55805,,218-491-1560,E,,Public,9am-7pm daily,,,,,,1,,,Non-Networked,,200-9,46.800402,-92.083178,2022-06-14,147372,2024-11-12 15:40:31 UTC,P,,,2019-10-01,,,,,J1772,US,,,,Public,,public,,,SHOPPING_CENTER,,,,,,,Free,,,,,,,,,,false,,,,,,,,LD,false,
ELEC,PUBLIC STATIONS MINNEHAHA PARK,4825 Minnehaha Ave,"There arte several parking lots in Minnehaha Park.  The station is located at Wabun picnic area.  The station is in the NW corner of the lot, farthest froom the pool",Minneapolis,MN,55417,,888-758-4389,E,,Public,24 hours daily,,,,,,1,,,ChargePoint Network,http://www.chargepoint.com/,GPS,44.91621,-93.205405,2024-12-10,147476,2024-12-10 00:34:27 UTC,,,,2019-11-02,,,,,J1772,US,,,,Public,,public,,,,,,,,,,,,,,,,,,,,,,,,,Mississippi National River and Recreation Area,,,,false,
ELEC,JLRMINNEAPOLIS SHOP03,8905 S Frontage Rd,West side sales floor,Golden Valley,MN,55426,,888-758-4389,E,,Public,24 hours daily,,,,,,1,,,ChargePoint Network,http://www.chargepoint.com/,GPS,44.972664,-93.39476,2024-12-10,147498,2024-12-10 01:06:42 UTC,,,,2019-11-05,,,,,J1772,US,,,,Public,,public,,,,,,,,,,,,,,,,,,,,,,,,,,,,,false,
ELEC,MINNEAPOLIS RAMP C L3-4,318 N 2nd Ave,,Minneapolis,MN,55401,,888-758-4389,T,2024-12-01,TEMPORARILY UNAVAILABLE (Public),24 hours daily,,,,,,2,,,ChargePoint Network,http://www.chargepoint.com/,GPS,44.982857,-93.273962,2024-12-10,149085,2024-12-10 01:07:01 UTC,,,,2019-11-12,,,,,J1772,US,,,,TEMPORAIREMENT SUSPENDU (Public),,public,,,,,,,,,,,,,,,,,,,,,,,,,,,,,false,
ELEC,MINNEAPOLIS LEAMNGTN L2-1,220 S 11th St,,Minneapolis,MN,55403,,888-758-4389,T,2024-08-21,TEMPORARILY UNAVAILABLE (Public),24 hours daily,,,,,,2,,,ChargePoint Network,http://www.chargepoint.com/,GPS,44.972115,-93.27181,2024-12-10,149086,2024-12-10 01:07:00 UTC,,,,2019-11-12,,,,,J1772,US,,,,TEMPORAIREMENT SUSPENDU (Public),,public,,,,,,,,,,,,,,,,,,,,,,,,,,,,,false,
ELEC,MINNEAPOLIS LEAMNGTN L2-4,1001 2nd Ave S,,Minneapolis,MN,55403,,888-758-4389,E,,Public,24 hours daily,,,,,,2,,,ChargePoint Network,http://www.chargepoint.com/,GPS,44.971965,-93.272071,2024-12-10,149088,2024-12-10 01:07:00 UTC,,,,2019-11-12,,,,,J1772,US,,,,Public,,public,,,,,,,,,,,,,,,,,,,,,,,,,,,,,false,
ELEC,MINNEAPOLIS RAMP A L4-1,115-119 N 9th St,,Minneapolis,MN,55402,,888-758-4389,E,,Public,24 hours daily,,,,,,2,,,ChargePoint Network,http://www.chargepoint.com/,GPS,44.978259,-93.277873,2024-12-10,149235,2024-12-10 01:07:15 UTC,,,,2019-11-18,,,,,J1772,US,,,,Public,,public,,,,,,,,,,,,,,,,,,,,,,,,,,,,,false,
ELEC,MINNEAPOLIS RAMP B L3-4,516 N 2nd Ave,,Minneapolis,MN,55403,,888-758-4389,E,,Public,24 hours daily,,,,,,2,,,ChargePoint Network,http://www.chargepoint.com/,GPS,44.980891,-93.276124,2024-12-10,149236,2024-12-10 01:07:14 UTC,,,,2019-11-18,,,,,J1772,US,,,,Public,,public,,,,,,,,,,,,,,,,,,,,,,,,,,,,,false,
ELEC,Trails Travel Center - Tesla Supercharger,820 Happy Trails Lane,,Albert Lea,MN,56007,,877-798-3752,E,,Public,24 hours daily. Please check Tesla's online station map to see if an adapter is required at this location.,,,,,,,8,,Tesla,https://www.tesla.com/supercharger,200-9,43.657558,-93.318197,2024-07-01,149287,2024-08-14 18:58:22 UTC,P,,,2019-09-30,,,,,TESLA,US,,,,Public,,public,,,,,,,,,,,,,,,,,,,,,,,,,,,,,false,
ELEC,Hy-Vee - Tesla Supercharger,3501 West Broadway Avenue,,Robbinsdale,MN,55422,,877-798-3752,E,,Public,24 hours daily. Please check Tesla's online station map to see if an adapter is required at this location.,,,,,,,8,,Tesla,https://www.tesla.com/supercharger,200-9,45.019569,-93.325799,2024-07-01,149350,2024-08-14 18:58:22 UTC,P,,,2019-09-30,,,,,TESLA,US,,,,Public,,public,,,,,,,,,,,,,,,,,,,,,,,,,,,,,false,
ELEC,HealthPartners Neuroscience Specialty Center,295 Phalen Blvd,Located on the ground floor of the parking structure near the building entrance.,St. Paul,MN,55130,,651-495-6200,E,,Public,24 hours daily,,,,,,2,,,Non-Networked,,200-8,44.96192,-93.087048,2024-05-09,150195,2024-05-09 20:32:20 UTC,P,,,2019-03-01,,,,,J1772,US,,,,Public,,public,,,HOSPITAL,,,,,,,Free,,,,,,,,,,false,,,,,,,,LD,false,
ELEC,Fairfield Inn & Suites Minneapolis Mall of America - Tesla Destination,2401 American Blvd E,,Bloomington,MN,55425,,877-798-3752,E,,Public,,,,,,,6,,,Tesla Destination,https://www.tesla.com/destination-charging,200-8,44.858066,-93.236759,2024-07-01,150648,2024-10-16 16:58:41 UTC,P,,,2018-09-19,,,,,TESLA,US,,,,Public,,public,,,,,,,,,,Free,,,,,,,,,,,,,,,,,,,false,
ELEC,Staybridge Suites Mpls-Maple Grove/Arbor Lakes - Tesla Destination,7821 Elm Creek Blvd N,,Maple Grove,MN,55369,,877-798-3752,E,,Public,,,,,,,4,,,Tesla Destination,https://www.tesla.com/destination-charging,200-8,45.09574,-93.44813,2024-07-01,150693,2024-10-16 16:58:41 UTC,P,,,2018-08-20,,,,,J1772 TESLA,US,,,,Public,,public,,,,,,,,,,Free,,,,,,,,,,,,,,,,,,,false,
ELEC,Hilton Garden Inn Minneapolis Saint Paul-Shoreview - Tesla Destination,1050 Gramsie Rd,,Shoreview,MN,55126,,877-798-3752,E,,Public,,,,,,,6,,,Tesla Destination,https://www.tesla.com/destination-charging,200-8,45.060673,-93.144437,2024-07-01,150694,2024-10-16 16:58:41 UTC,P,,,2018-08-01,,,,,TESLA,US,,,,Public,,public,,,,,,,,,,Free,,,,,,,,,,,,,,,,,,,false,
ELEC,Homewood Suites St. Louis Park - Tesla Destination,5305 Wayzata Blvd,,St Louis Park,MN,55416,,877-798-3752,E,,Public,,,,,,,4,,,Tesla Destination,https://www.tesla.com/destination-charging,200-9,44.969261,-93.347065,2024-07-01,150695,2024-10-16 16:58:41 UTC,P,,,2018-09-19,,,,,J1772 TESLA,US,,,,Public,,public,,,,,,,,,,Free,,,,,,,,,,,,,,,,,,,false,
ELEC,CITY OF ST PAUL COMO PV1,1360 Lexington Pkwy N,,Saint Paul,MN,55117,,888-758-4389,T,2024-08-29,TEMPORARILY UNAVAILABLE (Public),24 hours daily,,,,,,1,,,ChargePoint Network,http://www.chargepoint.com/,GPS,44.981639,-93.143751,2024-12-10,151959,2024-12-10 01:08:27 UTC,,,,2020-01-01,,,,,J1772,US,,,,TEMPORAIREMENT SUSPENDU (Public),,public,,,,,,,,,,,,,,,,,,,,,,,,,,,,,false,
ELEC,CITY OF ST PAUL SMITH RAMP 1,145 Summit Ave,Parking Ramp,Saint Paul,MN,55102,,888-758-4389,E,,Public,24 hours daily,,,,,,2,,,ChargePoint Network,http://www.chargepoint.com/,GPS,44.946117,-93.10391,2024-12-10,152327,2024-12-10 01:08:37 UTC,,,,2020-01-09,,,,,J1772,US,,,,Public,,public,,,,,,,,,,,,,,,,,,,,,,,,,,,,,false,
ELEC,CITY OF ST PAUL SMITH RAMP 2,145 Smith Ave N,Parking Ramp,Saint Paul,MN,55102,,888-758-4389,E,,Public,24 hours daily,,,,,,2,,,ChargePoint Network,http://www.chargepoint.com/,GPS,44.946138,-93.103841,2024-12-10,152328,2024-12-10 01:08:37 UTC,,,,2020-01-09,,,,,J1772,US,,,,Public,,public,,,,,,,,,,,,,,,,,,,,,,,,,,,,,false,
ELEC,ST LOUIS PARK REC CENTER,3700 Monterey Dr,,St. Louis Park,MN,55416,,888-758-4389,E,,Public,24 hours daily,,,,,,2,,,ChargePoint Network,http://www.chargepoint.com/,GPS,44.937263,-93.341545,2024-12-10,152347,2024-12-10 01:09:00 UTC,,,,2020-01-10,,,,,J1772,US,,,,Public,,public,,,,,,,,,,,,,,,,,,,,,,,,,,,,,false,
ELEC,Willie’s SuperValu,25 E 7th St,,Morris,MN,56267,,320-589-4040,E,,Public,7am-9pm daily,,,,,,1,,,Non-Networked,,GPS,45.588471,-95.915194,2023-04-06,153496,2024-01-31 22:07:01 UTC,P,,,2018-05-30,,,,,J1772,US,,,,Public,,public,,,SHOPPING_CENTER,,,,,,,Free,,,,,,,,,,false,,,,,,,,LD,false,
ELEC,So Roc on Maine,4850 Maine Ave SE,,Rochester,MN,55904,,800-663-5633,E,,Public,24 hours daily,,,,,,2,,,Blink Network,http://www.blinkcharging.com/,GPS,43.9502936,-92.4600338,2024-12-10,153736,2024-12-10 00:19:14 UTC,,,,2020-02-15,,,,,J1772,US,,,,Public,,public,,,,,,,,,,FREE,,,,,,,,,,,,,,,,,,,false,
ELEC,"Alexandria, MN - Tesla Supercharger",4404 MN-29,,Alexandria,MN,56308,,877-798-3752,E,,Public,24 hours daily. Please check Tesla's online station map to see if an adapter is required at this location.,,,,,,,8,,Tesla,https://www.tesla.com/supercharger,GPS,45.850438,-95.38895,2024-07-01,153882,2024-08-14 18:58:22 UTC,P,,,2020-02-21,,,,,J1772COMBO TESLA,US,,,,Public,,public,,,SHOPPING_CENTER,,,,,,,,,,,,,,,,,,,,,,,,,,false,
ELEC,CROW WING POWER PARKING LOT,17330 MN-371,Next to Blue Ox Statue on Island,Brainerd,MN,56401,,888-758-4389,E,,Public,24 hours daily,,,,,,2,,,ChargePoint Network,http://www.chargepoint.com/,GPS,46.403167,-94.28097,2024-12-10,154041,2024-12-10 01:09:44 UTC,,,,2020-02-27,,,,,J1772,US,,,,Public,,public,,,,,,,,,,,,,,,,,,,,,,,,,,,,,false,
ELEC,MN2111 LEVEL 3- A,425 6th St S,3rd level of public parking ramp,Minneapolis,MN,55415,,888-758-4389,E,,Public,24 hours daily,,,,,,2,,,ChargePoint Network,http://www.chargepoint.com/,GPS,44.975139,-93.265708,2024-12-10,154411,2024-12-10 01:11:44 UTC,,,,2020-03-11,,,,,J1772,US,,,,Public,,public,,,,,,,,,,,,,,,,,,,,,,,,,,,,,false,
ELEC,HENNEPIN COUNTY EP LIBRARY,565 Prairie Center Drive,By the Eden Prairie Library.,Eden Prairie,MN,55344,,888-758-4389,E,,Public,24 hours daily,,,,,,2,,,ChargePoint Network,http://www.chargepoint.com/,GPS,44.850627,-93.42756,2024-12-10,154776,2024-12-10 01:08:13 UTC,,,,2020-03-27,,,,,J1772,US,,,,Public,,public,,,,,,,,,,,,,,,,,,,,,,,,,,,,,false,
ELEC,Simonson Station Store Alexandria,4924 Minnesota 29,,Alexandria,MN,56308,,1-888-493-3638,E,,Public,,,,,,,,2,,ZEFNET,https://www.zefenergy.com,GPS,45.84549,-95.38926,2024-12-09,155991,2024-12-09 04:03:38 UTC,,,,2020-02-01,,,,,CHADEMO J1772COMBO,US,,,,Public,,public,,,,,,,,,,,,,,,,,,,,false,,,,,,,,,false,
ELEC,Target - Tesla Supercharger,3601 Highway 100 South,,Saint Louis Park,MN,55416,,877-798-3752,E,,Public,24 hours daily. Please check Tesla's online station map to see if an adapter is required at this location.,,,,,,,8,,Tesla,https://www.tesla.com/supercharger,GPS,44.936292,-93.348112,2024-07-01,158381,2024-08-14 18:58:22 UTC,P,,,2020-05-29,,,,,TESLA,US,,,,Public,,public,,,SHOPPING_CENTER,,,,,,,,,,,,,,,,,,,,,,,,,,false,
ELEC,North Parking Lot Behind Building,42 Center Avenue West,,Clara City,MN,56222,,800-663-5633,E,,Public,24 hours daily,,,,,,2,,,Blink Network,http://www.blinkcharging.com/,GPS,44.955627,-95.3680127,2024-12-10,158663,2024-12-10 00:19:26 UTC,,,,2020-03-25,,,,,J1772,US,,,,Public,,public,,,,,,,,,,$0.00-$1.00/Hr Variable Parking Fee,,,,,,,,,,,,,,,,,,,false,
ELEC,SHOREVIEW SHOREVIEW #2,4600 Victoria St N,Near main entrance,Shoreview,MN,55126,,888-758-4389,E,,Public,24 hours daily,,,,,,2,,,ChargePoint Network,http://www.chargepoint.com/,GPS,45.080723,-93.132427,2024-12-10,163547,2024-12-10 01:15:06 UTC,,,,2020-06-23,,,,,J1772,US,,,,Public,,public,,,,,,,,,,,,,,,,,,,,,,,,,,,,,false,
ELEC,Element Fleet Management,9350 Excelsior Blvd,,Hopkins,MN,55343,,,E,,Private,Employee and visitor use only,,,,,,4,,,Non-Networked,,200-9,44.926916,-93.39816,2024-08-15,163593,2024-08-15 19:57:12 UTC,P,,,2020-06-24,,,,,J1772,US,,,,Privé,,private,,,FLEET_GARAGE,,,,,,,,,,,,,,,,,,,,,,,,,LD,true,
ELEC,MACALESTER MAC FAC NORTH,130 S Macalester St,"-In center island north of art buildings, eastern stall",Saint Paul,MN,55105,,888-758-4389,E,,Public,24 hours daily,,,,,,2,,,ChargePoint Network,http://www.chargepoint.com/,GPS,44.93839,-93.16988,2024-12-10,163642,2024-12-10 01:15:15 UTC,,,,2020-06-26,,,,,J1772,US,,,,Public,,public,,,,,,,,,,,,,,,,,,,,,,,,,,,,,false,
ELEC,CITY OF NFLD STATION 2,105 5th St E,Station is in the municipal parking lot at 5th & Washington Sts.  Station on 5th St. side of lot.,Northfield,MN,55057,,888-758-4389,E,,Public,24 hours daily,,,,,,2,,,ChargePoint Network,http://www.chargepoint.com/,GPS,44.455242,-93.15916,2024-12-10,163660,2024-12-10 01:15:14 UTC,,,,2020-06-27,,,,,J1772,US,,,,Public,,public,,,,,,,,,,,,,,,,,,,,,,,,,,,,,false,
ELEC,Minnesota Motor Co,1108 Pebble Lake Rd,,Fergus Falls,MN,56537,,877-300-7551,E,,Public,Dealership business hours,,,,,,,1,,Non-Networked,,GPS,46.272278,-96.057642,2023-04-06,163857,2024-01-31 22:07:01 UTC,P,,,2020-06-26,,,,,J1772COMBO,US,,,,Public,,public,,,CAR_DEALER,,,,,,,Free,,,,,,,,,,false,,,,,,,,,false,
ELEC,Mankato Area Foundation,117 S 2nd St,,Mankato,MN,56001,,507-389-4583,E,,Public,24 hours daily,,,,,,,2,,Non-Networked,,GPS,44.166241,-94.001677,2023-04-06,163858,2024-01-31 22:07:01 UTC,P,,,2020-06-26,,,,,CHADEMO J1772COMBO,US,,,,Public,,public,,,OFFICE_BLDG,,,,,,,$0.30 per minute,,,,,,,,,,false,,,,,,,,LD,false,
ELEC,House Chevrolet,410 S Main St,,Stewartville,MN,55976,,866-708-6686,E,,Public,Dealership business hours,,,,,,1,1,,Non-Networked,,GPS,43.851496,-92.487842,2023-04-06,163859,2024-01-31 22:07:01 UTC,P,,,2020-06-26,,,,,J1772 J1772COMBO,US,,,,Public,,public,,,CAR_DEALER,,,,,,,Free,,,,,,,,,,false,,,,,,,,LD,false,
ELEC,Beltrami Electric Coop,4111 Technology Dr NW,,Bemidji,MN,56601,,218-444-2540,E,,Public,24 hours daily,,,,,,2,1,,Non-Networked,,GPS,47.507079,-94.909183,2023-05-03,163860,2024-01-31 22:07:01 UTC,P,,,2020-06-26,,,,,CHADEMO J1772 J1772COMBO,US,,,,Public,,public,,,UTILITY,,,,,,,"For DC fast charging, $0.35 per kWh and $2.50 transaction fee; For Level 2, $0.25 per kWh and $1.00 transaction fee",,,,,,,,,,false,,,,,,,,,false,
ELEC,City of North Mankato,1755 Commerce Drive,,North Mankato,MN,56003,,1-888-493-3638,E,,Public,,,,,,,2,2,,ZEFNET,https://www.zefenergy.com,GPS,44.17888,-94.03763,2024-12-09,163867,2024-12-09 04:03:14 UTC,,,,2020-06-26,,,,,CHADEMO J1772 J1772COMBO,US,,,,Public,,public,,,,,,,,,,,,,,,,,,,,false,,,,,,,,,false,
ELEC,Pine City DCFC,800 Main Street South,,Pine City,MN,55063,,1-888-493-3638,E,,Public,,,,,,,,2,,ZEFNET,https://www.zefenergy.com,GPS,45.82084,-92.96937,2024-12-09,163868,2024-12-09 04:03:32 UTC,,,,2020-06-26,,,,,CHADEMO J1772COMBO,US,,,,Public,,public,,,,,,,,,,,,,,,,,,,,false,,,,,,,,,false,
ELEC,Grand Portage Casino,70 Casino Dr,,Hovland,MN,55606,,218-475-2401,E,,Public,24 hours daily,,,,,,1,,,Non-Networked,,GPS,47.953845,-89.69266,2023-04-06,163870,2024-01-31 22:07:01 UTC,P,,,2020-06-26,,,,,J1772,US,,,,Public,,public,,,OTHER_ENTERTAINMENT,,,,,,,Free,,,,,,,,,,false,,,,,,,,LD,false,
ELEC,By the Yard inc.,3283 Bluff Drive,,Jordan,MN,55352,,866-816-7584,E,,Public,24 hours daily,,,,,,1,,,EV Connect,http://evconnect.com/,GPS,44.713137,-93.588071,2024-12-09,163957,2024-12-09 03:11:55 UTC,,,,2020-06-26,,,,,J1772,US,,,,Public,,public,,,,,,,,,,,,,,,,,,,,,,,,,,,,,false,
ELEC,MN2111 LEVEL 2-B,5th Ave S & 6th St S,2nd Floor of Interstate Parking Ramp,Minneapolis,MN,55415,,888-758-4389,E,,Public,24 hours daily,,,,,,1,,,ChargePoint Network,http://www.chargepoint.com/,GPS,44.974943,-93.264998,2024-12-10,164331,2024-12-10 01:14:37 UTC,,,,2020-07-17,,,,,J1772,US,,,,Public,,public,,,,,,,,,,,,,,,,,,,,,,,,,,,,,false,
ELEC,BIRTH CENTER BIRTH CENTER 1,Regions Hospital Birth Center,Birth Center,Saint Paul,MN,55101,,888-758-4389,E,,Public,24 hours daily,,,,,,1,,,ChargePoint Network,http://www.chargepoint.com/,GPS,44.955891,-93.093363,2024-12-10,164419,2024-12-10 01:16:13 UTC,,,,2020-07-22,,,,,J1772,US,,,,Public,,public,,,,,,,,,,,,,,,,,,,,,,,,,,,,,false,
ELEC,NORTHFIELD HOSP STATION #1,2000 North Ave,,Northfield,MN,55057,,888-758-4389,E,,Public,24 hours daily,,,,,,2,,,ChargePoint Network,http://www.chargepoint.com/,GPS,44.474187,-93.192312,2024-12-10,164637,2024-12-10 01:16:02 UTC,,,,2020-07-30,,,,,J1772,US,,,,Public,,public,,,,,,,,,,,,,,,,,,,,,,,,,,,,,false,
ELEC,CITY OF EDINA CITY HALL 1,4801 W 50th St,One charging port is dedicated to an accessible parking space,Edina,MN,55424,,888-758-4389,E,,Public,Mon 12:00am - 11:45pm; Tue 12:00am - 11:45pm; Wed 12:00am - 11:45pm; Thu 12:00am - 11:45pm; Fri 12:00am - 11:45pm; Sat 12:00am - 11:45pm; Sun 12:00am - 11:45pm,,,,,,2,,,ChargePoint Network,http://www.chargepoint.com/,GPS,44.911248,-93.347814,2024-12-10,164663,2024-12-10 01:16:26 UTC,,,,2020-07-31,,,,,J1772,US,,,,Public,,public,,,,,,,,,,,,,,,,,,,,,,,,,,,,,false,
ELEC,CITY OF EDINA NORTH RAMP L2,3942 Market St,Near West Stairwell - Level 2,Edina,MN,55424,,888-758-4389,E,,Public,Mon 12:00am - 11:45pm; Tue 12:00am - 11:45pm; Wed 12:00am - 11:45pm; Thu 12:00am - 11:45pm; Fri 12:00am - 11:45pm; Sat 12:00am - 11:45pm; Sun 12:00am - 11:45pm,,,,,,2,,,ChargePoint Network,http://www.chargepoint.com/,GPS,44.913617,-93.331163,2024-12-10,164664,2024-12-10 00:54:22 UTC,,,,2020-07-31,,,,,J1772,US,,,,Public,,public,,,,,,,,,,,,,,,,,,,,,,,,,,,,,false,
ELEC,MN2111 LEVEL 2-A,425 South 6th St,2nd Floor of Interstate Parking Ramp,Minneapolis,MN,55415,,888-758-4389,E,,Public,24 hours daily,,,,,,1,,,ChargePoint Network,http://www.chargepoint.com/,GPS,44.975012,-93.265344,2024-12-10,165092,2024-12-10 01:14:37 UTC,,,,2020-08-10,,,,,J1772,US,,,,Public,,public,,,,,,,,,,,,,,,,,,,,,,,,,,,,,false,
ELEC,TARGET T0260 STATION 1,3601 MN-100,,St. Louis Park,MN,55416,,888-758-4389,E,,Public,24 hours daily,,,,,,2,,,ChargePoint Network,http://www.chargepoint.com/,GPS,44.936378,-93.347996,2024-12-10,165626,2024-12-10 01:13:48 UTC,,,,2020-08-28,,,,,J1772,US,,,,Public,,public,,,,,,,,,,,,,,,,,,,,,,,,,,,,,false,
ELEC,TARGET T0821 STATION 1,4520 MN-29,Corner of Target parking lot,Alexandria,MN,56308,,888-758-4389,E,,Public,24 hours daily,,,,,,2,,,ChargePoint Network,http://www.chargepoint.com/,GPS,45.849634,-95.389654,2024-12-10,165627,2024-12-10 01:12:56 UTC,,,,2020-08-28,,,,,J1772,US,,,,Public,,public,,,,,,,,,,,,,,,,,,,,,,,,,,,,,false,
ELEC,Target - Tesla Supercharger,13201 Ridgedale Drive,,Minnetonka,MN,55305,,877-798-3752,E,,Public,24 hours daily. Please check Tesla's online station map to see if an adapter is required at this location.,,,,,,,8,,Tesla,https://www.tesla.com/supercharger,GPS,44.970509,-93.446701,2024-07-01,165746,2024-08-14 18:58:22 UTC,P,,,2020-08-24,,,,,TESLA,US,,,,Public,,public,,,SHOPPING_CENTER,,,,,,,,,,,,,,,,,,,,,,,,,,false,
ELEC,Cityview Flats,333 N 1st Ave W,,Duluth,MN,55806,,866-816-7584,E,,Public,24 hours daily,,,,,,2,,,EV Connect,http://evconnect.com/,GPS,46.788168,-92.10369,2024-12-09,166328,2024-12-09 03:12:02 UTC,,,,2020-04-14,,,,,J1772,US,,,,Public,,public,,,,,,,,,,,,,,,,,,,,,,,,,,,,,false,
ELEC,LivInn Hotels - 13080 Aldrich Ave South,13080 Aldrich Ave South,,Burnsville,MN,55337,,866-816-7584,E,,Public,24 hours daily,,,,,,2,,,EV Connect,http://evconnect.com/,GPS,44.766836,-93.290315,2024-12-09,166673,2024-12-09 03:11:59 UTC,,,,2019-11-12,,,,,J1772,US,,,,Public,,public,,,,,,,,,,,,,,,,,,,,,,,,,,,,,false,
ELEC,LivINN Hotels - 5201 Central Avenue NE,5201 Central Avenue NE,,Fridley,MN,55421,,866-816-7584,E,,Public,24 hours daily,,,,,,2,,,EV Connect,http://evconnect.com/,GPS,45.063436,-93.245255,2024-12-09,166674,2024-12-09 03:11:56 UTC,,,,2019-10-03,,,,,J1772,US,,,,Public,,public,,,,,,,,,,,,,,,,,,,,,,,,,,,,,false,
ELEC,LivInn Hotels - 285 Century Ave N.,285 Century Ave N.,,Maplewood,MN,55119,,866-816-7584,E,,Public,24 hours daily,,,,,,2,,,EV Connect,http://evconnect.com/,GPS,44.95098,-92.985194,2024-12-09,166675,2024-12-09 03:11:55 UTC,,,,2019-12-06,,,,,J1772,US,,,,Public,,public,,,,,,,,,,,,,,,,,,,,,,,,,,,,,false,
ELEC,Westwood Hills Nature Center,8300 W Franklin Ave,,St. Louis Park,MN,55426,,952-924-2544,E,,Public,Sunrise to Sunset,,,,,,4,,,Non-Networked,,GPS,44.96726,-93.38869,2024-07-11,166841,2024-07-11 19:05:43 UTC,P,,,2020-10-01,,,,,J1772,US,,,,Public,,public,,,PARK,,,,,,,Free with ChargePoint account,,,,,,,,,,false,,,,,,,,LD,false,
ELEC,UMN DULUTH PAY LOT G,500 W St Marie St,Pay Lot G,Duluth,MN,55811,,888-758-4389,E,,Public,Mon 6:00am - 5:00pm; Tue 6:00am - 5:00pm; Wed 6:00am - 5:00pm; Thu 6:00am - 5:00pm; Fri 6:00am - 5:00pm; Sat 6:00am - 5:00pm; Sun 6:00am - 5:00pm,,,,,,2,,,ChargePoint Network,http://www.chargepoint.com/,GPS,46.820736,-92.082186,2024-12-10,166852,2024-12-10 01:18:04 UTC,,,,2020-09-15,,,,,J1772,US,,,,Public,,public,,,,,,,,,,,,,,,,,,,,,,,,,,,,,false,
ELEC,UMN DULUTH KIRBY DRIVE S,1023 University Dr,Kirby Drive near MWAH,Duluth,MN,55812,,888-758-4389,E,,Public,Mon 6:00am - 5:00pm; Tue 6:00am - 5:00pm; Wed 6:00am - 5:00pm; Thu 6:00am - 5:00pm; Fri 6:00am - 5:00pm; Sat 6:00am - 5:00pm; Sun 6:00am - 5:00pm,,,,,,2,,,ChargePoint Network,http://www.chargepoint.com/,GPS,46.816378,-92.087503,2024-12-10,166853,2024-12-10 01:16:49 UTC,,,,2020-09-15,,,,,J1772,US,,,,Public,,public,,,,,,,,,,,,,,,,,,,,,,,,,,,,,false,
ELEC,DAKOTA COUNTY EMPIRE FACILITY,2800 160th St W,,Rosemount,MN,55068,,888-758-4389,E,,Public,24 hours daily,,,,,,2,,,ChargePoint Network,http://www.chargepoint.com/,GPS,44.716061,-93.124304,2024-12-10,167004,2024-12-10 00:49:32 UTC,,,,2020-09-23,,,,,J1772,US,,,,Public,,public,,,,,,,,,,,,,,,,,,,,,,,,,,,,,false,
ELEC,NESIDECITYHALL STATION #1,7100 147th St W,,Apple Valley,MN,55124,,888-758-4389,E,,Public,24 hours daily,,,,,,2,,,ChargePoint Network,http://www.chargepoint.com/,GPS,44.735012,-93.20862,2024-12-10,167071,2024-12-10 01:18:25 UTC,,,,2020-09-25,,,,,J1772,US,,,,Public,,public,,,,,,,,,,,,,,,,,,,,,,,,,,,,,false,
ELEC,Olmsted Medical Center - Hospital & 24-Hour ED,1650 4th St SE,,Rochester,MN,55904,,507-529-6600,E,,Public,24 hours daily; patient or guest use only,,,,,,2,,,Non-Networked,,GPS,44.019789,-92.441053,2023-04-06,167106,2024-01-31 22:07:01 UTC,P,,,2020-09-14,,,,,J1772,US,,,,Public,,public,,,HOSPITAL,,,,,,,Free,,,,,,,,,,true,,,,,,,,LD,false,
ELEC,Goodwill - Rochester,1987 Scott Rd NW,,Rochester,MN,55901,,507-424-1860,E,,Public,24 hours daily,,,,,,2,,,Non-Networked,,GPS,44.044087,-92.515787,2023-04-06,167107,2024-01-31 22:07:01 UTC,P,,,2020-09-14,,,,,J1772,US,,,,Public,,public,,,SHOPPING_CENTER,,,,,,,,,,,,,,,,,false,,,,,,,,LD,false,
ELEC,Dahl Chevrolet Buick GMC,1201 US-61,,Winona,MN,55987,,877-219-6114,E,,Public,24 hours daily,,,,,,1,1,,Non-Networked,,GPS,44.044181,-91.670204,2023-05-03,167108,2024-01-31 22:07:01 UTC,P,,,2020-09-14,,,,,J1772 J1772COMBO,US,,,,Public,,public,,,CAR_DEALER,,,,,,,Free,,,,,,,,,,false,,,,,,,,LD,false,
ELEC,Bluff Country Co-op,121 W 2nd St,,Winona,MN,55987,,507-452-1815,E,,Public,24 hours daily,,,,,,1,,,Non-Networked,,GPS,44.053621,-91.638368,2023-04-06,167110,2024-01-31 22:07:01 UTC,P,,,2020-09-14,,,,,J1772,US,,,,Public,,public,,,COOP,,,,,,,$2 per hr suggested donation,,,,,,,,,,false,,,,,,,,LD,false,
ELEC,MCPA AIRPORT VIEW 1,7381 Airport View Dr SW,,Rochester,MN,55902,,888-758-4389,E,,Public,24 hours daily,,,,,,2,,,ChargePoint Network,http://www.chargepoint.com/,GPS,43.915247,-92.48202,2024-12-10,167253,2024-12-10 01:18:03 UTC,,,,2020-10-03,,,,,J1772,US,,,,Public,,public,,,,,,,,,,,,,,,,,,,,,,,,,,,,,false,
ELEC,Target - Tesla Supercharger,1650 New Brighton Boulevard,,Minneapolis,MN,55413,,877-798-3752,E,,Public,24 hours daily. Please check Tesla's online station map to see if an adapter is required at this location.,,,,,,,10,,Tesla,https://www.tesla.com/supercharger,GPS,45.004478,-93.228702,2024-07-01,167425,2024-08-14 18:58:22 UTC,P,,,2020-10-05,,,,,TESLA,US,,,,Public,,public,,,SHOPPING_CENTER,,,,,,,,,,,,,,,,,,,,,,,,,,false,
ELEC,TARGET T1095 STATION 2,1650 New Brighton Blvd,,Minneapolis,MN,55413,,888-758-4389,E,,Public,24 hours daily,,,,,,2,,,ChargePoint Network,http://www.chargepoint.com/,GPS,45.004242,-93.228511,2024-12-10,167591,2024-12-10 01:18:48 UTC,,,,2020-10-17,,,,,J1772,US,,,,Public,,public,,,,,,,,,,,,,,,,,,,,,,,,,,,,,false,
ELEC,TARGET T0100 STATION 1,13201 Ridgedale Dr,,Minnetonka,MN,55305,,888-758-4389,E,,Public,24 hours daily,,,,,,2,,,ChargePoint Network,http://www.chargepoint.com/,GPS,44.970514,-93.447014,2024-12-10,167592,2024-12-10 01:17:21 UTC,,,,2020-10-17,,,,,J1772,US,,,,Public,,public,,,,,,,,,,,,,,,,,,,,,,,,,,,,,false,
ELEC,BN PARK STATION 1,100 Aldrich Ave SW 1st Street SW,,Wadena,MN,56482,,888-758-4389,E,,Public,24 hours daily,,,,,,2,,,ChargePoint Network,http://www.chargepoint.com/,GPS,46.441806,-95.137942,2024-12-10,167648,2024-12-10 01:17:03 UTC,,,,2020-10-21,,,,,J1772,US,,,,Public,,public,,,,,,,,,,,,,,,,,,,,,,,,,,,,,false,
ELEC,HENNEPIN COUNTY TARGETFIELDSTN1,500 N 5th St,Located inside the parking ramp next to the parking booth. Enterance is off the 5th Street N or 6th Ave N entrance.,Minneapolis,MN,55401,,888-758-4389,E,,Public,24 hours daily,,,,,,2,,,ChargePoint Network,http://www.chargepoint.com/,GPS,44.983616,-93.278599,2024-12-10,168103,2024-12-10 00:32:17 UTC,,,,2020-11-03,,,,,J1772,US,,,,Public,,public,,,,,,,,,,,,,,,,,,,,,,,,,,,,,false,
ELEC,HUTCH UTILITIES DC FAST 1,206 Main St S,Girls Scout Park,Hutchinson,MN,55350,,888-758-4389,E,,Public,24 hours daily,,,,,,,1,,ChargePoint Network,http://www.chargepoint.com/,GPS,44.89464,-94.36979,2024-12-10,168144,2024-12-10 01:19:29 UTC,,,,2020-11-05,,,,,CHADEMO J1772COMBO,US,,,,Public,,public,,,,,,,,,,,,,,,,,,,,,,,,,,,,,false,
ELEC,UNIV ST THOMAS TOMMIE 4,139 Cleveland Ave N,"In Parking Structure, Unavailable Mon-Fri Midnight to 4pm due parking structure being closed.",Saint Paul,MN,55104,,888-758-4389,E,,Public,24 hours daily,,,,,,1,,,ChargePoint Network,http://www.chargepoint.com/,GPS,44.945845,-93.188108,2024-12-10,168329,2024-12-10 01:18:06 UTC,,,,2020-11-12,,,,,J1772,US,,,,Public,,public,,,,,,,,,,,,,,,,,,,,,,,,,,,,,false,
ELEC,UNIV ST THOMAS TOMMIE 1,75 Cleveland Ave N,In Parking Structure,Saint Paul,MN,55104,,888-758-4389,T,2024-11-07,TEMPORARILY UNAVAILABLE (Public),24 hours daily,,,,,,2,,,ChargePoint Network,http://www.chargepoint.com/,GPS,44.943752,-93.18832,2024-12-10,168330,2024-12-10 01:16:58 UTC,,,,2020-11-12,,,,,J1772,US,,,,TEMPORAIREMENT SUSPENDU (Public),,public,,,,,,,,,,,,,,,,,,,,,,,,,,,,,false,
ELEC,Colwell Partners,1015 Glenwood Ave,,Minneapolis,MN,55405,,,E,,Private - Credit card at all times,24 hours daily; Also accepts PayPal and Apple Pay,A D M V,,,,,4,,,EV Connect,http://evconnect.com/,GPS,44.97978,-93.292295,2020-12-03,168460,2021-03-11 23:22:17 UTC,P,,,2020-08-29,,,,,J1772,US,,,,Privé - Carte de crédit en tout temps,,private,CREDIT_CARD_ALWAYS,,OFFICE_BLDG,,,,,,,,,,,,,,,,,,,,,,,,,,true,
ELEC,ST LOUIS PARK WHNC INTER CTR2,8300 W Franklin Ave,West side of parking lot,St. Louis Park,MN,55426,,888-758-4389,E,,Public,24 hours daily,,,,,,2,,,ChargePoint Network,http://www.chargepoint.com/,GPS,44.96518,-93.38711,2024-12-10,168473,2024-12-10 01:17:29 UTC,,,,2020-11-14,,,,,J1772,US,,,,Public,,public,,,,,,,,,,,,,,,,,,,,,,,,,,,,,false,
ELEC,Eagle Ridge Resort at Lutsen Mountains - Tesla Destination,467 Ski Hill Rd,,Lutsen,MN,55612,,877-798-3752,E,,Public,,,,,,,1,,,Tesla Destination,https://www.tesla.com/destination-charging,200-8,47.659204,-90.712249,2024-07-01,168747,2024-10-16 16:58:41 UTC,P,,,2018-07-16,,,,,TESLA,US,,,,Public,,public,,,,,,,,,,Free,,,,,,,,,,,,,,,,,,,false,
ELEC,Fairfield Inn & Suites by Marriott Eden Prairie - Tesla Destination,11325 Viking Dr,,Eden Prairie,MN,55344,,877-798-3752,E,,Public,,,,,,,2,,,Tesla Destination,https://www.tesla.com/destination-charging,200-8,44.862473,-93.419917,2024-07-01,168768,2024-10-16 16:58:41 UTC,P,,,2018-06-20,,,,,TESLA,US,,,,Public,,public,,,,,,,,,,Free,,,,,,,,,,,,,,,,,,,false,
ELEC,Perbix (Tesla) - Tesla Destination,9405 Winnetka Ave N,,Brooklyn Park,MN,55445,,877-798-3752,E,,Private,,,,,,,4,,,Tesla Destination,https://www.tesla.com/destination-charging,200-9,45.127868,-93.382541,2024-07-01,169023,2024-10-16 16:58:41 UTC,P,,,2020-11-03,,,,,TESLA,US,,,,Privé,,private,,,,,,,,,,Free,,,,,,,,,,,,,,,,,,,false,
ELEC,Renaissance Minneapolis Hotel - Tesla Destination,225 S 3rd St,,Minneapolis,MN,55401,,877-798-3752,E,,Public,,,,,,,3,,,Tesla Destination,https://www.tesla.com/destination-charging,200-8,44.980358,-93.263366,2024-07-01,169067,2024-10-16 16:58:41 UTC,P,,,2020-11-03,,,,,J1772 TESLA,US,,,,Public,,public,,,,,,,,,,Free,,,,,,,,,,,,,,,,,,,false,
ELEC,Rental Property-Inver Grove Hts - Tesla Destination,1630 52nd St E,,Inver Grove Hts,MN,55077,,877-798-3752,E,,Public,,,,,,,1,,,Tesla Destination,https://www.tesla.com/destination-charging,200-9,44.873846,-93.073817,2024-07-01,169068,2024-10-16 16:58:41 UTC,P,,,2018-06-13,,,,,TESLA,US,,,,Public,,public,,,,,,,,,,Free,,,,,,,,,,,,,,,,,,,false,
ELEC,SW Transit - Tesla Destination,13500 Technology Dr,,Eden Prairie,MN,55344,,877-798-3752,E,,Private,,,,,,,2,,,Tesla Destination,https://www.tesla.com/destination-charging,200-9,44.860004,-93.443051,2024-07-01,169151,2024-10-16 16:58:41 UTC,P,,,2020-11-03,,,,,TESLA,US,,,,Privé,,private,,,,,,,,,,Free,,,,,,,,,,,,,,,,,,,false,
ELEC,Timberlake Lodge Hotel & 17th Street Grill - Tesla Destination,144 SE 17th St,,Grand Rapids,MN,55744,,877-798-3752,E,,Public,,,,,,,2,,,Tesla Destination,https://www.tesla.com/destination-charging,200-9,47.213323,-93.52725,2024-07-01,169207,2024-10-16 16:58:41 UTC,P,,,2019-10-03,,,,,TESLA,US,,,,Public,,public,,,,,,,,,,Free,,,,,,,,,,,,,,,,,,,false,
ELEC,Children's Museum of Southern Minnesota,224 Lamm St,,Mankato,MN,56001,,507-386-0279,E,,Public,24 hours daily,,,,,,2,,,AMPUP,https://ampup.io/,200-9,44.16196,-94.013086,2023-05-03,169697,2024-01-31 22:07:01 UTC,P,,,2020-12-01,,,,,J1772,US,,,,Public,,public,,,MUSEUM,,,,,,,Paid,,,,,,,,,,false,,,,,,,,LD,false,
ELEC,MYSTIC LAKE CNT NORTH LOT 3,2400 Mystic Lake Blvd,,Prior Lake,MN,55372,,888-758-4389,E,,Public,24 hours daily,,,,,,2,,,ChargePoint Network,http://www.chargepoint.com/,GPS,44.733741,-93.475562,2024-12-10,170447,2024-12-10 00:52:10 UTC,,,,2020-12-22,,,,,J1772,US,,,,Public,,public,,,,,,,,,,,,,,,,,,,,,,,,,,,,,false,
ELEC,Coborns - Mora Municipal Utilities,710 Frankie Lane,,Mora,MN,55051,,1-888-493-3638,E,,Public,,,,,,,,2,,ZEFNET,https://www.zefenergy.com,GPS,45.86844,-93.29087,2024-12-09,170714,2024-12-09 04:03:40 UTC,,,,2020-12-28,,,,,CHADEMO J1772COMBO,US,,,,Public,,public,,,,,,,,,,,,,,,,,,,,false,,,,,,,,,false,
ELEC,City Of Detroit Lakes,200 Holmes Street East,,Detroit Lakes,MN,56501,,1-888-493-3638,E,,Public,,,,,,,,2,,ZEFNET,https://www.zefenergy.com,GPS,46.81722,-95.84321,2024-12-09,170715,2024-12-09 04:03:39 UTC,,,,2020-12-28,,,,,CHADEMO J1772COMBO,US,,,,Public,,public,,,,,,,,,,,,,,,,,,,,false,,,,,,,,,false,
ELEC,City Of Bemidji,317 4th Street Northwest,,Bemidji,MN,56601,,1-888-493-3638,E,,Public,,,,,,,,2,,ZEFNET,https://www.zefenergy.com,GPS,47.47172,-94.88329,2024-12-09,170716,2024-12-09 04:03:40 UTC,,,,2020-12-28,,,,,CHADEMO J1772COMBO,US,,,,Public,,public,,,,,,,,,,,,,,,,,,,,false,,,,,,,,,false,
ELEC,City Of Grand Rapids,316 North Pokegama Avenue,,Grand Rapids,MN,55744,,1-888-493-3638,E,,Public,,,,,,,,2,,ZEFNET,https://www.zefenergy.com,GPS,47.23544,-93.52754,2024-12-09,170718,2024-12-09 04:03:39 UTC,,,,2020-12-28,,,,,CHADEMO J1772COMBO,US,,,,Public,,public,,,,,,,,,,,,,,,,,,,,false,,,,,,,,,false,
ELEC,"George F Crosby Park - Crosby, MN",199 1st St SE,,Crosby,MN,56441,,612-688-4596,T,2024-08-01,TEMPORARILY UNAVAILABLE (Public),24 hours daily,,,,,,2,1,,ZEFNET,https://www.zefenergy.com,GPS,46.481604,-93.948865,2024-05-09,170721,2024-05-09 20:32:20 UTC,P,,,2020-12-28,,,,,CHADEMO J1772 J1772COMBO,US,,,,TEMPORAIREMENT SUSPENDU (Public),,public,,,PARKING_LOT,,,,,,,,,,,,,,,,,false,,,,,,,,LD,false,
ELEC,Hub 71 Food and Gas,3 US-71,,Sebeka,MN,56477,,218-837-2244,E,,Public,24 hours daily,,,,,,2,,,Non-Networked,,GPS,46.629498,-95.096097,2023-04-06,170724,2024-01-31 22:07:01 UTC,P,,,2020-12-28,,,,,J1772,US,,,,Public,,public,,,RESTAURANT,,,,,,,Free,,,,,,,,,,false,,,,,,,,LD,false,
ELEC,HY VEE EAGAN NORTH,1500 Central Park Commons Dr,Charging stations are located under wind turbines,Eagan,MN,55121,,888-758-4389,E,,Public,24 hours daily,,,,,,2,,,ChargePoint Network,http://www.chargepoint.com/,GPS,44.83481,-93.170574,2024-12-10,171520,2024-12-10 00:41:07 UTC,,,,2021-01-27,,,,,J1772,US,,,,Public,,public,,,,,,,,,,,,,,,,,,,,,,,,,,,,,false,
ELEC,HOLIDAY INN! HOLIDAY INN 02,200 W 1st St,,Duluth,MN,55802,,888-758-4389,E,,Public,24 hours daily,,,,,,2,,,ChargePoint Network,http://www.chargepoint.com/,GPS,46.78517,-92.102083,2024-12-10,171544,2024-12-10 00:31:11 UTC,,,,2021-01-27,,,,,J1772,US,,,,Public,,public,,,,,,,,,,,,,,,,,,,,,,,,,,,,,false,
ELEC,MILL ST RAMP MILL ST RAMP 1,725 Mill St,,Wayzata,MN,55391,,888-758-4389,E,,Public,24 hours daily,,,,,,2,,,ChargePoint Network,http://www.chargepoint.com/,GPS,44.969752,-93.510644,2024-12-10,171738,2024-12-10 00:48:14 UTC,,,,2021-01-27,,,,,J1772,US,,,,Public,,public,,,,,,,,,,,,,,,,,,,,,,,,,,,,,false,
ELEC,THOMSON REUTERS THOMSON REUTERS,610 Opperman Dr,-Located to left of main enterance,Eagan,MN,55123,,888-758-4389,T,2024-07-17,TEMPORARILY UNAVAILABLE (Public),24 hours daily,,,,,,2,,,ChargePoint Network,http://www.chargepoint.com/,GPS,44.82507,-93.112752,2024-12-10,171880,2024-12-10 00:31:53 UTC,,,,2021-01-27,,,,,J1772,US,,,,TEMPORAIREMENT SUSPENDU (Public),,public,,,,,,,,,,,,,,,,,,,,,,,,,,,,,false,
ELEC,MINNEAPOLIS HAAF RAMP L2-1,424 S 4th St,,Minneapolis,MN,55415,,888-758-4389,E,,Public,24 hours daily,,,,,,2,,,ChargePoint Network,http://www.chargepoint.com/,GPS,44.977309,-93.263051,2024-12-10,171940,2024-12-10 01:07:19 UTC,,,,2021-01-27,,,,,J1772,US,,,,Public,,public,,,,,,,,,,,,,,,,,,,,,,,,,,,,,false,
ELEC,3M 280 STATION #6,277 Conway Ave,280 South Lot - East Side of lot,Maplewood,MN,55119,,888-758-4389,E,,Public,24 hours daily,,,,,,2,,,ChargePoint Network,http://www.chargepoint.com/,GPS,44.957062,-93.003069,2024-12-10,172019,2024-12-10 00:40:22 UTC,,,,2021-01-27,,,,,J1772,US,,,,Public,,public,,,,,,,,,,,,,,,,,,,,,,,,,,,,,false,
ELEC,3M 220 GUEST PARK,11th St,3M Center B220 Surface Lot Guest Parking,Maplewood,MN,55119,,888-758-4389,E,,Public,24 hours daily,,,,,,2,,,ChargePoint Network,http://www.chargepoint.com/,GPS,44.95075,-92.997275,2024-12-10,172024,2024-12-10 00:45:12 UTC,,,,2021-01-27,,,,,J1772,US,,,,Public,,public,,,,,,,,,,,,,,,,,,,,,,,,,,,,,false,
ELEC,MINNESOTA STATE LOT 11A - 1,West Road - Lot 11A,,Mankato,MN,56001,,888-758-4389,E,,Public,24 hours daily,,,,,,2,,,ChargePoint Network,http://www.chargepoint.com/,GPS,44.146623,-94.001755,2024-12-10,172325,2024-12-10 00:48:13 UTC,,,,2021-01-27,,,,,J1772,US,,,,Public,,public,,,,,,,,,,,,,,,,,,,,,,,,,,,,,false,
ELEC,CARLETON JAMES HALL WEST,140 Nevada St,,Northfield,MN,55057,,888-758-4389,E,,Public,24 hours daily,,,,,,2,,,ChargePoint Network,http://www.chargepoint.com/,GPS,44.460293,-93.15224,2024-12-10,172437,2024-12-10 01:06:43 UTC,,,,2021-01-27,,,,,J1772,US,,,,Public,,public,,,,,,,,,,,,,,,,,,,,,,,,,,,,,false,
ELEC,ROSEDALE CENTER STATION 1,10 Rosedale Center,,Roseville,MN,55113,,888-758-4389,E,,Public,24 hours daily,,,,,,2,,,ChargePoint Network,http://www.chargepoint.com/,GPS,45.013279,-93.17085,2024-12-10,172463,2024-12-10 00:44:40 UTC,,,,2021-01-27,,,,,J1772,US,,,,Public,,public,,,,,,,,,,,,,,,,,,,,,,,,,,,,,false,
ELEC,3M 280 STATION #1,2261 Conway Avenue,280 South Lot - East Side of lot,Maplewood,MN,55144,,888-758-4389,E,,Public,24 hours daily,,,,,,2,,,ChargePoint Network,http://www.chargepoint.com/,GPS,44.95693,-93.003255,2024-12-10,172626,2024-12-10 00:40:22 UTC,,,,2021-01-27,,,,,J1772,US,,,,Public,,public,,,,,,,,,,,,,,,,,,,,,,,,,,,,,false,
ELEC,3M 280 STATION #3,2261 Conway Avenue,280 South Lot - East Side of lot,Maplewood,MN,55144,,888-758-4389,E,,Public,24 hours daily,,,,,,2,,,ChargePoint Network,http://www.chargepoint.com/,GPS,44.956954,-93.00314,2024-12-10,172627,2024-12-10 00:40:21 UTC,,,,2021-01-27,,,,,J1772,US,,,,Public,,public,,,,,,,,,,,,,,,,,,,,,,,,,,,,,false,
ELEC,3M 280 STATION #5,2261 Conway Avenue,280 South Lot - East Side of lot,Maplewood,MN,55144,,888-758-4389,E,,Public,24 hours daily,,,,,,2,,,ChargePoint Network,http://www.chargepoint.com/,GPS,44.957109,-93.002863,2024-12-10,172628,2024-12-10 00:39:43 UTC,,,,2021-01-27,,,,,J1772,US,,,,Public,,public,,,,,,,,,,,,,,,,,,,,,,,,,,,,,false,
ELEC,3M 236 STATION #5,240 Avenue K,235/236 Surface Lot,Maplewood,MN,55119,,888-758-4389,E,,Public,24 hours daily,,,,,,2,,,ChargePoint Network,http://www.chargepoint.com/,GPS,44.954296,-92.987975,2024-12-10,172653,2024-12-10 00:45:45 UTC,,,,2021-01-27,,,,,J1772,US,,,,Public,,public,,,,,,,,,,,,,,,,,,,,,,,,,,,,,false,
ELEC,3M 236 STATION #2,240 Avenue K,235/236 Surface Lot,Maplewood,MN,55119,,888-758-4389,E,,Public,24 hours daily,,,,,,2,,,ChargePoint Network,http://www.chargepoint.com/,GPS,44.954269,-92.987718,2024-12-10,172654,2024-12-10 00:45:45 UTC,,,,2021-01-27,,,,,J1772,US,,,,Public,,public,,,,,,,,,,,,,,,,,,,,,,,,,,,,,false,
ELEC,3M 236 STATION#1,240 Avenue K,235/236 Surface Lot,Maplewood,MN,55119,,888-758-4389,E,,Public,24 hours daily,,,,,,2,,,ChargePoint Network,http://www.chargepoint.com/,GPS,44.954259,-92.98762,2024-12-10,172655,2024-12-10 00:45:43 UTC,,,,2021-01-27,,,,,J1772,US,,,,Public,,public,,,,,,,,,,,,,,,,,,,,,,,,,,,,,false,
ELEC,3M 236 STATION #4,240 Avenue K,B235/236 Surface Lot,Maplewood,MN,55119,,888-758-4389,E,,Public,24 hours daily,,,,,,2,,,ChargePoint Network,http://www.chargepoint.com/,GPS,44.954302,-92.987871,2024-12-10,172656,2024-12-10 00:45:12 UTC,,,,2021-01-27,,,,,J1772,US,,,,Public,,public,,,,,,,,,,,,,,,,,,,,,,,,,,,,,false,
ELEC,HY VEE SHAKOPEE SOUTH,1451 Adams St,Located in Hy-Vee Parking Lot,Shakopee,MN,55379,,888-758-4389,E,,Public,24 hours daily,,,,,,2,,,ChargePoint Network,http://www.chargepoint.com/,GPS,44.778637,-93.538775,2024-12-10,172883,2024-12-10 00:46:59 UTC,,,,2021-01-27,,,,,J1772,US,,,,Public,,public,,,,,,,,,,,,,,,,,,,,,,,,,,,,,false,
ELEC,LANESBORO BASS POND 02,Co Hwy 21,Site is located in parking lot of small pond on mill pond rd,Lanesboro,MN,55949,,888-758-4389,T,2024-11-21,TEMPORARILY UNAVAILABLE (Public),24 hours daily,,,,,,2,,,ChargePoint Network,http://www.chargepoint.com/,GPS,43.720517,-91.979015,2024-12-10,173248,2024-12-10 00:55:19 UTC,,,,2021-01-27,,,,,J1772,US,,,,TEMPORAIREMENT SUSPENDU (Public),,public,,,,,,,,,,,,,,,,,,,,,,,,,,,,,false,
ELEC,HY VEE RBNSDALE NORTH,3505 Bottineau Blvd,Located in the Hy-Vee parking lot,Robbinsdale,MN,55422,,888-758-4389,E,,Public,24 hours daily,,,,,,2,,,ChargePoint Network,http://www.chargepoint.com/,GPS,45.019188,-93.327033,2024-12-10,173434,2024-12-10 00:56:10 UTC,,,,2021-01-27,,,,,J1772,US,,,,Public,,public,,,,,,,,,,,,,,,,,,,,,,,,,,,,,false,
ELEC,VIRGINIA PU VETS MEMORIAL,202 N 3rd Ave W,,Virginia,MN,55792,,888-758-4389,E,,Public,24 hours daily,,,,,,,1,,ChargePoint Network,http://www.chargepoint.com/,GPS,47.524846,-92.535716,2024-12-10,173717,2024-12-10 00:58:34 UTC,,,,2021-01-27,,,,,CHADEMO J1772COMBO,US,,,,Public,,public,,,,,,,,,,,,,,,,,,,,,,,,,,,,,false,
ELEC,CITY OF ST PAUL RIVER CENTRE 3,150 W Kellogg Blvd,,Saint Paul,MN,55102,,888-758-4389,E,,Public,24 hours daily,,,,,,2,,,ChargePoint Network,http://www.chargepoint.com/,GPS,44.943175,-93.100266,2024-12-10,174088,2024-12-10 01:02:30 UTC,,,,2021-01-27,,,,,J1772,US,,,,Public,,public,,,,,,,,,,,,,,,,,,,,,,,,,,,,,false,
ELEC,CITY OF ST PAUL RIVER CENTRE 2,150 W Kellogg Blvd,,Saint Paul,MN,55102,,888-758-4389,E,,Public,24 hours daily,,,,,,2,,,ChargePoint Network,http://www.chargepoint.com/,GPS,44.943348,-93.1004,2024-12-10,174089,2024-12-10 01:02:21 UTC,,,,2021-01-27,,,,,J1772,US,,,,Public,,public,,,,,,,,,,,,,,,,,,,,,,,,,,,,,false,
ELEC,CITY OF ST PAUL RIVER CENTRE 1,150 W Kellogg Blvd,,Saint Paul,MN,55102,,888-758-4389,E,,Public,24 hours daily,,,,,,2,,,ChargePoint Network,http://www.chargepoint.com/,GPS,44.943343,-93.100341,2024-12-10,174090,2024-12-10 01:00:05 UTC,,,,2021-01-27,,,,,J1772,US,,,,Public,,public,,,,,,,,,,,,,,,,,,,,,,,,,,,,,false,
ELEC,3M 229 NORTHLOT #4,259 12th St,,Maplewood,MN,55119,,888-758-4389,E,,Public,24 hours daily,,,,,,2,,,ChargePoint Network,http://www.chargepoint.com/,GPS,44.952747,-92.997113,2024-12-10,174227,2024-12-10 01:02:43 UTC,,,,2021-01-27,,,,,J1772,US,,,,Public,,public,,,,,,,,,,,,,,,,,,,,,,,,,,,,,false,
ELEC,MOOSE LAKE LEVEL 2,201 Arrowhead Ln,,Moose Lake,MN,55767,,888-758-4389,E,,Public,24 hours daily,,,,,,2,,,ChargePoint Network,http://www.chargepoint.com/,GPS,46.45235,-92.76395,2024-12-10,174389,2024-12-10 01:03:56 UTC,,,,2021-01-27,,,,,J1772,US,,,,Public,,public,,,,,,,,,,,,,,,,,,,,,,,,,,,,,false,
ELEC,HY VEE MAPLE GROVE B,18755 70th Way N,Near Main Entrance,Maple Grove,MN,55311,,888-758-4389,E,,Public,24 hours daily,,,,,,2,,,ChargePoint Network,http://www.chargepoint.com/,GPS,45.08314,-93.517962,2024-12-10,174522,2024-12-10 01:05:28 UTC,,,,2021-01-27,,,,,J1772,US,,,,Public,,public,,,,,,,,,,,,,,,,,,,,,,,,,,,,,false,
ELEC,MINNEAPOLIS RAMP A L3-1,101 N 9th St,Zone N4,Minneapolis,MN,55402,,888-758-4389,E,,Public,24 hours daily,,,,,,2,,,ChargePoint Network,http://www.chargepoint.com/,GPS,44.978259,-93.277903,2024-12-10,174585,2024-12-10 01:06:33 UTC,,,,2021-01-27,,,,,J1772,US,,,,Public,,public,,,,,,,,,,,,,,,,,,,,,,,,,,,,,false,
ELEC,MINNEAPOLIS RAMP A L5-1,101 N 9th St,Zone N4,Minneapolis,MN,55402,,888-758-4389,E,,Public,24 hours daily,,,,,,2,,,ChargePoint Network,http://www.chargepoint.com/,GPS,44.978256,-93.277842,2024-12-10,174586,2024-12-10 01:06:33 UTC,,,,2021-01-27,,,,,J1772,US,,,,Public,,public,,,,,,,,,,,,,,,,,,,,,,,,,,,,,false,
ELEC,MINNEAPOLIS RAMP A L5-2,101 N 9th St,Zone N4,Minneapolis,MN,55402,,888-758-4389,T,2024-08-21,TEMPORARILY UNAVAILABLE (Public),24 hours daily,,,,,,2,,,ChargePoint Network,http://www.chargepoint.com/,GPS,44.978291,-93.277851,2024-12-10,174587,2024-12-10 01:06:31 UTC,,,,2021-01-27,,,,,J1772,US,,,,TEMPORAIREMENT SUSPENDU (Public),,public,,,,,,,,,,,,,,,,,,,,,,,,,,,,,false,
ELEC,MINNEAPOLIS RAMP A L6-2,101 N 9th St,Zone N4,Minneapolis,MN,55402,,888-758-4389,E,,Public,24 hours daily,,,,,,2,,,ChargePoint Network,http://www.chargepoint.com/,GPS,44.978306,-93.277803,2024-12-10,174588,2024-12-10 01:06:25 UTC,,,,2021-01-27,,,,,J1772,US,,,,Public,,public,,,,,,,,,,,,,,,,,,,,,,,,,,,,,false,
ELEC,MINNEAPOLIS RAMP A L7-2,101 N 9th St,,Minneapolis,MN,55402,,888-758-4389,E,,Public,24 hours daily,,,,,,2,,,ChargePoint Network,http://www.chargepoint.com/,GPS,44.978309,-93.277744,2024-12-10,174589,2024-12-10 01:06:23 UTC,,,,2021-01-27,,,,,J1772,US,,,,Public,,public,,,,,,,,,,,,,,,,,,,,,,,,,,,,,false,
ELEC,MINNEAPOLIS RAMP A L6-1,101 N 9th St,Zone N4,Minneapolis,MN,55402,,888-758-4389,E,,Public,24 hours daily,,,,,,2,,,ChargePoint Network,http://www.chargepoint.com/,GPS,44.978253,-93.277785,2024-12-10,174590,2024-12-10 01:06:23 UTC,,,,2021-01-27,,,,,J1772,US,,,,Public,,public,,,,,,,,,,,,,,,,,,,,,,,,,,,,,false,
ELEC,MINNEAPOLIS RAMP A L7-1,101 N 9th St,,Minneapolis,MN,55402,,888-758-4389,E,,Public,24 hours daily,,,,,,2,,,ChargePoint Network,http://www.chargepoint.com/,GPS,44.97826,-93.277748,2024-12-10,174591,2024-12-10 01:06:21 UTC,,,,2021-01-27,,,,,J1772,US,,,,Public,,public,,,,,,,,,,,,,,,,,,,,,,,,,,,,,false,
ELEC,HY VEE RCHSTER 4 SOUTH,4221 W Cir Dr NW,Hy-Vee Parking lot,Rochester,MN,55901,,888-758-4389,E,,Public,24 hours daily,,,,,,2,,,ChargePoint Network,http://www.chargepoint.com/,GPS,44.065735,-92.525407,2024-12-10,174601,2024-12-10 00:39:19 UTC,,,,2021-01-27,,,,,J1772,US,,,,Public,,public,,,,,,,,,,,,,,,,,,,,,,,,,,,,,false,
ELEC,HY VEE NEW HOPE EAST,4300 Xylon Ave N,,Minneapolis,MN,55428,,888-758-4389,E,,Public,24 hours daily,,,,,,2,,,ChargePoint Network,http://www.chargepoint.com/,GPS,45.034351,-93.383521,2024-12-10,174602,2024-12-10 00:39:05 UTC,,,,2021-01-27,,,,,J1772,US,,,,Public,,public,,,,,,,,,,,,,,,,,,,,,,,,,,,,,false,
ELEC,MINNEAPOLIS RAMP C L3-3,318 N 2nd Ave,,Minneapolis,MN,55401,,888-758-4389,E,,Public,24 hours daily,,,,,,2,,,ChargePoint Network,http://www.chargepoint.com/,GPS,44.982793,-93.273893,2024-12-10,174670,2024-12-10 01:07:01 UTC,,,,2021-01-27,,,,,J1772,US,,,,Public,,public,,,,,,,,,,,,,,,,,,,,,,,,,,,,,false,
ELEC,MINNEAPOLIS RAMP C L3-2,318 N 2nd Ave,,Minneapolis,MN,55401,,888-758-4389,E,,Public,24 hours daily,,,,,,2,,,ChargePoint Network,http://www.chargepoint.com/,GPS,44.982744,-93.273825,2024-12-10,174671,2024-12-10 01:07:01 UTC,,,,2021-01-27,,,,,J1772,US,,,,Public,,public,,,,,,,,,,,,,,,,,,,,,,,,,,,,,false,
ELEC,MINNEAPOLIS RAMP C L3-1,318 N 2nd Ave,,Minneapolis,MN,55401,,888-758-4389,E,,Public,24 hours daily,,,,,,2,,,ChargePoint Network,http://www.chargepoint.com/,GPS,44.982696,-93.273747,2024-12-10,174672,2024-12-10 01:07:00 UTC,,,,2021-01-27,,,,,J1772,US,,,,Public,,public,,,,,,,,,,,,,,,,,,,,,,,,,,,,,false,
ELEC,MINNEAPOLIS LEAMNGTN L2-2,220 S 11th St,,Minneapolis,MN,55403,,888-758-4389,E,,Public,24 hours daily,,,,,,2,,,ChargePoint Network,http://www.chargepoint.com/,GPS,44.972088,-93.271907,2024-12-10,174673,2024-12-10 01:07:00 UTC,,,,2021-01-27,,,,,J1772,US,,,,Public,,public,,,,,,,,,,,,,,,,,,,,,,,,,,,,,false,
ELEC,MINNEAPOLIS LEAMNGTN L2-3,220 S 11th St,,Minneapolis,MN,55403,,888-758-4389,E,,Public,24 hours daily,,,,,,2,,,ChargePoint Network,http://www.chargepoint.com/,GPS,44.97204,-93.272026,2024-12-10,174674,2024-12-10 01:07:00 UTC,,,,2021-01-27,,,,,J1772,US,,,,Public,,public,,,,,,,,,,,,,,,,,,,,,,,,,,,,,false,
ELEC,MINNEAPOLIS RAMP A L4-2,115-119 N 9th St,,Minneapolis,MN,55402,,888-758-4389,E,,Public,24 hours daily,,,,,,2,,,ChargePoint Network,http://www.chargepoint.com/,GPS,44.978291,-93.277875,2024-12-10,174687,2024-12-10 01:07:15 UTC,,,,2021-01-27,,,,,J1772,US,,,,Public,,public,,,,,,,,,,,,,,,,,,,,,,,,,,,,,false,
ELEC,MINNEAPOLIS RAMP B L3-2,516 N 2nd Ave,,Minneapolis,MN,55403,,888-758-4389,E,,Public,24 hours daily,,,,,,2,,,ChargePoint Network,http://www.chargepoint.com/,GPS,44.980818,-93.276038,2024-12-10,174688,2024-12-10 01:07:14 UTC,,,,2021-01-27,,,,,J1772,US,,,,Public,,public,,,,,,,,,,,,,,,,,,,,,,,,,,,,,false,
ELEC,MINNEAPOLIS RAMP B L3-1,516 N 2nd Ave,,Minneapolis,MN,55403,,888-758-4389,E,,Public,24 hours daily,,,,,,2,,,ChargePoint Network,http://www.chargepoint.com/,GPS,44.980762,-93.275995,2024-12-10,174689,2024-12-10 01:07:14 UTC,,,,2021-01-27,,,,,J1772,US,,,,Public,,public,,,,,,,,,,,,,,,,,,,,,,,,,,,,,false,
ELEC,MINNEAPOLIS RAMP B L3-3,516 N 2nd Ave,,Minneapolis,MN,55403,,888-758-4389,E,,Public,24 hours daily,,,,,,2,,,ChargePoint Network,http://www.chargepoint.com/,GPS,44.980856,-93.276084,2024-12-10,174690,2024-12-10 01:07:14 UTC,,,,2021-01-27,,,,,J1772,US,,,,Public,,public,,,,,,,,,,,,,,,,,,,,,,,,,,,,,false,
ELEC,CITY OF ST PAUL COMO PV2,1360 Lexington Pkwy N,,Saint Paul,MN,55117,,888-758-4389,E,,Public,24 hours daily,,,,,,1,,,ChargePoint Network,http://www.chargepoint.com/,GPS,44.981598,-93.143754,2024-12-10,174906,2024-12-10 01:08:26 UTC,,,,2021-01-27,,,,,J1772,US,,,,Public,,public,,,,,,,,,,,,,,,,,,,,,,,,,,,,,false,
ELEC,MN2111 LEVEL 3- B,425 6th st s,3 floor of parking ramp,Minneapolis,MN,55415,,888-758-4389,E,,Public,24 hours daily,,,,,,2,,,ChargePoint Network,http://www.chargepoint.com/,GPS,44.975204,-93.265627,2024-12-10,175353,2024-12-10 01:11:43 UTC,,,,2021-01-27,,,,,J1772,US,,,,Public,,public,,,,,,,,,,,,,,,,,,,,,,,,,,,,,false,
ELEC,SHOREVIEW SHOREVIEW #1,4600 Victoria St N,Upper Parking lot,Shoreview,MN,55126,,888-758-4389,E,,Public,24 hours daily,,,,,,2,,,ChargePoint Network,http://www.chargepoint.com/,GPS,45.080668,-93.132497,2024-12-10,180641,2024-12-10 01:15:05 UTC,,,,2021-01-27,,,,,J1772,US,,,,Public,,public,,,,,,,,,,,,,,,,,,,,,,,,,,,,,false,
ELEC,TARGET T0260 STATION 2,3601 MN-100,,St. Louis Park,MN,55416,,888-758-4389,E,,Public,24 hours daily,,,,,,2,,,ChargePoint Network,http://www.chargepoint.com/,GPS,44.936417,-93.347941,2024-12-10,181128,2024-12-10 01:13:47 UTC,,,,2021-01-27,,,,,J1772,US,,,,Public,,public,,,,,,,,,,,,,,,,,,,,,,,,,,,,,false,
ELEC,TARGET T0821 STATION 2,4404 MN-29,,Alexandria,MN,56308,,888-758-4389,E,,Public,24 hours daily,,,,,,2,,,ChargePoint Network,http://www.chargepoint.com/,GPS,45.849624,-95.389833,2024-12-10,181129,2024-12-10 01:12:16 UTC,,,,2021-01-27,,,,,J1772,US,,,,Public,,public,,,,,,,,,,,,,,,,,,,,,,,,,,,,,false,
ELEC,TARGET T1095 STATION 1,1650 New Brighton Blvd,,Minneapolis,MN,55413,,888-758-4389,E,,Public,24 hours daily,,,,,,2,,,ChargePoint Network,http://www.chargepoint.com/,GPS,45.004281,-93.228471,2024-12-10,181560,2024-12-10 01:18:48 UTC,,,,2021-01-27,,,,,J1772,US,,,,Public,,public,,,,,,,,,,,,,,,,,,,,,,,,,,,,,false,
ELEC,TARGET T0100 STATION 2,13201 Ridgedale Dr,,Minnetonka,MN,55305,,888-758-4389,E,,Public,24 hours daily,,,,,,2,,,ChargePoint Network,http://www.chargepoint.com/,GPS,44.970514,-93.446983,2024-12-10,181561,2024-12-10 01:17:11 UTC,,,,2021-01-27,,,,,J1772,US,,,,Public,,public,,,,,,,,,,,,,,,,,,,,,,,,,,,,,false,
ELEC,HENNEPIN COUNTY TARGETFIELDSTN2,500 N 5th St,Located inside the parking ramp next to the parking booth. Enterance is off the 5th Street N or 6th Ave N entrance.,Minneapolis,MN,55401,,888-758-4389,E,,Public,24 hours daily,,,,,,2,,,ChargePoint Network,http://www.chargepoint.com/,GPS,44.983222,-93.278159,2024-12-10,181649,2024-12-10 00:32:14 UTC,,,,2021-01-27,,,,,J1772,US,,,,Public,,public,,,,,,,,,,,,,,,,,,,,,,,,,,,,,false,
ELEC,UNIV ST THOMAS TOMMIE 3,139 Cleveland Ave N,"In Parking Structure, Unavailable Mon-Fri Midnight to 4pm due parking structure being closed.",Saint Paul,MN,55104,,888-758-4389,E,,Public,24 hours daily,,,,,,2,,,ChargePoint Network,http://www.chargepoint.com/,GPS,44.945788,-93.187583,2024-12-10,181710,2024-12-10 01:17:37 UTC,,,,2021-01-27,,,,,J1772,US,,,,Public,,public,,,,,,,,,,,,,,,,,,,,,,,,,,,,,false,
ELEC,UNIV ST THOMAS TOMMIE 2,75 Cleveland Ave N,In Parking Structure,Saint Paul,MN,55104,,888-758-4389,E,,Public,24 hours daily,,,,,,1,,,ChargePoint Network,http://www.chargepoint.com/,GPS,44.943749,-93.188278,2024-12-10,181711,2024-12-10 01:16:57 UTC,,,,2021-01-27,,,,,J1772,US,,,,Public,,public,,,,,,,,,,,,,,,,,,,,,,,,,,,,,false,
ELEC,ST LOUIS PARK WHNC INTER CTR,8300 W Franklin Ave,West side of parking lot,St. Louis Park,MN,55426,,888-758-4389,E,,Public,24 hours daily,,,,,,2,,,ChargePoint Network,http://www.chargepoint.com/,GPS,44.965168,-93.387085,2024-12-10,181719,2024-12-10 01:17:29 UTC,,,,2021-01-27,,,,,J1772,US,,,,Public,,public,,,,,,,,,,,,,,,,,,,,,,,,,,,,,false,
ELEC,MYSTIC LAKE CNT NORTH LOT 4,2400 Mystic Lake Blvd,,Prior Lake,MN,55372,,888-758-4389,E,,Public,24 hours daily,,,,,,2,,,ChargePoint Network,http://www.chargepoint.com/,GPS,44.733734,-93.475598,2024-12-10,182054,2024-12-10 00:50:28 UTC,,,,2021-01-27,,,,,J1772,US,,,,Public,,public,,,,,,,,,,,,,,,,,,,,,,,,,,,,,false,
ELEC,MYSTIC L CASINO MAIN LOT 2,2400 Mystic Lake Blvd,South of main entrance,Prior Lake,MN,55372,,888-758-4389,E,,Public,24 hours daily,,,,,,2,,,ChargePoint Network,http://www.chargepoint.com/,GPS,44.72905,-93.472633,2024-12-10,182055,2024-12-10 00:44:54 UTC,,,,2021-01-27,,,,,J1772,US,,,,Public,,public,,,,,,,,,,,,,,,,,,,,,,,,,,,,,false,
ELEC,MYSTIC L CASINO MAIN LOT 1,2400 Mystic Lake Blvd,South of main entrance,Prior Lake,MN,55372,,888-758-4389,E,,Public,24 hours daily,,,,,,2,,,ChargePoint Network,http://www.chargepoint.com/,GPS,44.729037,-93.472656,2024-12-10,182056,2024-12-10 00:44:28 UTC,,,,2021-01-27,,,,,J1772,US,,,,Public,,public,,,,,,,,,,,,,,,,,,,,,,,,,,,,,false,
ELEC,TARGET T0549 STATION 6,1000 Nicollet Mall,Demo station and not for public use.,Minneapolis,MN,55403,,888-758-4389,T,2024-06-21,TEMPORARILY UNAVAILABLE (Public),Mon 7:00am - 12:00am; Tue 7:00am - 12:00am; Wed 7:00am - 12:00am; Thu 7:00am - 12:00am; Fri 7:00am - 12:00am; Sat 7:00am - 12:00am; Sun 7:00am - 12:00am,,,,,,2,,,ChargePoint Network,http://www.chargepoint.com/,GPS,44.973933,-93.275225,2024-12-10,182315,2024-12-10 00:30:57 UTC,,,,2021-01-27,,,,,J1772,US,,,,TEMPORAIREMENT SUSPENDU (Public),,public,,,,,,,,,,,,,,,,,,,,,,,,,,,,,false,
ELEC,CLEARY LAKE VISITOR CENTER,18106 Texas Ave,Cleary Lake Regional Park- Near Visitor Center,Prior Lake,MN,55372,,888-758-4389,E,,Public,Mon 5:00am - 10:00pm; Tue 5:00am - 10:00pm; Wed 5:00am - 10:00pm; Thu 5:00am - 10:00pm; Fri 5:00am - 10:00pm; Sat 5:00am - 10:00pm; Sun 5:00am - 10:00pm,,,,,,2,,,ChargePoint Network,http://www.chargepoint.com/,GPS,44.689018,-93.387792,2024-12-10,182416,2024-12-10 00:38:28 UTC,,,,2021-01-27,,,,,J1772,US,,,,Public,,public,,,,,,,,,,,,,,,,,,,,,,,,,,,,,false,
ELEC,ACCREDITED NORTH,5200 W 73rd St,,Edina,MN,55439,,888-758-4389,T,2024-12-07,TEMPORARILY UNAVAILABLE (Public),Mon 6:00pm - 12:00am; Tue 6:00pm - 12:00am; Wed 6:00pm - 12:00am; Thu 6:00pm - 12:00am; Fri 6:00pm - 12:00am; Sat 12:00am - 12:00am; Sun 12:00am - 12:00am,,,,,,2,,,ChargePoint Network,http://www.chargepoint.com/,GPS,44.870761,-93.355249,2024-12-10,182479,2024-12-10 00:44:34 UTC,,,,2021-01-27,,,,,J1772,US,,,,TEMPORAIREMENT SUSPENDU (Public),,public,,,,,,,,,,,,,,,,,,,,,,,,,,,,,false,
ELEC,ERMU STATIONS STATION 1,716 Main Street Nw,,Elk River,MN,55330,,888-758-4389,E,,Public,24 hours daily,,,,,,2,,,ChargePoint Network,http://www.chargepoint.com/,GPS,45.30338,-93.568215,2024-12-10,182520,2024-12-10 00:46:34 UTC,,,,2021-01-27,,,,,J1772,US,,,,Public,,public,,,,,,,,,,,,,,,,,,,,,,,,,,,,,false,
ELEC,LUNDS FOODS WHITE BEAR 1,4630 Centerville Rd,,White Bear Lake,MN,55127,,888-758-4389,E,,Public,Mon 6:00am - 10:00pm; Tue 6:00am - 10:00pm; Wed 6:00am - 10:00pm; Thu 6:00am - 10:00pm; Fri 6:00am - 10:00pm; Sat 6:00am - 10:00pm; Sun 6:00am - 10:00pm,,,,,,2,,,ChargePoint Network,http://www.chargepoint.com/,GPS,45.081105,-93.05498,2024-12-10,182798,2024-12-10 00:56:08 UTC,,,,2021-01-27,,,,,J1772,US,,,,Public,,public,,,,,,,,,,,,,,,,,,,,,,,,,,,,,false,
ELEC,LUNDS FOODS WHITE BEAR 2,4630 Centerville Rd,,White Bear Lake,MN,55127,,888-758-4389,E,,Public,Mon 6:00am - 10:00pm; Tue 6:00am - 10:00pm; Wed 6:00am - 10:00pm; Thu 6:00am - 10:00pm; Fri 6:00am - 10:00pm; Sat 6:00am - 10:00pm; Sun 6:00am - 10:00pm,,,,,,2,,,ChargePoint Network,http://www.chargepoint.com/,GPS,45.081136,-93.054926,2024-12-10,182802,2024-12-10 00:56:13 UTC,,,,2021-01-27,,,,,J1772,US,,,,Public,,public,,,,,,,,,,,,,,,,,,,,,,,,,,,,,false,
ELEC,CNX L2-2,14601 Ramsey Blvd NW,East Side of Solar Array,Ramsey,MN,55303,,888-758-4389,E,,Public,24 hours daily,,,,,,2,,,ChargePoint Network,http://www.chargepoint.com/,GPS,45.236423,-93.447238,2024-12-10,183133,2024-12-10 01:04:01 UTC,,,,2021-01-27,,,,,J1772,US,,,,Public,,public,,,,,,,,,,,,,,,,,,,,,,,,,,,,,false,
ELEC,CNX L2-3,14601 Ramsey Blvd NW,East Side of Solar Array,Ramsey,MN,55303,,888-758-4389,E,,Public,24 hours daily,,,,,,2,,,ChargePoint Network,http://www.chargepoint.com/,GPS,45.236367,-93.447187,2024-12-10,183134,2024-12-10 01:04:02 UTC,,,,2021-01-27,,,,,J1772,US,,,,Public,,public,,,,,,,,,,,,,,,,,,,,,,,,,,,,,false,
ELEC,Madden's on Gull Lake,11266 Pine Beach Peninsula,,Brainerd,MN,56401,,218-829-2811,E,,Public,24 hours daily; guest use only,,,,,,2,,,Non-Networked,,GPS,46.396243,-94.375186,2024-11-06,183788,2024-11-06 19:40:58 UTC,P,,,2019-07-01,,,,,TESLA,US,,,,Public,,public,,,HOTEL,,,,,,,Free,,,,,,,,,,true,,,,,,,,LD,false,
ELEC,EPA Duluth,6201 Congdon Blvd,,Duluth,MN,55804,,,E,,Private - Government only,,,,,,,1,,,Non-Networked,,GPS,46.838786,-92.003076,2024-01-10,184324,2024-01-31 22:07:01 UTC,FG,20,U.S. Environmental Protection Agency,2021-01-15,,,,,J1772,US,,,,Privé - Réservé au gouvernement,,private,GOVERNMENT,EPA,FED_GOV,,,,,,,Free,,,,,,,,,,,,,,,,,,,false,
ELEC,FMC Rochester,2110 E Center St,,Rochester,MN,55904,,,E,,Private - Government only,Fueling equipment located in a secure area with no public access,,,,,1,,,,Non-Networked,,GPS,44.024194,-92.436226,2023-06-12,184627,2024-01-31 22:07:01 UTC,FG,12,Department of Justice,2021-01-15,,,,,NEMA515,US,,,,Privé - Réservé au gouvernement,,private,GOVERNMENT,DOJ,FED_GOV,,,,,,,Free,,,,,,,,,,,,,,,,,,,false,
ELEC,FCI Sandstone,P.O. Box 999,,Sandstone,MN,55072,,,E,,Private - Government only,Fueling equipment located in a secure area with no public access,,,,,1,,,,Non-Networked,,GPS,46.109742,-92.853494,2023-06-12,184628,2024-01-31 22:07:01 UTC,FG,12,Department of Justice,2021-01-15,,,,,NEMA515,US,,,,Privé - Réservé au gouvernement,,private,GOVERNMENT,DOJ,FED_GOV,,,,,,,Free,,,,,,,,,,,,,,,,,,,false,
ELEC,FCI Waseca,PO Box 1731,,Waseca,MN,56093,,,E,,Private - Government only,Fueling equipment located in a secure area with no public access,,,,,1,,,,Non-Networked,,GPS,44.067124,-93.517257,2023-06-12,184629,2024-01-31 22:07:01 UTC,FG,12,Department of Justice,2021-01-15,,,,,NEMA515,US,,,,Privé - Réservé au gouvernement,,private,GOVERNMENT,DOJ,FED_GOV,,,,,,,Free,,,,,,,,,,,,,,,,,,,false,
ELEC,FPC Duluth,4464 Ralston Dr,,Duluth,MN,55811,,,E,,Private - Government only,Fueling equipment located in a secure area with no public access,,,,,2,,,,Non-Networked,,GPS,46.835676,-92.194171,2023-06-12,184717,2024-01-31 22:07:01 UTC,FG,12,Department of Justice,2021-01-15,,,,,NEMA515,US,,,,Privé - Réservé au gouvernement,,private,GOVERNMENT,DOJ,FED_GOV,,,,,,,,,,,,,,,,,,,,,,,,,,false,
ELEC,People’s Energy Co-op,1775 Lake Shady Ave S,,Oronoco,MN,55960,,507-367-7000,E,,Public,24 hours daily,,,,,,2,,,Non-Networked,,GPS,44.145484,-92.535787,2023-04-06,185008,2024-01-31 22:07:01 UTC,P,,,2021-02-08,,,,,J1772,US,,,,Public,,public,,,UTILITY,,,,,,,Free,,,,,,,,,,false,,,,,,,,LD,false,
ELEC,WATERWALK GOLD BUILDING 1,10000 59th Ave N,In parking lot near front entry,Plymouth,MN,55442,,888-758-4389,E,,Public,24 hours daily,,,,,,2,,,ChargePoint Network,http://www.chargepoint.com/,GPS,45.060635,-93.406645,2024-12-10,186603,2024-12-10 01:18:23 UTC,,,,2021-03-27,,,,,J1772,US,,,,Public,,public,,,,,,,,,,,,,,,,,,,,,,,,,,,,,false,
ELEC,WATERWALK SILVER GARAGE,10000 59th Ave N,Parking Lot,Plymouth,MN,55442,,888-758-4389,E,,Public,24 hours daily,,,,,,2,,,ChargePoint Network,http://www.chargepoint.com/,GPS,45.060908,-93.406624,2024-12-10,186604,2024-12-10 01:19:09 UTC,,,,2021-03-27,,,,,J1772,US,,,,Public,,public,,,,,,,,,,,,,,,,,,,,,,,,,,,,,false,
ELEC,White Oak Casino,45830 U.S. 2,,Deer River,MN,56636,,1-888-493-3638,E,,Public,,,,,,,2,,,ZEFNET,https://www.zefenergy.com,GPS,47.34008,-93.81242,2024-12-09,187548,2024-12-09 04:03:48 UTC,,,,2019-07-01,,,,,J1772,US,,,,Public,,public,,,,,,,,,,,,,,,,,,,,false,,,,,,,,,false,
ELEC,Cedar Lakes Casino,6268 Upper Cass Frontage Road Northwest,,Cass Lake,MN,56633,,1-888-493-3638,E,,Public,,,,,,,2,,,ZEFNET,https://www.zefenergy.com,GPS,47.38362,-94.61624,2024-12-09,187549,2024-12-09 04:03:22 UTC,,,,2019-07-01,,,,,J1772,US,,,,Public,,public,,,,,,,,,,,,,,,,,,,,false,,,,,,,,,false,
ELEC,HYATT HOUSE STATION 2,315 1st Ave NW,,Rochester,MN,55901,,888-758-4389,E,,Public,24 hours daily,,,,,,2,,,ChargePoint Network,http://www.chargepoint.com/,GPS,44.02655,-92.46468,2024-12-10,188098,2024-12-10 01:22:41 UTC,,,,2021-04-29,,,,,J1772,US,,,,Public,,public,,,,,,,,,,,,,,,,,,,,,,,,,,,,,false,
ELEC,KELLOGG SQUARE KS-111-35BB,111 E Kellogg Blvd,In parking garage,Saint Paul,MN,55101,,888-758-4389,E,,Public,24 hours daily,,,,,,2,,,ChargePoint Network,http://www.chargepoint.com/,GPS,44.946118,-93.090118,2024-12-10,189063,2024-12-10 01:18:25 UTC,,,,2021-04-30,,,,,J1772,US,,,,Public,,public,,,,,,,,,,,,,,,,,,,,,,,,,,,,,false,
ELEC,KELLOGG SQUARE KS-111-35AE,111 E Kellogg Blvd,In parking garage,Saint Paul,MN,55101,,888-758-4389,E,,Public,24 hours daily,,,,,,2,,,ChargePoint Network,http://www.chargepoint.com/,GPS,44.946222,-93.090012,2024-12-10,189064,2024-12-10 01:18:25 UTC,,,,2021-04-30,,,,,J1772,US,,,,Public,,public,,,,,,,,,,,,,,,,,,,,,,,,,,,,,false,
ELEC,HYATT HOUSE STATION 1,315 1st ave nw,,Rochester,MN,55901,,888-758-4389,E,,Public,24 hours daily,,,,,,2,,,ChargePoint Network,http://www.chargepoint.com/,GPS,44.02676,-92.46509,2024-12-10,189235,2024-12-10 01:22:40 UTC,,,,2021-05-05,,,,,J1772,US,,,,Public,,public,,,,,,,,,,,,,,,,,,,,,,,,,,,,,false,
ELEC,PUBLIC STATIONS BOOM ISLAND 1,724 Sibley St NE,"Available 6AM til midnight.  Located in the south corner of the main parking lot, near Shelter A and the river",Minneapolis,MN,55413,,888-758-4389,E,,Public,24 hours daily,,,,,,1,,,ChargePoint Network,http://www.chargepoint.com/,GPS,44.992554,-93.270064,2024-12-10,189286,2024-12-10 00:33:30 UTC,,,,2021-05-06,,,,,J1772,US,,,,Public,,public,,,,,,,,,,,,,,,,,,,,,,,,,,,,,false,
ELEC,ELAN WEST END STATION 1,1511 Utica Ave S,,St. Louis Park,MN,55416,,888-758-4389,E,,Public,24 hours daily,,,,,,2,,,ChargePoint Network,http://www.chargepoint.com/,GPS,44.96897,-93.344864,2024-12-10,189552,2024-12-10 01:16:33 UTC,,,,2021-05-12,,,,,J1772,US,,,,Public,,public,,,,,,,,,,,,,,,,,,,,,,,,,,,,,false,
ELEC,ELAN WEST END STATION 2,1433 Utica Ave S,,St. Louis Park,MN,55416,,888-758-4389,E,,Public,24 hours daily,,,,,,2,,,ChargePoint Network,http://www.chargepoint.com/,GPS,44.968967,-93.3449,2024-12-10,189553,2024-12-10 01:16:33 UTC,,,,2021-05-12,,,,,J1772,US,,,,Public,,public,,,,,,,,,,,,,,,,,,,,,,,,,,,,,false,
ELEC,Maple Grove Transit Station,12350 Main St,,Maple Grove,MN,55369,,888-998-2546,E,,Public,24 hours daily,,,,,,4,,,Blink Network,http://www.blinkcharging.com/,GPS,45.0924,-93.4375,2024-12-10,190070,2024-12-10 00:23:01 UTC,,,,2021-05-21,,,,,J1772,US,,,,Public,,public,,,,,,,,,,Free,,,,,,,,,,,,,,,,,,,false,
ELEC,HY VEE OAKDALE WEST,7180 10th St N,,Oakdale,MN,55128,,888-758-4389,E,,Public,24 hours daily,,,,,,2,,,ChargePoint Network,http://www.chargepoint.com/,GPS,44.964438,-92.96147,2024-12-10,190157,2024-12-10 00:39:06 UTC,,,,2021-05-27,,,,,J1772,US,,,,Public,,public,,,,,,,,,,,,,,,,,,,,,,,,,,,,,false,
ELEC,CASWELL EV CASWELL NORTH,1875 Carlson Dr,Caswell soccer complex parking lot,North Mankato,MN,56003,,888-758-4389,E,,Public,24 hours daily,,,,,,2,,,ChargePoint Network,http://www.chargepoint.com/,GPS,44.1896,-94.0418,2024-12-10,190300,2024-12-10 01:26:20 UTC,,,,2021-05-28,,,,,J1772,US,,,,Public,,public,,,,,,,,,,,,,,,,,,,,,,,,,,,,,false,
ELEC,KLINE VOLVO CAR KVOLVO SALES,3040 Maplewood Dr,NOT PUBLIC,Maplewood,MN,55109,,888-758-4389,E,,Public,24 hours daily,,,,,,2,,,ChargePoint Network,http://www.chargepoint.com/,GPS,45.033756,-93.04355,2024-12-10,190366,2024-12-10 01:26:19 UTC,,,,2021-05-29,,,,,J1772,US,,,,Public,,public,,,,,,,,,,,,,,,,,,,,,,,,,,,,,false,
ELEC,Trail's Travel Center,820 Happy Trails Lane,,Albert Lea,MN,56007,,1-888-493-3638,E,,Public,,,,,,,,2,,ZEFNET,https://www.zefenergy.com,GPS,43.65789,-93.31843,2024-12-09,190527,2024-12-09 04:03:28 UTC,,,,2021-05-23,,,,,CHADEMO J1772COMBO,US,,,,Public,,public,,,,,,,,,,,,,,,,,,,,false,,,,,,,,,false,
ELEC,HY VEE MAPLEWOOD,2501 White Bear Ave,NEAR FRONT ENTRANCE OF HY-VEE,MAPLEWOOD,MN,55109,,888-758-4389,E,,Public,24 hours daily,,,,,,2,,,ChargePoint Network,http://www.chargepoint.com/,GPS,45.016453,-93.020935,2024-12-10,190746,2024-12-10 01:25:33 UTC,,,,2021-06-05,,,,,J1772,US,,,,Public,,public,,,,,,,,,,,,,,,,,,,,,,,,,,,,,false,
ELEC,HY VEE SLP WEST,8155 Hwy 65 NE,NEAR PHARMACY CANOPY,Spring Lake Park,MN,55432,,888-758-4389,E,,Public,24 hours daily,,,,,,2,,,ChargePoint Network,http://www.chargepoint.com/,GPS,45.116375,-93.23971,2024-12-10,190747,2024-12-10 01:25:43 UTC,,,,2021-06-05,,,,,J1772,US,,,,Public,,public,,,,,,,,,,,,,,,,,,,,,,,,,,,,,false,
ELEC,HY VEE SLP EAST,8141-8163 County Rd 108,NEAR MAIN ENTRANCE,Spring Lake Park,MN,55432,,888-758-4389,E,,Public,24 hours daily,,,,,,2,,,ChargePoint Network,http://www.chargepoint.com/,GPS,45.116093,-93.238945,2024-12-10,190830,2024-12-10 01:24:51 UTC,,,,2021-06-09,,,,,J1772,US,,,,Public,,public,,,,,,,,,,,,,,,,,,,,,,,,,,,,,false,
ELEC,ZORBAZ ZORBAZ 1,22036 County 7,,Park Rapids,MN,56470,,888-758-4389,E,,Public,24 hours daily,,,,,,2,,,ChargePoint Network,http://www.chargepoint.com/,GPS,46.97831,-94.949615,2024-12-10,190894,2024-12-10 01:25:43 UTC,,,,2021-06-11,,,,,J1772,US,,,,Public,,public,,,,,,,,,,,,,,,,,,,,,,,,,,,,,false,
ELEC,BLAZE ROSEVILLE EV1,2465 Fairview Ave N,,Roseville,MN,55113,,888-758-4389,E,,Public,24 hours daily,,,,,,2,,,ChargePoint Network,http://www.chargepoint.com/,GPS,45.015299,-93.177215,2024-12-10,190896,2024-12-10 01:26:10 UTC,,,,2021-06-11,,,,,J1772,US,,,,Public,,public,,,,,,,,,,,,,,,,,,,,,,,,,,,,,false,
ELEC,MY CREDIT UNION LYNDALE AVE,9550 Lyndale Ave S,Near North Entrance,Bloomington,MN,55420,,888-758-4389,E,,Public,Mon 8:00am - 6:00pm; Tue 8:00am - 6:00pm; Wed 8:00am - 6:00pm; Thu 8:00am - 6:00pm; Fri 8:00am - 6:00pm; Sat 8:00am - 6:00pm; Sun 8:00am - 6:00pm,,,,,,2,,,ChargePoint Network,http://www.chargepoint.com/,GPS,44.830651,-93.289183,2024-12-10,191280,2024-12-10 01:12:55 UTC,,,,2021-06-22,,,,,J1772,US,,,,Public,,public,,,,,,,,,,,,,,,,,,,,,,,,,,,,,false,
ELEC,EKOMARKT NORTH,15616 Edgewood Dr,South East corner of parking lot near monument sign,Baxter,MN,56425,,888-758-4389,E,,Public,24 hours daily,,,,,,2,,,ChargePoint Network,http://www.chargepoint.com/,GPS,46.378387,-94.25121,2024-12-10,191376,2024-12-10 01:25:36 UTC,,,,2021-06-23,,,,,J1772,US,,,,Public,,public,,,,,,,,,,,,,,,,,,,,,,,,,,,,,false,
ELEC,EKOMARKT SOUTH,15616 Edgewood Dr,South East corner of parking lot near monument sign,Baxter,MN,56425,,888-758-4389,E,,Public,24 hours daily,,,,,,2,,,ChargePoint Network,http://www.chargepoint.com/,GPS,46.378315,-94.25114,2024-12-10,191377,2024-12-10 01:25:36 UTC,,,,2021-06-23,,,,,J1772,US,,,,Public,,public,,,,,,,,,,,,,,,,,,,,,,,,,,,,,false,
ELEC,CASWELL EV CASWELLSOFTBALL,1895 Howard Dr,West parking lot,North Mankato,MN,56003,,888-758-4389,E,,Public,24 hours daily,,,,,,2,,,ChargePoint Network,http://www.chargepoint.com/,GPS,44.182217,-94.04377,2024-12-10,191623,2024-12-10 01:27:24 UTC,,,,2021-06-30,,,,,J1772,US,,,,Public,,public,,,,,,,,,,,,,,,,,,,,,,,,,,,,,false,
ELEC,DAKOTA COUNTY LEBANON HILLS,860 Cliff Road,AVAILABLE DURING COUNTY PARK HOURS,Eagan,MN,55123,,888-758-4389,E,,Public,24 hours daily,,,,,,2,,,ChargePoint Network,http://www.chargepoint.com/,GPS,44.786481,-93.127976,2024-12-10,192752,2024-12-10 00:31:14 UTC,,,,2021-07-13,,,,,J1772,US,,,,Public,,public,,,,,,,,,,,,,,,,,,,,,,,,,,,,,false,
ELEC,MCPA EAST UNIT 3,520 Lafayette Rd,,Saint Paul,MN,55155,,888-758-4389,E,,Public,24 hours daily,,,,,,2,,,ChargePoint Network,http://www.chargepoint.com/,GPS,44.956949,-93.084392,2024-12-10,193347,2024-12-10 01:12:13 UTC,,,,2021-07-30,,,,,J1772,US,,,,Public,,public,,,,,,,,,,,,,,,,,,,,,,,,,,,,,false,
ELEC,METROPOINT METROPOINT 2,600 US-169,Main floor of ramp,Minneapolis,MN,55426,,888-758-4389,E,,Public,24 hours daily,,,,,,2,,,ChargePoint Network,http://www.chargepoint.com/,GPS,44.974733,-93.402986,2024-12-10,193501,2024-12-10 01:28:30 UTC,,,,2021-08-05,,,,,J1772,US,,,,Public,,public,,,,,,,,,,,,,,,,,,,,,,,,,,,,,false,
ELEC,METROPOINT METROPOINT 1,600 US-169,Main floor of ramp,Minneapolis,MN,55426,,888-758-4389,E,,Public,24 hours daily,,,,,,2,,,ChargePoint Network,http://www.chargepoint.com/,GPS,44.974691,-93.403,2024-12-10,193502,2024-12-10 01:28:31 UTC,,,,2021-08-05,,,,,J1772,US,,,,Public,,public,,,,,,,,,,,,,,,,,,,,,,,,,,,,,false,
ELEC,SMM SMM 1,120 W Kellogg Blvd,,Saint Paul,MN,55102,,888-758-4389,E,,Public,24 hours daily,,,,,,1,,,ChargePoint Network,http://www.chargepoint.com/,GPS,44.942471,-93.098782,2024-12-10,193785,2024-12-10 00:34:08 UTC,,,,2021-08-12,,,,,J1772,US,,,,Public,,public,,,,,,,,,,,,,,,,,,,,,,,,,,,,,false,
ELEC,CITY OF LUVERNE TRAILHEAD,601 E Main St,Located near Trailhead Sign - Public Restroom available,Luverne,MN,56156,,888-758-4389,E,,Public,24 hours daily,,,,,,2,,,ChargePoint Network,http://www.chargepoint.com/,GPS,43.654344,-96.202756,2024-12-10,193919,2024-12-10 01:29:05 UTC,,,,2021-08-14,,,,,J1772,US,,,,Public,,public,,,,,,,,,,,,,,,,,,,,,,,,,,,,,false,
ELEC,Market Place Foods - Tesla Supercharger,2000 Paul Bunyan Drive Northwest,,Bemidji,MN,56601,,877-798-3752,E,,Public,24 hours daily. Please check Tesla's online station map to see if an adapter is required at this location.,A D Debit M V,,,,,,8,,Tesla,https://www.tesla.com/supercharger,GPS,47.492211,-94.90707,2024-07-01,194080,2024-08-14 18:58:22 UTC,P,,,2021-07-31,,,,,TESLA,US,,,,Public,,public,,,SHOPPING_CENTER,,,,,,,,,,,,,,,,,,,,,,,,,LD,false,
ELEC,EPCC-1 COMM CENTER,16700 Valley View Rd,Eden Prairie's Community Center near Aquatic Entrance,Eden Prairie,MN,55346,,888-758-4389,E,,Public,24 hours daily,,,,,,2,,,ChargePoint Network,http://www.chargepoint.com/,GPS,44.870412,-93.489376,2024-12-10,194178,2024-12-10 01:04:32 UTC,,,,2021-08-24,,,,,J1772,US,,,,Public,,public,,,,,,,,,,,,,,,,,,,,,,,,,,,,,false,
ELEC,EPCC-1 STARING PARK,14800 Pioneer Trail,,Eden Prairie,MN,55347,,888-758-4389,E,,Public,24 hours daily,,,,,,2,,,ChargePoint Network,http://www.chargepoint.com/,GPS,44.83441,-93.46326,2024-12-10,194200,2024-12-10 01:29:25 UTC,,,,2021-08-24,,,,,J1772,US,,,,Public,,public,,,,,,,,,,,,,,,,,,,,,,,,,,,,,false,
ELEC,EPCC-1 RILEY PAVILION,9180 Riley Lake Rd,Near pavilion/playground,Eden Prairie,MN,55347,,888-758-4389,E,,Public,24 hours daily,,,,,,2,,,ChargePoint Network,http://www.chargepoint.com/,GPS,44.836876,-93.511,2024-12-10,194234,2024-12-10 01:29:28 UTC,,,,2021-08-25,,,,,J1772,US,,,,Public,,public,,,,,,,,,,,,,,,,,,,,,,,,,,,,,false,
ELEC,CITY OF EDINA SOUTHDALE LIQ,6755 York Ave S,CITY FLEET VEHICLES HAVE PRIORTY AT THIS LOCATION AND MAY BLOCK ACCESS - Located at the NW corner of Edina Liquor,Edina,MN,55435,,888-758-4389,E,,Public,Mon 10:00am - 6:00pm; Tue 10:00am - 6:00pm; Wed 10:00am - 6:00pm; Thu 10:00am - 6:00pm; Fri 10:00am - 6:00pm; Sat 10:00am - 6:00pm; Sun 10:00am - 6:00pm,,,,,,2,,,ChargePoint Network,http://www.chargepoint.com/,GPS,44.880737,-93.3209,2024-12-10,194326,2024-12-10 01:29:34 UTC,,,,2021-08-27,,,,,J1772,US,,,,Public,,public,,,,,,,,,,,,,,,,,,,,,,,,,,,,,false,
ELEC,Black Bear Casino Resort - Tesla Supercharger,1785  MN-210,,Carlton,MN,55718,,877-798-3752,E,,Public,24 hours daily. Please check Tesla's online station map to see if an adapter is required at this location.,A D Debit M V,,,,,,8,,Tesla,https://www.tesla.com/supercharger,GPS,46.664876,-92.477685,2024-07-01,194587,2024-08-14 18:58:22 UTC,P,,,2021-08-26,,,,,TESLA,US,,,,Public,,public,,,OTHER_ENTERTAINMENT,,,,,,,,,,,,,,,,,,,,,,,,,LD,false,
ELEC,MCPA EAST UNIT 4,520 Lafayette Rd,,Saint Paul,MN,55155,,888-758-4389,E,,Public,24 hours daily,,,,,,2,,,ChargePoint Network,http://www.chargepoint.com/,GPS,44.956941,-93.084575,2024-12-10,194767,2024-12-10 01:12:13 UTC,,,,2021-09-01,,,,,J1772,US,,,,Public,,public,,,,,,,,,,,,,,,,,,,,,,,,,,,,,false,
ELEC,Metropolitan Ford - Level 2,12477 Plaza Dr,,Eden Prairie,MN,55344,,888-998-2546,E,,Public,24 hours daily,,,,,,6,,,Blink Network,http://www.blinkcharging.com/,GPS,44.86693024987832,-93.43399088806625,2024-12-10,195056,2024-12-10 00:07:38 UTC,,,,2021-09-03,,,,,J1772,US,,,,Public,,public,,,,,,,,,,Free,,,,,,,,,,,,,,,,,,,false,
ELEC,The Durham Apartments station location,7201 York Ave. S,,Edina,MN,55435,,800-663-5633,E,,Public,24 hours daily,,,,,,1,,,Blink Network,http://www.blinkcharging.com/,GPS,44.872261,-93.3196911,2024-12-10,195109,2024-12-10 00:22:20 UTC,,,,2020-07-21,,,,,J1772,US,,,,Public,,public,,,,,,,,,,$1.10/Hr Parking Fee,,,,,,,,,,,,,,,,,,,false,
ELEC,8300 Tower,8300 Norman Center Drive,,Bloomington,MN,55437,,800-663-5633,E,,Public,24 hours daily,,,,,,2,,,Blink Network,http://www.blinkcharging.com/,GPS,44.8526766,-93.3529821,2024-12-10,195111,2024-12-10 00:09:46 UTC,,,,2021-09-05,,,,,J1772,US,,,,Public,,public,,,,,,,,,,$1.00-$5.00/Hr Variable Parking Fee,,,,,,,,,,,,,,,,,,,false,
ELEC,North Loop,900 North Washington Ave,,Minneapolis,MN,55401,,800-663-5633,E,,Public,24 hours daily,,,,,,2,,,Blink Network,http://www.blinkcharging.com/,GPS,44.990467230279,-93.280177705765,2024-12-10,195410,2024-12-10 00:06:33 UTC,,,,2018-04-16,,,,,J1772,US,,,,Public,,public,,,,,,,,,,$0.00-$5.00/Hr Variable Parking Fee,,,,,,,,,,,,,,,,,,,false,
ELEC,LPM Stations,1369 Spruce Place,,Minneapolis,MN,55403,,800-663-5633,E,,Public,24 hours daily,,,,,,4,,,Blink Network,http://www.blinkcharging.com/,GPS,44.969081,-93.2807082,2024-12-10,195799,2024-12-10 00:25:13 UTC,,,,2020-12-28,,,,,J1772,US,,,,Public,,public,,,,,,,,,,FREE,,,,,,,,,,,,,,,,,,,false,
ELEC,GOLDEN VALLEY BROOKVIEW,615 Field Dr,,Minneapolis,MN,55426,,888-758-4389,E,,Public,24 hours daily,,,,,,2,,,ChargePoint Network,http://www.chargepoint.com/,GPS,44.97466,-93.38516,2024-12-10,195833,2024-12-10 01:29:22 UTC,,,,2021-09-11,,,,,J1772,US,,,,Public,,public,,,,,,,,,,,,,,,,,,,,,,,,,,,,,false,
ELEC,Malone's Bar & Grill,12635 Elm Creek Blvd. N.,,Maple Grove,MN,55369,,888-998-2546,E,,Public,24 hours daily,,,,,,2,,,Blink Network,http://www.blinkcharging.com/,GPS,45.09417,-93.441264,2024-12-10,195875,2024-12-10 00:14:11 UTC,,,,2021-09-14,,,,,J1772,US,,,,Public,,public,,,,,,,,,,Free,,,,,,,,,,,,,,,,,,,false,
ELEC,NPS MWRO: PIPE - Maintenance Facility,1314 Hiawatha Ave,,Pipestone,MN,56164,,,E,,Private - Government only,24 hours daily; Drivers must bring their own J1772 cordset for Level 1 charging,,,,,1,,,,Non-Networked,,GPS,44.015106,-96.317508,2024-01-10,196886,2024-01-31 22:07:01 UTC,FG,16,Department of the Interior,2021-09-21,,,,,NEMA1450,US,,,,Privé - Réservé au gouvernement,,private,GOVERNMENT,DOI,NATL_PARK,,,,,,,,,,,,,,,,,,,,,,Pipestone National Monument,,,LD,false,
ELEC,NPS MWRO: PIPE - Visitor Center,36 Reservation Ave,,Pipestone,MN,56164,,,E,,Private - Government only,24 hours daily; Drivers must bring their own J1772 cordset for Level 1 charging,,,,,1,,,,Non-Networked,,GPS,44.013314,-96.325224,2021-10-12,196887,2023-03-10 21:33:17 UTC,FG,16,Department of the Interior,2021-09-21,,,,,NEMA1450,US,,,,Privé - Réservé au gouvernement,,private,GOVERNMENT,DOI,NATL_PARK,,,,,,,,,,,,,,,,,,,,,,Pipestone National Monument,,,LD,false,
ELEC,Goodwill,219 3rd Ave E,,Alexandria,MN,56308,,320-759-2431,E,,Public - Credit card at all times,24 hours daily,A D Debit M V,,,,,2,,,Non-Networked,,GPS,45.889789,-95.375178,2024-07-11,197500,2024-07-11 19:05:43 UTC,P,,,2021-10-04,,,,,J1772,US,,,,Public - Carte de crédit en tout temps,,public,CREDIT_CARD_ALWAYS,,SHOPPING_CENTER,,,,,,,,,,,,,,,,,false,,,,,,,,LD,false,
ELEC,Goodwill,4500 Centerville Rd,,Vadnais Heights,MN,55127,,651-426-0824,E,,Public - Credit card at all times,24 hours daily,A D Debit M V,,,,,2,,,Non-Networked,,GPS,45.0777846793849,-93.0553904424209,2024-07-11,197503,2024-07-11 19:05:43 UTC,P,,,2021-10-04,,,,,J1772,US,,,,Public - Carte de crédit en tout temps,,public,CREDIT_CARD_ALWAYS,,SHOPPING_CENTER,,,,,,,,,,,,,,,,,false,,,,,,,,LD,false,
ELEC,Goodwill,5980 Krueger Ln,,Oak Park Heights,MN,55082,,651-439-0097,E,,Public - Credit card at all times,24 hours daily,A D Debit M V,,,,,2,,,Non-Networked,,GPS,45.0348945428007,-92.8391832892217,2024-07-11,197504,2024-07-11 19:05:43 UTC,P,,,2021-10-04,,,,,J1772,US,,,,Public - Carte de crédit en tout temps,,public,CREDIT_CARD_ALWAYS,,SHOPPING_CENTER,,,,,,,,,,,,,,,,,false,,,,,,,,LD,false,
ELEC,Goodwill,1239 University Ave W,,St. Paul,MN,55104,,651-646-0377,E,,Public - Credit card at all times,24 hours daily,A D Debit M V,,,,,2,,,Non-Networked,,GPS,44.9559330557038,-93.1527729059029,2024-07-11,197505,2024-07-11 19:05:43 UTC,P,,,2021-10-04,,,,,J1772,US,,,,Public - Carte de crédit en tout temps,,public,CREDIT_CARD_ALWAYS,,SHOPPING_CENTER,,,,,,,,,,,,,,,,,false,,,,,,,,LD,false,
ELEC,FRIDLEY CC STATION 1,7071 University Ave NE,,Fridley,MN,55432,,888-758-4389,E,,Public,24 hours daily,,,,,,2,,,ChargePoint Network,http://www.chargepoint.com/,GPS,45.096098,-93.261605,2024-12-10,197630,2024-12-10 01:31:04 UTC,,,,2021-10-12,,,,,J1772,US,,,,Public,,public,,,,,,,,,,,,,,,,,,,,,,,,,,,,,false,
ELEC,Medical District Parking Ramp,302 E 1st St,,Duluth,MN,55805,,,E,,Public - Credit card at all times,24 hours daily,A D Debit M V,,,,,1,,,Non-Networked,,GPS,46.7908929404299,-92.0948785848503,2023-05-03,197729,2024-01-31 22:07:01 UTC,P,,,2021-10-08,,,,,J1772,US,,,,Public - Carte de crédit en tout temps,,public,CREDIT_CARD_ALWAYS,,PARKING_GARAGE,,,,,,,Free,,,,,,,,,,true,,,,,,,,LD,false,
ELEC,HY VEE OAKDALE EAST,7180 10th St N,,Oakdale,MN,55128,,888-758-4389,T,2024-01-19,TEMPORARILY UNAVAILABLE (Public),24 hours daily,,,,,,2,,,ChargePoint Network,http://www.chargepoint.com/,GPS,44.964297,-92.960145,2024-12-10,200493,2024-12-10 00:39:07 UTC,,,,2021-11-04,,,,,J1772,US,,,,TEMPORAIREMENT SUSPENDU (Public),,public,,,,,,,,,,,,,,,,,,,,,,,,,,,,,false,
ELEC,Banning State Park - Picnic Area,61101 Banning Park Rd,,Sandstone,MN,55072,,320-216-3910,E,,Public,8am-10pm daily,,,,,,2,,,Non-Networked,,GPS,46.1648613418289,-92.8343622109556,2023-05-03,200622,2024-01-31 22:07:01 UTC,P,,,2021-10-29,,,,,J1772,US,,,,Public,,public,,,PARK,,,,,,,Free; must purchase a vehicle permit for entry,,,,,,,,,,true,,,,,,,,LD,false,
ELEC,ELAN WEST END STATION 3,1325 Utica Ave S,Not a public charger,St. Louis Park,MN,55416,,888-758-4389,E,,Public,24 hours daily,,,,,,1,,,ChargePoint Network,http://www.chargepoint.com/,GPS,44.96955,-93.34477,2024-12-10,200637,2024-12-10 01:19:24 UTC,,,,2021-11-06,,,,,J1772,US,,,,Public,,public,,,,,,,,,,,,,,,,,,,,,,,,,,,,,false,
ELEC,SEARS IMPORTS CUST PARKING SE,13500 Wayzata Blvd,,Minnetonka,MN,55305,,888-758-4389,E,,Public,24 hours daily,,,,,,2,,,ChargePoint Network,http://www.chargepoint.com/,GPS,44.971966,-93.449924,2024-12-10,200639,2024-12-10 01:25:27 UTC,,,,2021-11-06,,,,,J1772,US,,,,Public,,public,,,,,,,,,,,,,,,,,,,,,,,,,,,,,false,
ELEC,TARGET T2229 STATION 1,1300 University Ave W,,Saint Paul,MN,55104,,888-758-4389,E,,Public,Mon 7:00am - 12:00am; Tue 7:00am - 12:00am; Wed 7:00am - 12:00am; Thu 7:00am - 12:00am; Fri 7:00am - 12:00am; Sat 7:00am - 12:00am; Sun 7:00am - 12:00am,,,,,,2,,,ChargePoint Network,http://www.chargepoint.com/,GPS,44.954351,-93.154917,2024-12-10,201075,2024-12-10 01:32:01 UTC,,,,2021-11-13,,,,,J1772,US,,,,Public,,public,,,,,,,,,,,,,,,,,,,,,,,,,,,,,false,
ELEC,WEST LOT WEST PARKINGLOT,550 Ash Ave NE,,Wadena,MN,56482,,888-758-4389,E,,Public,24 hours daily,,,,,,2,,,ChargePoint Network,http://www.chargepoint.com/,GPS,46.440134,-95.128793,2024-12-10,201179,2024-12-10 01:32:09 UTC,,,,2021-11-16,,,,,J1772,US,,,,Public,,public,,,,,,,,,,,,,,,,,,,,,,,,,,,,,false,
ELEC,Hy-Vee - Tesla Supercharger,1002  Old Minnesota Avenue,,Saint Peter,MN,56082,,877-798-3752,E,,Public,24 hours daily. Please check Tesla's online station map to see if an adapter is required at this location.,A D Debit M V,,,,,,8,,Tesla,https://www.tesla.com/supercharger,GPS,44.336411,-93.950011,2024-07-01,201308,2024-08-14 18:58:22 UTC,P,,,2021-11-14,,,,,TESLA,US,,,,Public,,public,,,GROCERY,,,,,,,,,,,,,,,,,false,,,,,,,,LD,false,
ELEC,Target - Tesla Supercharger,1300 University Avenue W,,St. Paul,MN,55104,,877-798-3752,E,,Public,24 hours daily. Please check Tesla's online station map to see if an adapter is required at this location.,A D Debit M V,,,,,,12,,Tesla,https://www.tesla.com/supercharger,GPS,44.954444,-93.154917,2024-07-01,201309,2024-08-14 18:58:22 UTC,P,,,2021-11-14,,,,,TESLA,US,,,,Public,,public,,,SHOPPING_CENTER,,,,,,,,,,,,,,,,,false,,,,,,,,LD,false,
ELEC,TARGET T2229 STATION 2,1300 University Ave W,,Saint Paul,MN,55104,,888-758-4389,E,,Public,Mon 7:00am - 12:00am; Tue 7:00am - 12:00am; Wed 7:00am - 12:00am; Thu 7:00am - 12:00am; Fri 7:00am - 12:00am; Sat 7:00am - 12:00am; Sun 7:00am - 12:00am,,,,,,2,,,ChargePoint Network,http://www.chargepoint.com/,GPS,44.95435,-93.15492,2024-12-10,201525,2024-12-10 01:32:02 UTC,,,,2021-11-23,,,,,J1772,US,,,,Public,,public,,,,,,,,,,,,,,,,,,,,,,,,,,,,,false,
ELEC,Superior Ford-Plymouth,9700 56th Ave N,,Plymouth,MN,55442,,888-998-2546,E,,Public,24 hours daily,,,,,,2,,,Blink Network,http://www.blinkcharging.com/,GPS,45.056329,-93.402831,2024-12-10,201868,2024-12-10 00:27:17 UTC,,,,2021-12-01,,,,,J1772,US,,,,Public,,public,,,,,,,,,,Free,,,,,,,,,,,,,,,,,,,false,
ELEC,CITY OF EDINA GRANDVIEW LIQ,5013 Vernon Ave S,CITY FLEET VEHICLES HAVE PRIORTY AT THIS LOCATION AND MAY BLOCK ACCESS - Located at the NE corner of Edina Liquor,Edina,MN,55436,,888-758-4389,E,,Public,Mon 12:00am - 11:45pm; Tue 12:00am - 11:45pm; Wed 12:00am - 11:45pm; Thu 12:00am - 11:45pm; Fri 12:00am - 11:45pm; Sat 12:00am - 11:45pm; Sun 12:00am - 11:45pm,,,,,,2,,,ChargePoint Network,http://www.chargepoint.com/,GPS,44.911606,-93.35379,2024-12-10,201910,2024-12-10 01:33:20 UTC,,,,2021-12-02,,,,,J1772,US,,,,Public,,public,,,,,,,,,,,,,,,,,,,,,,,,,,,,,false,
ELEC,ESTELLE STATION 1,6950 France Ave S,,Edina,MN,55435,,888-758-4389,E,,Public,24 hours daily,,,,,,2,,,ChargePoint Network,http://www.chargepoint.com/,GPS,44.876938,-93.32971,2024-12-10,202076,2024-12-10 01:16:30 UTC,,,,2021-12-07,,,,,J1772,US,,,,Public,,public,,,,,,,,,,,,,,,,,,,,,,,,,,,,,false,
ELEC,WCROC,46352 State HWY 329,,Morris,MN,56267,,855-900-7584,E,,Public,24 hours daily,,,,,,,1,,SHELL_RECHARGE,https://www.shell.us/motorist/electric-vehicle-charging.html,GPS,45.594977,-95.878942,2024-12-09,202813,2024-12-09 02:43:11 UTC,,,,2021-12-18,,,,,CHADEMO J1772COMBO,US,,,,Public,,public,,,,,,,,,,,,,,,,,,,,,,,,,,,,,false,
ELEC,Grand Casino Hinckley,777 Lady Luck Dr,East parking lot near Country Rd 15,Hinckley,MN,55037,,,E,,Public,24 hours daily,,,,,,2,,,Non-Networked,,GPS,46.009372,-92.895285,2022-01-10,203097,2024-12-06 16:20:04 UTC,P,,,2017-12-01,,,,,J1772,US,,,,Public,,public,,,PARKING_LOT,,,,,,,Free,,,,,,,,,,false,,,,,,,,LD,false,
ELEC,MINNEAPOLIS HAAF RAMP L2-3,444 S 4th St,,Minneapolis,MN,55415,,888-758-4389,E,,Public,24 hours daily,,,,,,1,,,ChargePoint Network,http://www.chargepoint.com/,GPS,44.977234,-93.26295,2024-12-10,204293,2024-12-10 01:07:38 UTC,,,,2022-01-05,,,,,J1772,US,,,,Public,,public,,,,,,,,,,,,,,,,,,,,,,,,,,,,,false,
ELEC,UNIV ST THOMAS TOMMIE 5,2115 Summit Ave,Near Parking Garage Elevator,Saint Paul,MN,55105,,888-758-4389,E,,Public,24 hours daily,,,,,,2,,,ChargePoint Network,http://www.chargepoint.com/,GPS,44.942629,-93.188209,2024-12-10,204597,2024-12-10 01:29:57 UTC,,,,2022-01-11,,,,,J1772,US,,,,Public,,public,,,,,,,,,,,,,,,,,,,,,,,,,,,,,false,
ELEC,Whitewater Travel Plaza,2850 Whitewater Avenue,,Saint Charles,MN,55972,,1-888-493-3638,E,,Public,,,,,,,,2,,ZEFNET,https://www.zefenergy.com,GPS,43.94913,-92.066,2024-12-09,205162,2024-12-09 04:03:41 UTC,,,,2021-01-14,,,,,CHADEMO J1772COMBO,US,,,,Public,,public,,,,,,,,,,,,,,,,,,,,false,,,,,,,,,false,
ELEC,City of Litchfield Central Park,20 East 4th Street,,Litchfield,MN,55355,,1-888-493-3638,E,,Public,,,,,,,2,4,,ZEFNET,https://www.zefenergy.com,GPS,45.12985,-94.52786,2024-12-09,205163,2024-12-09 04:03:22 UTC,,,,2021-01-14,,,,,CHADEMO J1772 J1772COMBO,US,,,,Public,,public,,,,,,,,,,,,,,,,,,,,false,,,,,,,,,false,
ELEC,City of Litchfield City Hall,126 North Marshall Avenue,,Litchfield,MN,55355,,1-888-493-3638,E,,Public,,,,,,,2,,,ZEFNET,https://www.zefenergy.com,GPS,45.12685,-94.52625,2024-12-09,205164,2024-12-09 04:03:37 UTC,,,,2021-01-14,,,,,J1772,US,,,,Public,,public,,,,,,,,,,,,,,,,,,,,false,,,,,,,,,false,
ELEC,MCPA EAST UNIT 2,520 Lafayette Rd,,Saint Paul,MN,55155,,888-758-4389,E,,Public,24 hours daily,,,,,,2,,,ChargePoint Network,http://www.chargepoint.com/,GPS,44.956975,-93.084459,2024-12-10,205251,2024-12-10 00:40:19 UTC,,,,2022-01-25,,,,,J1772,US,,,,Public,,public,,,,,,,,,,,,,,,,,,,,,,,,,,,,,false,
ELEC,Crescent Ridge Corporate Center,"11100 Wayzata Blvd., Suite 240",,Minnetonka,MN,55305,,800-663-5633,E,,Public,24 hours daily,,,,,,5,,,Blink Network,http://www.blinkcharging.com/,GPS,44.9739363,-93.4178621,2024-12-10,205353,2024-12-10 00:24:41 UTC,,,,2021-10-14,,,,,J1772,US,,,,Public,,public,,,,,,,,,,$1.00-$2.00/Hr Variable Parking Fee,,,,,,,,,,,,,,,,,,,false,
ELEC,Albertville Outlet Mall,6500 Labeaux Avenue Northeast,,Albertville,MN,55301,,1-888-493-3638,E,,Public,,,,,,,2,2,,ZEFNET,https://www.zefenergy.com,GPS,45.24448,-93.66115,2024-12-09,206263,2024-12-09 04:03:32 UTC,,,,2022-02-10,,,,,CHADEMO J1772 J1772COMBO,US,,,,Public,,public,,,,,,,,,,,,,,,,,,,,false,,,,,,,,,false,
ELEC,Arlington Hills Community Center,1200 Payne Ave,,St. Paul,MN,55130,,651-632-3862,E,,Public - Credit card at all times,24 hours daily,A D Debit M V,,,,,1,,,Non-Networked,,GPS,44.9764729428353,-93.0726399943921,2024-07-11,206604,2024-07-11 19:05:43 UTC,P,,,2022-02-11,,,,,J1772,US,,,,Public - Carte de crédit en tout temps,,public,CREDIT_CARD_ALWAYS,,OTHER,,,,,,,,,,,,,,,,,false,,,,,,,,LD,false,
ELEC,Margaret St Parking,770 Margaret St,,St. Paul,MN,55101,,612-688-4596,E,,Public - Credit card at all times,24 hours daily,A D Debit M V,,,,,2,,,Non-Networked,,GPS,44.9612053688256,-93.0682995236754,2024-07-11,206605,2024-07-11 19:05:43 UTC,P,,,2022-02-11,,,,,J1772,US,,,,Public - Carte de crédit en tout temps,,public,CREDIT_CARD_ALWAYS,,PARKING_LOT,,,,,,,,,,,,,,,,,false,,,,,,,,LD,false,
ELEC,Yorke & Payne Parking,663 York Ave,,St. Paul,MN,55130,,612-688-4596,E,,Public - Credit card at all times,24 hours daily,A D Debit M V,,,,,2,,,Non-Networked,,GPS,44.9685060294845,-93.0738823103744,2024-07-11,206606,2024-07-11 19:05:43 UTC,P,,,2022-02-11,,,,,J1772,US,,,,Public - Carte de crédit en tout temps,,public,CREDIT_CARD_ALWAYS,,PARKING_LOT,,,,,,,,,,,,,,,,,false,,,,,,,,LD,false,
ELEC,Rockwood Lodge & Outfitters,50 Rockwood Rd,,Grand Marais,MN,55604,,218-388-2242,E,,Public - Credit card at all times,24 hours daily; customer use only,A D Debit M V,,,,,1,,,Non-Networked,,GPS,48.0541285859021,-90.5202616716008,2024-07-11,206607,2024-07-11 19:05:43 UTC,P,,,2022-02-11,,,,,J1772,US,,,,Public - Carte de crédit en tout temps,,public,CREDIT_CARD_ALWAYS,,OTHER,,,,,,,,,,,,,,,,,true,,,,,,,,LD,false,
ELEC,APPLEWOOD POINT STATION 1,16389 Glory Ln,,Eden Prairie,MN,55344,,888-758-4389,E,,Public,24 hours daily,,,,,,2,,,ChargePoint Network,http://www.chargepoint.com/,GPS,44.85689,-93.48315,2024-12-10,206743,2024-12-10 01:29:10 UTC,,,,2022-02-19,,,,,J1772,US,,,,Public,,public,,,,,,,,,,,,,,,,,,,,,,,,,,,,,false,
ELEC,Crest Ridge Corporate Center,11055 Wayzata Blvd,,Minnetonka,MN,55305,,800-663-5633,E,,Public,24 hours daily,,,,,,2,,,Blink Network,http://www.blinkcharging.com/,GPS,44.9685571,-93.4186202,2024-12-10,206758,2024-12-10 00:28:02 UTC,,,,2021-10-05,,,,,J1772,US,,,,Public,,public,,,,,,,,,,$1.00-$2.00/Hr Variable Parking Fee,,,,,,,,,,,,,,,,,,,false,
ELEC,KLINE VOLVO CAR KVOLVO SERVICE,3040 US-61,Service Garage drop off,Maplewood,MN,55109,,888-758-4389,E,,Public,24 hours daily,,,,,,1,,,ChargePoint Network,http://www.chargepoint.com/,GPS,45.03363,-93.04412,2024-12-10,207152,2024-12-10 01:26:19 UTC,,,,2022-02-26,,,,,J1772,US,,,,Public,,public,,,,,,,,,,,,,,,,,,,,,,,,,,,,,false,
ELEC,BELW GIANT LEVEL 2,500 Fairgrounds Rd,Next to Jolly Green Giant,Blue Earth,MN,56013,,888-758-4389,E,,Public,24 hours daily,,,,,,2,,,ChargePoint Network,http://www.chargepoint.com/,GPS,43.651253,-94.095751,2024-12-10,207339,2024-12-10 00:56:44 UTC,,,,2022-03-01,,,,,J1772,US,,,,Public,,public,,,,,,,,,,,,,,,,,,,,,,,,,,,,,false,EVC-RAA
ELEC,Fairfield Inn & Suites by Marriott Northfield,114 2nd St W,Located in back of parking garage,Northfield,MN,55057,,507-366-5000,E,,Public - Credit card at all times,24 hours daily,A D Debit M V,,,,,4,,,Non-Networked,,GPS,44.459113589088,-93.1606258435329,2024-07-11,207560,2024-07-11 19:05:43 UTC,P,,,2022-02-28,,,,,J1772,US,,,,Public - Carte de crédit en tout temps,,public,CREDIT_CARD_ALWAYS,,HOTEL,,,,,,,Free for guests,,,,,,,,,,false,,,,,,,,LD,false,
ELEC,Parkway Place Luxury Apartments,4040 West 31st St.,,saint louis park,MN,55416,,800-663-5633,E,,Public,24 hours daily,,,,,,2,,,Blink Network,http://www.blinkcharging.com/,GPS,44.9468847,-93.3313146,2024-12-10,207571,2024-12-10 00:28:04 UTC,,,,2022-02-17,,,,,J1772,US,,,,Public,,public,,,,,,,,,,$0.18/kWh Energy Fee,,,,,,,,,,,,,,,,,,,false,
ELEC,UNION DEPOT PARKING LOT A2,214 4th Street East,Enter 214 4th St E parking ramp Lot A Public from Sibley Street.  Charging stations on far wall.,Saint Paul,MN,55101,,888-758-4389,E,,Public,24 hours daily,,,,,,1,,,ChargePoint Network,http://www.chargepoint.com/,GPS,44.947816,-93.085821,2024-12-10,211963,2024-12-10 01:36:10 UTC,,,,2022-03-18,,,,,J1772,US,,,,Public,,public,,,,,,,,,,,,,,,,,,,,,,,,,,,,,false,
ELEC,UNION DEPOT PARKING LOT A1,214 4th St E,Enter 214 4th St E parking ramp Lot A Public from Sibley Street.  Charging stations on far wall.,Saint Paul,MN,55101,,888-758-4389,E,,Public,24 hours daily,,,,,,1,,,ChargePoint Network,http://www.chargepoint.com/,GPS,44.94784,-93.085812,2024-12-10,211964,2024-12-10 01:36:13 UTC,,,,2022-03-18,,,,,J1772,US,,,,Public,,public,,,,,,,,,,,,,,,,,,,,,,,,,,,,,false,
ELEC,UNION DEPOT PARKING LOT B2,240 E Kellogg Blvd,Enter on Broadway St.  Charging stations located on the left.,Saint Paul,MN,55101,,888-758-4389,E,,Public,24 hours daily,,,,,,1,,,ChargePoint Network,http://www.chargepoint.com/,GPS,44.94736,-93.085124,2024-12-10,211965,2024-12-10 01:36:17 UTC,,,,2022-03-18,,,,,J1772,US,,,,Public,,public,,,,,,,,,,,,,,,,,,,,,,,,,,,,,false,
ELEC,UNION DEPOT PARKING LOT B1,240 E Kellogg Blvd,Enter on Broadway St.  Charging stations located on the left.,Saint Paul,MN,55101,,888-758-4389,E,,Public,24 hours daily,,,,,,1,,,ChargePoint Network,http://www.chargepoint.com/,GPS,44.947353,-93.085069,2024-12-10,211966,2024-12-10 01:36:18 UTC,,,,2022-03-18,,,,,J1772,US,,,,Public,,public,,,,,,,,,,,,,,,,,,,,,,,,,,,,,false,
ELEC,Nordic Parking Ramp,728 N 3rd Street,,Minneapolis,MN,55401,,800-663-5633,E,,Public,24 hours daily,,,,,,5,,,Blink Network,http://www.blinkcharging.com/,GPS,44.9877867,-93.2784544,2024-12-10,213580,2024-12-10 00:28:13 UTC,,,,2022-02-17,,,,,J1772,US,,,,Public,,public,,,,,,,,,,$1.65-$50.00/Hr Variable Parking Fee,,,,,,,,,,,,,,,,,,,false,
ELEC,VOLKSWAGEN IGH E250 FAST CHGR,1325 50th St E,Right inside driveway,Inver Grove Heights,MN,55077,,888-758-4389,E,,Public,24 hours daily,,,,,,,1,,ChargePoint Network,http://www.chargepoint.com/,GPS,44.880105,-93.079328,2024-12-10,217233,2024-12-10 01:39:25 UTC,,,,2022-05-08,,,,,CHADEMO J1772COMBO,US,,,,Public,,public,,,,,,,,,,,,,,,,,,,,,,,,,,,,,false,
ELEC,HYUNDAI MANKATO DC FAST 1,1281 Raintree Rd,,Mankato,MN,56001,,888-758-4389,E,,Public,24 hours daily,,,,,,,1,,ChargePoint Network,http://www.chargepoint.com/,GPS,44.177566,-93.966338,2024-12-10,218486,2024-12-10 01:35:45 UTC,,,,2022-05-19,,,,,CHADEMO J1772COMBO,US,,,,Public,,public,,,,,,,,,,,,,,,,,,,,,,,,,,,,,false,
ELEC,HYUNDAI MANKATO STATION1 CT4K,1281 Raintree Rd,,Mankato,MN,56001,,888-758-4389,E,,Public,24 hours daily,,,,,,1,,,ChargePoint Network,http://www.chargepoint.com/,GPS,44.177627,-93.96653,2024-12-10,218488,2024-12-10 01:36:25 UTC,,,,2022-05-19,,,,,J1772,US,,,,Public,,public,,,,,,,,,,,,,,,,,,,,,,,,,,,,,false,
ELEC,BLAZE WOODLANE DR 1,1570 Woodlane Dr,,Woodbury,MN,55125,,888-758-4389,T,2024-09-30,TEMPORARILY UNAVAILABLE (Public),24 hours daily,,,,,,2,,,ChargePoint Network,http://www.chargepoint.com/,GPS,44.926201,-92.966585,2024-12-10,218518,2024-12-10 01:39:36 UTC,,,,2022-05-19,,,,,J1772,US,,,,TEMPORAIREMENT SUSPENDU (Public),,public,,,,,,,,,,,,,,,,,,,,,,,,,,,,,false,
ELEC,Norman Pointe 1,5601 Green Valley Drive,,Bloomington,MN,55437,,800-663-5633,E,,Public,24 hours daily,,,,,,2,,,Blink Network,http://www.blinkcharging.com/,GPS,44.8580225,-93.354222,2024-12-10,220468,2024-12-10 00:08:12 UTC,,,,2016-11-29,,,,,J1772,US,,,,Public,,public,,,,,,,,,,$1.00-$5.00/Hr Variable Parking Fee,,,,,,,,,,,,,,,,,,,false,
ELEC,8000 Tower,8331 Norman Center Drive,,Bloomington,MN,55437,,800-663-5633,E,,Public,24 hours daily,,,,,,2,,,Blink Network,http://www.blinkcharging.com/,GPS,44.852673,-93.351345,2024-12-10,220469,2024-12-10 00:09:46 UTC,,,,2022-06-03,,,,,J1772,US,,,,Public,,public,,,,,,,,,,$1.00-$5.00/Hr Variable Parking Fee,,,,,,,,,,,,,,,,,,,false,
ELEC,Kimber Creek Ford,2654 State 371 SW,,Pine River,MN,56474,,888-998-2546,E,,Public,24 hours daily,,,,,,1,,,Blink Network,http://www.blinkcharging.com/,GPS,46.70963,-94.389311,2024-12-10,220983,2024-12-10 00:15:51 UTC,,,,2022-06-08,,,,,J1772,US,,,,Public,,public,,,,,,,,,,Free,,,,,,,,,,,,,,,,,,,false,
ELEC,CITY OF EDINA CITY HALL 3,4801 W 50th St,,Edina,MN,55424,,888-758-4389,E,,Public,Mon 12:00am - 11:45pm; Tue 12:00am - 11:45pm; Wed 12:00am - 11:45pm; Thu 12:00am - 11:45pm; Fri 12:00am - 11:45pm; Sat 12:00am - 11:45pm; Sun 12:00am - 11:45pm,,,,,,2,,,ChargePoint Network,http://www.chargepoint.com/,GPS,44.911316,-93.347815,2024-12-10,221006,2024-12-10 01:40:18 UTC,,,,2022-06-09,,,,,J1772,US,,,,Public,,public,,,,,,,,,,,,,,,,,,,,,,,,,,,,,false,
ELEC,CITY OF EDINA CITY HALL 2,4801 W 50th St,,Edina,MN,55424,,888-758-4389,E,,Public,Mon 12:00am - 11:45pm; Tue 12:00am - 11:45pm; Wed 12:00am - 11:45pm; Thu 12:00am - 11:45pm; Fri 12:00am - 11:45pm; Sat 12:00am - 11:45pm; Sun 12:00am - 11:45pm,,,,,,2,,,ChargePoint Network,http://www.chargepoint.com/,GPS,44.911284,-93.347816,2024-12-10,221304,2024-12-10 01:40:33 UTC,,,,2022-06-15,,,,,J1772,US,,,,Public,,public,,,,,,,,,,,,,,,,,,,,,,,,,,,,,false,
ELEC,"Casey's Albert Lea (Albert Lea, MN)",2222 E Main Street,,Albert Lea,MN,56007,,833-632-2778,E,,Public,24 hours daily,,,,,,,4,,Electrify America,https://www.electrifyamerica.com/,GPS,43.65452,-93.3365,2024-12-09,221933,2024-12-09 03:00:28 UTC,,,,2022-06-24,,,,,J1772COMBO,US,,,,Public,,public,,,,,,,,,,,,,,,,,,,,,,,,,,,,,false,
ELEC,Lake Place Apartments,11445 Anderson Lakes Parkway,,Eden Prairie,MN,55344,,800-663-5633,E,,Public,24 hours daily,,,,,,1,,,Blink Network,http://www.blinkcharging.com/,GPS,44.8428565,-93.4222177,2024-12-10,221950,2024-12-10 00:06:51 UTC,,,,2022-03-25,,,,,J1772,US,,,,Public,,public,,,,,,,,,,$2.00/Hr Parking Fee,,,,,,,,,,,,,,,,,,,false,
ELEC,CSG EV COMM CNTR L2(7),14800 34th Ave N,Parking Lot,Plymouth,MN,55447,,888-758-4389,E,,Public,24 hours daily,,,,,,2,,,ChargePoint Network,http://www.chargepoint.com/,GPS,45.022079,-93.46738,2024-12-10,222212,2024-12-10 01:39:48 UTC,,,,2022-06-30,,,,,J1772,US,,,,Public,,public,,,,,,,,,,,,,,,,,,,,,,,,,,,,,false,
ELEC,CSG EV COMM CNTR L2(6),14800 34th Ave N,Parking Lot,Plymouth,MN,55447,,888-758-4389,E,,Public,24 hours daily,,,,,,2,,,ChargePoint Network,http://www.chargepoint.com/,GPS,45.022016,-93.467386,2024-12-10,222213,2024-12-10 01:39:49 UTC,,,,2022-06-30,,,,,J1772,US,,,,Public,,public,,,,,,,,,,,,,,,,,,,,,,,,,,,,,false,
ELEC,CSG EV COMM CNTR L2(9),14800 34th Ave N,Parking Lot,Plymouth,MN,55447,,888-758-4389,E,,Public,24 hours daily,,,,,,2,,,ChargePoint Network,http://www.chargepoint.com/,GPS,45.022151,-93.467394,2024-12-10,222214,2024-12-10 01:39:49 UTC,,,,2022-06-30,,,,,J1772,US,,,,Public,,public,,,,,,,,,,,,,,,,,,,,,,,,,,,,,false,
ELEC,CSG EV COMM CNTR L2(1),14800 34th Ave N,Parking Lot,Plymouth,MN,55447,,888-758-4389,E,,Public,24 hours daily,,,,,,2,,,ChargePoint Network,http://www.chargepoint.com/,GPS,45.02126,-93.468322,2024-12-10,222216,2024-12-10 01:39:51 UTC,,,,2022-06-30,,,,,J1772,US,,,,Public,,public,,,,,,,,,,,,,,,,,,,,,,,,,,,,,false,
ELEC,CSG EV COMM CNTR L2(2),14800 34th Ave N,Parking Lot,Plymouth,MN,55447,,888-758-4389,E,,Public,24 hours daily,,,,,,2,,,ChargePoint Network,http://www.chargepoint.com/,GPS,45.021203,-93.46815,2024-12-10,222217,2024-12-10 01:39:51 UTC,,,,2022-06-30,,,,,J1772,US,,,,Public,,public,,,,,,,,,,,,,,,,,,,,,,,,,,,,,false,
ELEC,CSG EV COMM CNTR L2(3),14800 34th Ave N,Parking Lot,Plymouth,MN,55447,,888-758-4389,E,,Public,24 hours daily,,,,,,2,,,ChargePoint Network,http://www.chargepoint.com/,GPS,45.021161,-93.468118,2024-12-10,222218,2024-12-10 01:39:51 UTC,,,,2022-06-30,,,,,J1772,US,,,,Public,,public,,,,,,,,,,,,,,,,,,,,,,,,,,,,,false,
ELEC,CSG EV COMM CNTR L2(4),14800 34th Ave N,Parking Lot,Plymouth,MN,55447,,888-758-4389,E,,Public,24 hours daily,,,,,,2,,,ChargePoint Network,http://www.chargepoint.com/,GPS,45.021164,-93.46817,2024-12-10,222219,2024-12-10 01:39:52 UTC,,,,2022-06-30,,,,,J1772,US,,,,Public,,public,,,,,,,,,,,,,,,,,,,,,,,,,,,,,false,
ELEC,CSG EV COMM CNTR L2(5),14800 34th Ave N,Parking Lot,Plymouth,MN,55447,,888-758-4389,E,,Public,24 hours daily,,,,,,2,,,ChargePoint Network,http://www.chargepoint.com/,GPS,45.021089,-93.468053,2024-12-10,222220,2024-12-10 01:39:52 UTC,,,,2022-06-30,,,,,J1772,US,,,,Public,,public,,,,,,,,,,,,,,,,,,,,,,,,,,,,,false,
ELEC,"City of St. Cloud, MN",1807 Kilian Boulevard Southeast,,Saint Cloud,MN,56304,,888-998-2546,E,,Public,24 hours daily,,,,,,3,,,Blink Network,http://www.blinkcharging.com/,GPS,45.54394,-94.14268,2024-12-10,222843,2024-12-10 00:15:53 UTC,,,,2022-07-06,,,,,J1772,US,,,,Public,,public,,,,,,,,,,Free,,,,,,,,,,,,,,,,,,,false,
ELEC,Grand Casino Mille Lacs North Charging Station,777 Grand Ave,,Onamia,MN,56359,,320-532-7777,E,,Public - Call ahead,24 hours daily; register with security,,,,,,4,,,Non-Networked,,GPS,46.1812925,-93.7589947,2024-05-09,223535,2024-05-09 20:32:20 UTC,P,,,2021-07-27,,,,,J1772,US,,,,Public - Appeler à l'avance,,public,CALL,,HOTEL,,,,,,,Free,,,,,,,,,,true,,,,,,,,LD,false,
ELEC,Grand Casino Mille Lacs West Charging Station,777 Grand Ave,,Onamia,MN,56359,,320-532-7777,E,,Public - Call ahead,24 hours daily; Drivers must bring their own J1772 cordset for Level 1 charging,,,,,12,,,,Non-Networked,,200-8,46.179981,-93.758562,2024-06-13,223536,2024-06-13 17:18:06 UTC,P,,,2021-07-27,,,,,NEMA1450,US,,,,Public - Appeler à l'avance,,public,CALL,,HOTEL,,,,,,,Free,,,,,,,,,,false,,,,,,,,LD,false,
ELEC,Normandale Village Lunds and Byerlys,5101 98th Street West,,Bloomington,MN,55437,,888-264-2208,E,,Public,Mon 6:00am - 11:59pm; Tue 6:00am - 11:59pm; Wed 6:00am - 11:59pm; Thu 6:00am - 11:59pm; Fri 6:00am - 11:59pm; Sat 6:00am - 11:59pm; Sun 6:00am - 11:59pm,,,,,,1,,,SHELL_RECHARGE,https://www.shell.us/motorist/electric-vehicle-charging.html,GPS,44.824252,-93.349925,2024-12-09,224566,2024-12-09 02:48:59 UTC,,,,2022-07-25,,,,,J1772,US,,,,Public,,public,,,,,,,,,,,,,,,,,,,,false,,,,,,,,LD,false,
ELEC,Normandale Village Haskells,5101 98th Street West,,Bloomington,MN,55437,,888-264-2208,E,,Public,Mon 6:00am - 11:59pm; Tue 6:00am - 11:59pm; Wed 6:00am - 11:59pm; Thu 6:00am - 11:59pm; Fri 6:00am - 11:59pm; Sat 6:00am - 11:59pm; Sun 6:00am - 11:59pm,,,,,,1,,,SHELL_RECHARGE,https://www.shell.us/motorist/electric-vehicle-charging.html,GPS,44.8243,-93.348953,2024-12-09,224567,2024-12-09 02:48:59 UTC,,,,2022-07-25,,,,,J1772,US,,,,Public,,public,,,,,,,,,,,,,,,,,,,,false,,,,,,,,LD,false,
ELEC,Normandale Village Subway,5101 98th Street West,,Bloomington,MN,55437,,888-264-2208,T,2024-09-18,TEMPORARILY UNAVAILABLE (Public),Mon 6:00am - 11:59pm; Tue 6:00am - 11:59pm; Wed 6:00am - 11:59pm; Thu 6:00am - 11:59pm; Fri 6:00am - 11:59pm; Sat 6:00am - 11:59pm; Sun 6:00am - 11:59pm,,,,,,2,,,SHELL_RECHARGE,https://www.shell.us/motorist/electric-vehicle-charging.html,GPS,44.824259,-93.347502,2024-12-09,224568,2024-12-09 02:48:59 UTC,,,,2022-07-25,,,,,J1772,US,,,,TEMPORAIREMENT SUSPENDU (Public),,public,,,,,,,,,,,,,,,,,,,,false,,,,,,,,LD,false,
ELEC,Normandale Village Anytime Fitness,5101 98th Street West,,Bloomington,MN,55437,,888-264-2208,T,2024-09-18,TEMPORARILY UNAVAILABLE (Public),Mon 6:00am - 11:59pm; Tue 6:00am - 11:59pm; Wed 6:00am - 11:59pm; Thu 6:00am - 11:59pm; Fri 6:00am - 11:59pm; Sat 6:00am - 11:59pm; Sun 6:00am - 11:59pm,,,,,,2,,,SHELL_RECHARGE,https://www.shell.us/motorist/electric-vehicle-charging.html,GPS,44.82478,-93.347497,2024-12-09,224569,2024-12-09 02:48:58 UTC,,,,2022-07-25,,,,,J1772,US,,,,TEMPORAIREMENT SUSPENDU (Public),,public,,,,,,,,,,,,,,,,,,,,false,,,,,,,,LD,false,
ELEC,PCB PCB LKVL EAST,20802 Kensington Blvd,,Lakeville,MN,55044,,888-758-4389,E,,Public,Mon 6:00pm - 12:00am; Tue 6:00pm - 12:00am; Wed 6:00pm - 12:00am; Thu 6:00pm - 12:00am; Fri 6:00pm - 12:00am; Sat 12:00am - 12:00am; Sun 12:00am - 12:00am,,,,,,2,,,ChargePoint Network,http://www.chargepoint.com/,GPS,44.647979,-93.284585,2024-12-10,224618,2024-12-10 01:41:50 UTC,,,,2022-07-29,,,,,J1772,US,,,,Public,,public,,,,,,,,,,,,,,,,,,,,,,,,,,,,,false,
ELEC,PCB PCB LKVL WEST,20802 Kensington Blvd,,Lakeville,MN,55044,,888-758-4389,E,,Public,Mon 6:00pm - 12:00am; Tue 6:00pm - 12:00am; Wed 6:00pm - 12:00am; Thu 6:00pm - 12:00am; Fri 6:00pm - 12:00am; Sat 12:00am - 12:00am; Sun 12:00am - 12:00am,,,,,,2,,,ChargePoint Network,http://www.chargepoint.com/,GPS,44.647994,-93.285066,2024-12-10,224619,2024-12-10 01:41:51 UTC,,,,2022-07-29,,,,,J1772,US,,,,Public,,public,,,,,,,,,,,,,,,,,,,,,,,,,,,,,false,
ELEC,LUTHER MAZDA MAZDA GUEST,4435 68th Ave N,OUTSIDE MAZDA MAIN ENTERANCE,Brooklyn Center,MN,55429,,888-758-4389,E,,Public,24 hours daily,,,,,,2,,,ChargePoint Network,http://www.chargepoint.com/,GPS,45.077054,-93.337971,2024-12-10,224751,2024-12-10 01:42:01 UTC,,,,2022-08-03,,,,,J1772,US,,,,Public,,public,,,,,,,,,,,,,,,,,,,,,,,,,,,,,false,
ELEC,Valley Creek Office Park,8401 Golden Valley Road,,Golden Valley,MN,55427,,800-663-5633,E,,Public,24 hours daily,,,,,,2,,,Blink Network,http://www.blinkcharging.com/,GPS,44.9855745,-93.3867865,2024-12-10,225415,2024-12-10 00:07:04 UTC,,,,2022-05-21,,,,,J1772,US,,,,Public,,public,,,,,,,,,,$1.00/Hr Parking Fee,,,,,,,,,,,,,,,,,,,false,
ELEC,IGH E250 N CUST,1290 50th St E,Near Main Entrance,Inver Grove Heights,MN,55077,,888-758-4389,E,,Public,Mon 7:00am - 8:00pm; Tue 7:00am - 8:00pm; Wed 7:00am - 8:00pm; Thu 7:00am - 8:00pm; Fri 7:00am - 6:00pm; Sat 8:30am - 6:00pm,,,,,,,1,,ChargePoint Network,http://www.chargepoint.com/,GPS,44.87865,-93.07962,2024-12-10,225440,2024-12-10 01:42:32 UTC,,,,2022-08-12,,,,,CHADEMO J1772COMBO,US,,,,Public,,public,,,,,,,,,,,,,,,,,,,,,,,,,,,,,false,
ELEC,McLeod Cooperative Power Assn.,3515 11th Street East,,Glencoe,MN,55336,,1-888-493-3638,E,,Public,,,,,,,2,,,ZEFNET,https://www.zefenergy.com,GPS,44.7718,-94.11589,2024-12-09,225708,2024-12-09 04:03:34 UTC,,,,2022-07-29,,,,,J1772,US,,,,Public,,public,,,,,,,,,,,,,,,,,,,,false,,,,,,,,,false,
ELEC,CIVICEV COMMUNITY CTR2,14600 Minnetonka Blvd Community Center,Surface Lot at Turn Lane from Williston Road to parking lot,Minnetonka,MN,55345,,888-758-4389,E,,Public,24 hours daily,,,,,,2,,,ChargePoint Network,http://www.chargepoint.com/,GPS,44.939276,-93.467675,2024-12-10,225909,2024-12-10 01:42:41 UTC,,,,2022-08-19,,,,,J1772,US,,,,Public,,public,,,,,,,,,,,,,,,,,,,,,,,,,,,,,false,
ELEC,BELW GIANT BELW PLANT,118 E 6th St,Power Plant Street,Blue Earth,MN,56013,,888-758-4389,E,,Public,24 hours daily,,,,,,2,,,ChargePoint Network,http://www.chargepoint.com/,GPS,43.638543,-94.10155,2024-12-10,226101,2024-12-10 01:42:53 UTC,,,,2022-08-23,,,,,J1772,US,,,,Public,,public,,,,,,,,,,,,,,,,,,,,,,,,,,,,,false,
ELEC,"Casey's Worthington #3 (Worthington, MN)",2021 Hwy 59 N,,Worthington,MN,56187,,833-632-2778,E,,Public,24 hours daily,,,,,,,4,,Electrify America,https://www.electrifyamerica.com/,GPS,43.64008,-95.59459,2024-12-09,226187,2024-12-09 03:00:31 UTC,,,,2022-08-24,,,,,J1772COMBO,US,,,,Public,,public,,,,,,,,,,,,,,,,,,,,,,,,,,,,,false,
ELEC,PAPIK MOTORS PAPIK MOTORS,801 Commerce Rd,,Luverne,MN,56156,,888-758-4389,E,,Public,24 hours daily,,,,,,,1,,ChargePoint Network,http://www.chargepoint.com/,GPS,43.640677,-96.221058,2024-12-10,226707,2024-12-10 01:43:09 UTC,,,,2022-08-30,,,,,CHADEMO J1772COMBO,US,,,,Public,,public,,,,,,,,,,,,,,,,,,,,,,,,,,,,,false,
ELEC,CSG EV COMM CNTR L2(8),14800 34th Ave N,Parking Lot,Plymouth,MN,55447,,888-758-4389,E,,Public,24 hours daily,,,,,,2,,,ChargePoint Network,http://www.chargepoint.com/,GPS,45.022249,-93.467394,2024-12-10,226737,2024-12-10 01:39:49 UTC,,,,2022-08-31,,,,,J1772,US,,,,Public,,public,,,,,,,,,,,,,,,,,,,,,,,,,,,,,false,
ELEC,CIVICEV CENTRAL FIRE 1,14550 Minnetonka Blvd,Fire Station 1 - City Hall Parking Lot,Minnetonka,MN,55345,,888-758-4389,E,,Public,24 hours daily,,,,,,,1,,ChargePoint Network,http://www.chargepoint.com/,GPS,44.940822,-93.464653,2024-12-10,226831,2024-12-10 01:43:21 UTC,,,,2022-09-01,,,,,CHADEMO J1772COMBO,US,,,,Public,,public,,,,,,,,,,,,,,,,,,,,,,,,,,,,,false,
ELEC,CIVICEV CENTRALFIRE1 L2,14550 Minnetonka Blvd,Fire Station 1 - City Hall Parking Lot,Minnetonka,MN,55345,,888-758-4389,E,,Public,24 hours daily,,,,,,2,,,ChargePoint Network,http://www.chargepoint.com/,GPS,44.940809,-93.464546,2024-12-10,226832,2024-12-10 01:43:21 UTC,,,,2022-09-01,,,,,J1772,US,,,,Public,,public,,,,,,,,,,,,,,,,,,,,,,,,,,,,,false,
ELEC,Cobblestone Court Shopping Center,14150 Nicollet Ave,,Burnsville,MN,55337,,888-264-2208,E,,Public,Mon 6:00am - 11:59pm; Tue 6:00am - 11:59pm; Wed 6:00am - 11:59pm; Thu 6:00am - 11:59pm; Fri 6:00am - 11:59pm; Sat 6:00am - 11:59pm; Sun 6:00am - 11:59pm,,,,,,1,,,SHELL_RECHARGE,https://www.shell.us/motorist/electric-vehicle-charging.html,GPS,44.747292,-93.278594,2024-12-09,227102,2024-12-09 02:49:57 UTC,,,,2022-08-29,,,,,J1772,US,,,,Public,,public,,,,,,,,,,,,,,,,,,,,false,,,,,,,,LD,false,
ELEC,Superior Shores Resort,1521 Superior Shores Drive,,Two Harbors,MN,55616,,800-663-5633,E,,Public,24 hours daily,,,,,,1,,,Blink Network,http://www.blinkcharging.com/,GPS,47.035383393125,-91.644794914819,2024-12-10,227115,2024-12-10 00:08:21 UTC,,,,2022-06-08,,,,,J1772,US,,,,Public,,public,,,,,,,,,,$0.30/kWh Energy Fee,,,,,,,,,,,,,,,,,,,false,
ELEC,Superior Shores Resort Burlington Bay Condos,1412 Burlington Bay Rd,,Two Harbors,MN,55616,,800-663-5633,T,2024-12-07,TEMPORARILY UNAVAILABLE (Public),24 hours daily,,,,,,1,,,Blink Network,http://www.blinkcharging.com/,GPS,47.0298943,-91.6503332,2024-12-10,227116,2024-12-10 00:08:21 UTC,,,,2022-02-15,,,,,J1772,US,,,,TEMPORAIREMENT SUSPENDU (Public),,public,,,,,,,,,,$0.30/kWh Energy Fee,,,,,,,,,,,,,,,,,,,false,
ELEC,ST OLAF COLLEGE TOWNHOMES,1208 St Olaf Ave,St. Olaf Ave. Townhouses parking lot,Northfield,MN,55057,,888-758-4389,E,,Public,24 hours daily,,,,,,2,,,ChargePoint Network,http://www.chargepoint.com/,GPS,44.460934,-93.17841,2024-12-10,227132,2024-12-10 01:43:24 UTC,,,,2022-09-03,,,,,J1772,US,,,,Public,,public,,,,,,,,,,,,,,,,,,,,,,,,,,,,,false,
ELEC,ST OLAF COLLEGE BUNTROCK,1630 Founders Dr,Buntrock Commons Parking Lot,Northfield,MN,55057,,888-758-4389,E,,Public,24 hours daily,,,,,,2,,,ChargePoint Network,http://www.chargepoint.com/,GPS,44.463182,-93.183626,2024-12-10,227133,2024-12-10 01:43:24 UTC,,,,2022-09-03,,,,,J1772,US,,,,Public,,public,,,,,,,,,,,,,,,,,,,,,,,,,,,,,false,
ELEC,CENTRALGV EDINA WEST,7020 France Ave S,On south side of building,Edina,MN,55435,,888-758-4389,E,,Public,Mon 11:00am - 7:00pm; Tue 11:00am - 7:00pm; Wed 11:00am - 7:00pm; Thu 11:00am - 7:00pm; Fri 11:00am - 7:00pm; Sat 10:00am - 6:00pm; Sun 11:00am - 6:00pm,,,,,,2,,,ChargePoint Network,http://www.chargepoint.com/,GPS,44.875181,-93.329626,2024-12-10,227310,2024-12-10 01:43:12 UTC,,,,2022-09-08,,,,,J1772,US,,,,Public,,public,,,,,,,,,,,,,,,,,,,,,,,,,,,,,false,
ELEC,CENTRALGV EDINA EAST,7020 France Ave S,On south side of Building,Edina,MN,55435,,888-758-4389,E,,Public,Mon 11:00am - 7:00pm; Tue 11:00am - 7:00pm; Wed 11:00am - 7:00pm; Thu 11:00am - 7:00pm; Fri 11:00am - 7:00pm; Sat 10:00am - 6:00pm; Sun 11:00am - 6:00pm,,,,,,2,,,ChargePoint Network,http://www.chargepoint.com/,GPS,44.875182,-93.329557,2024-12-10,227311,2024-12-10 01:43:13 UTC,,,,2022-09-08,,,,,J1772,US,,,,Public,,public,,,,,,,,,,,,,,,,,,,,,,,,,,,,,false,
ELEC,CITY OF EDINA PUBLIC WORKS 1,7450 Metro Blvd,,Edina,MN,55439,,888-758-4389,E,,Public,Mon 12:00am - 11:45pm; Tue 12:00am - 11:45pm; Wed 12:00am - 11:45pm; Thu 12:00am - 11:45pm; Fri 12:00am - 11:45pm; Sat 12:00am - 11:45pm; Sun 12:00am - 11:45pm,,,,,,2,,,ChargePoint Network,http://www.chargepoint.com/,GPS,44.86788,-93.3543,2024-12-10,227367,2024-12-10 01:43:37 UTC,,,,2022-09-09,,,,,J1772,US,,,,Public,,public,,,,,,,,,,,,,,,,,,,,,,,,,,,,,false,
ELEC,RAMP CHARGER STATION 1,19 2nd St SE,,Rochester,MN,55904,,888-758-4389,E,,Public,24 hours daily,,,,,,2,,,ChargePoint Network,http://www.chargepoint.com/,GPS,44.022105,-92.462037,2024-12-10,227425,2024-12-10 00:52:06 UTC,,,,2022-09-10,,,,,J1772,US,,,,Public,,public,,,,,,,,,,,,,,,,,,,,,,,,,,,,,false,
ELEC,RAMP CHARGER RAMP 6,59 1st St SE,,Rochester,MN,55904,,888-758-4389,E,,Public,24 hours daily,,,,,,2,,,ChargePoint Network,http://www.chargepoint.com/,GPS,44.02256,-92.462018,2024-12-10,227426,2024-12-10 00:59:05 UTC,,,,2022-09-10,,,,,J1772,US,,,,Public,,public,,,,,,,,,,,,,,,,,,,,,,,,,,,,,false,
ELEC,CENTRALGV CENTRAL S,4680 Olson Memorial Hwy,Near weekend outlet entrance,Golden Valley,MN,55422,,888-758-4389,E,,Public,Sat 7:30am - 5:45pm; Sun 7:30am - 5:45pm,,,,,,2,,,ChargePoint Network,http://www.chargepoint.com/,GPS,44.98583,-93.33808,2024-12-10,227597,2024-12-10 01:41:43 UTC,,,,2022-09-15,,,,,J1772,US,,,,Public,,public,,,,,,,,,,,,,,,,,,,,,,,,,,,,,false,
ELEC,CENTRALGV CENTRAL N,4680 Olson Memorial Hwy,Near weekend outlet entrance,Golden Valley,MN,55422,,888-758-4389,E,,Public,Sat 7:30am - 5:45pm; Sun 7:30am - 5:45pm,,,,,,2,,,ChargePoint Network,http://www.chargepoint.com/,GPS,44.985759,-93.338086,2024-12-10,227598,2024-12-10 01:41:43 UTC,,,,2022-09-15,,,,,J1772,US,,,,Public,,public,,,,,,,,,,,,,,,,,,,,,,,,,,,,,false,
ELEC,TARGET T0005 STATION 2,2555 W 79th St,Northwest corner of parking lot,Bloomington,MN,55431,,888-758-4389,E,,Public,Mon 7:00am - 12:00am; Tue 7:00am - 12:00am; Wed 7:00am - 12:00am; Thu 7:00am - 12:00am; Fri 7:00am - 12:00am; Sat 7:00am - 12:00am; Sun 7:00am - 12:00am,,,,,,2,,,ChargePoint Network,http://www.chargepoint.com/,GPS,44.859499,-93.311363,2024-12-10,227674,2024-12-10 01:43:56 UTC,,,,2022-09-16,,,,,J1772,US,,,,Public,,public,,,,,,,,,,,,,,,,,,,,,,,,,,,,,false,
ELEC,TARGET T0005 STATION 1,2555 W 79th St,Northwest corner of parking lot,Bloomington,MN,55431,,888-758-4389,E,,Public,Mon 7:00am - 12:00am; Tue 7:00am - 12:00am; Wed 7:00am - 12:00am; Thu 7:00am - 12:00am; Fri 7:00am - 12:00am; Sat 7:00am - 12:00am; Sun 7:00am - 12:00am,,,,,,2,,,ChargePoint Network,http://www.chargepoint.com/,GPS,44.859531,-93.311361,2024-12-10,227675,2024-12-10 01:43:57 UTC,,,,2022-09-16,,,,,J1772,US,,,,Public,,public,,,,,,,,,,,,,,,,,,,,,,,,,,,,,false,
ELEC,KW MAPLE GROVE KW697,10402 73rd Ave N,Located on the West side of the parking lot.,Maple Grove,MN,55369,,888-758-4389,E,,Public,24 hours daily,,,,,,2,,,ChargePoint Network,http://www.chargepoint.com/,GPS,45.085125,-93.412993,2024-12-10,227784,2024-12-10 01:43:47 UTC,,,,2022-09-17,,,,,J1772,US,,,,Public,,public,,,,,,,,,,,,,,,,,,,,,,,,,,,,,false,
ELEC,BUERKLE HYUNDAI BUERKLE HYUNDAI,3350 Hwy 61 N,"M-Th 7am-8pm, F & Sa 7am-6pm",Saint Paul,MN,55110,,888-758-4389,E,,Public,24 hours daily,,,,,,,1,,ChargePoint Network,http://www.chargepoint.com/,GPS,45.04157,-93.038227,2024-12-10,227787,2024-12-10 01:43:49 UTC,,,,2022-09-17,,,,,CHADEMO J1772COMBO,US,,,,Public,,public,,,,,,,,,,,,,,,,,,,,,,,,,,,,,false,
ELEC,CASE BUILDING CASE BUILDING 2,767 Eustis Street,Adjacent to covered parking area in the south parking lot near main enterance.,Saint Paul,MN,55114,,888-758-4389,E,,Public,24 hours daily,,,,,,2,,,ChargePoint Network,http://www.chargepoint.com/,GPS,44.961689,-93.203364,2024-12-10,227918,2024-12-10 01:41:01 UTC,,,,2022-09-21,,,,,J1772,US,,,,Public,,public,,,,,,,,,,,,,,,,,,,,,,,,,,,,,false,
ELEC,Jensen Buick GMC,2525 S Broadway St,,New Ulm,MN,56073,,888-998-2546,E,,Public,24 hours daily,,,,,,,1,,Blink Network,http://www.blinkcharging.com/,GPS,44.28542142064243,-94.43532177460192,2024-12-10,228900,2024-12-10 00:07:47 UTC,,,,2022-09-22,,,,,J1772COMBO,US,,,,Public,,public,,,,,,,,,,Free,,,,,,,,,,,,,,,,,,,false,
ELEC,Mystic Lake Casino Hotel Parking Garage,2400 Mystic Lake Blvd NW,,Prior Lake,MN,55372,,,E,,Public,24 hours daily,,,,,,4,,,Non-Networked,,200-9,44.7301581414253,-93.4705851772156,2023-05-03,229379,2024-01-31 22:07:01 UTC,P,,,2022-12-01,,,,,TESLA,US,,,,Public,,public,,,HOTEL,,,,,,,Free,,,,,,,,,,false,,,,,,,,LD,false,
ELEC,Mystic Center North Lot,2400 Mystic Lake Blvd NW,,Prior Lake,MN,55372,,800-262-7799,E,,Public,24 hours daily,,,,,,4,,,ChargePoint Network,http://www.chargepoint.com/,200-8,44.73374101,-93.47556219,2023-05-03,229380,2024-01-31 22:07:01 UTC,P,,,2018-08-16,,,,,J1772,US,,,,Public,,public,,,CONVENTION_CENTER,,,,,,,Free,,,,,,,,,,false,,,,,,,,LD,false,
ELEC,EMC Headquarters - Plymouth,2890 Vicksburg Ln N,,Plymouth,MN,55447,,833-692-6787,E,,Public - Credit card at all times,Contact station for hours of availability.,A ANDROID_PAY APPLE_PAY CREDIT D M,,,,,2,,,AMPUP,https://ampup.io/,200-8,45.01285,-93.481457,2022-10-11,229898,2023-02-14 15:54:11 UTC,P,,,2022-09-15,,,,,J1772,US,,,,Public - Carte de crédit en tout temps,,public,CREDIT_CARD_ALWAYS,,OFFICE_BLDG,,,,,,,,,,,,,,,,,false,,,,,,,,LD,false,
ELEC,EPCO Factory,5401 Smetana Dr,,Hopkins,MN,55343,,,E,,Private,Contact station for hours of availability.,,,,,,1,,,AMPUP,https://ampup.io/,200-9,44.905609,-93.404976,2023-08-10,230690,2024-01-31 22:07:01 UTC,P,,,2022-09-15,,,,,J1772,US,,,,Privé,,private,,,OFFICE_BLDG,,,,,,,,,,,,,,,,,,,,,,,,,LD,false,
ELEC,Snell Indoor Auto Center,1900 Madison Ave,,Mankato,MN,56001,,866-816-7584,E,,Public,24 hours daily,,,,,,1,3,,EV Connect,http://evconnect.com/,GPS,44.168181,-93.947518,2024-12-09,230946,2024-12-09 03:13:11 UTC,,,,2022-09-30,,,,,J1772 J1772COMBO,US,,,,Public,,public,,,,,,,,,,,,,,,,,,,,,,,,,,,,,false,
ELEC,Pioneer Emobility,8900 109th Ave N #800,,Champlin,MN,55316,,866-816-7584,T,2024-05-23,TEMPORARILY UNAVAILABLE (Public),24 hours daily,,,,,,2,,,EV Connect,http://evconnect.com/,GPS,45.154298,-93.39285,2024-12-09,231003,2024-12-09 03:14:04 UTC,,,,2022-09-30,,,,,J1772,US,,,,TEMPORAIREMENT SUSPENDU (Public),,public,,,,,,,,,,,,,,,,,,,,,,,,,,,,,false,
ELEC,Harry Brown's Family Automotive,1747 Grant Street,,Faribault,MN,55021,,866-816-7584,E,,Public,24 hours daily,,,,,,,1,,EV Connect,http://evconnect.com/,GPS,44.293745,-93.294741,2024-12-09,231013,2024-12-09 03:14:09 UTC,,,,2022-09-30,,,,,J1772COMBO,US,,,,Public,,public,,,,,,,,,,,,,,,,,,,,,,,,,,,,,false,
ELEC,Target - Tesla Supercharger,2555  West 79th Street,,Bloomington,MN,55431,,877-798-3752,E,,Public,24 hours daily. Please check Tesla's online station map to see if an adapter is required at this location.,A D Debit M V,,,,,,16,,Tesla,https://www.tesla.com/supercharger,GPS,44.861057,-93.312177,2024-07-01,231691,2024-08-14 18:58:22 UTC,P,,,2022-09-22,,,,,TESLA,US,,,,Public,,public,,,SHOPPING_CENTER,,,,,,,,,,,,,,,,,false,,,,,,,,LD,false,
ELEC,TARGET T2193 STATION 2,15301 Grove Cir N,,Maple Grove,MN,55369,,888-758-4389,E,,Public,Mon 7:00am - 12:00am; Tue 7:00am - 12:00am; Wed 7:00am - 12:00am; Thu 7:00am - 12:00am; Fri 7:00am - 12:00am; Sat 7:00am - 12:00am; Sun 7:00am - 12:00am,,,,,,2,,,ChargePoint Network,http://www.chargepoint.com/,GPS,45.134921,-93.474837,2024-12-10,231751,2024-12-10 01:44:30 UTC,,,,2022-10-04,,,,,J1772,US,,,,Public,,public,,,,,,,,,,,,,,,,,,,,,,,,,,,,,false,
ELEC,TARGET T2193 STATION 1,15301 Grove Cir N,Target parking lot next to Tesla Chargers,Maple Grove,MN,55369,,888-758-4389,E,,Public,Mon 7:00am - 12:00am; Tue 7:00am - 12:00am; Wed 7:00am - 12:00am; Thu 7:00am - 12:00am; Fri 7:00am - 12:00am; Sat 7:00am - 12:00am; Sun 7:00am - 12:00am,,,,,,2,,,ChargePoint Network,http://www.chargepoint.com/,GPS,45.134923,-93.474944,2024-12-10,231752,2024-12-10 01:44:30 UTC,,,,2022-10-04,,,,,J1772,US,,,,Public,,public,,,,,,,,,,,,,,,,,,,,,,,,,,,,,false,
ELEC,Cub Foods - Tesla Supercharger,216 7th Street West,,Monticello,MN,55362,,877-798-3752,E,,Public,24 hours daily. Please check Tesla's online station map to see if an adapter is required at this location.,A D Debit M V,,,,,,8,,Tesla,https://www.tesla.com/supercharger,GPS,45.300804,-93.799559,2024-07-01,233046,2024-08-14 18:58:22 UTC,P,,,2022-10-05,,,,,J1772COMBO TESLA,US,,,,Public,,public,,,GROCERY,,,,,,,,,,,,,,,,,false,,,,,,,,LD,false,
ELEC,Holiday Stationstores - Tesla Supercharger,38682 Main St,,North Branch,MN,55056,,877-798-3752,E,,Public,24 hours daily. Please check Tesla's online station map to see if an adapter is required at this location.,A D Debit M V,,,,,,8,,Tesla,https://www.tesla.com/supercharger,GPS,45.510927,-92.990614,2024-07-01,233049,2024-08-14 18:58:22 UTC,P,,,2022-10-06,,,,,TESLA,US,,,,Public,,public,,,GAS_STATION,,,,,,,,,,,,,,,,,false,,,,,,,,LD,false,
ELEC,Target - Tesla Supercharger,15300  Grove Circle North,,Maple Grove,MN,55369,,877-798-3752,E,,Public,24 hours daily. Please check Tesla's online station map to see if an adapter is required at this location.,A D Debit M V,,,,,,12,,Tesla,https://www.tesla.com/supercharger,GPS,45.134938,-93.474586,2024-07-01,233385,2024-08-14 18:58:22 UTC,P,,,2022-10-07,,,,,TESLA,US,,,,Public,,public,,,SHOPPING_CENTER,,,,,,,,,,,,,,,,,false,,,,,,,,LD,false,
ELEC,CIVICEV MNTKA DRIVE,14602 Minnetonka Dr,Three Rivers Trail - Williston Fitness,Minnetonka,MN,55345,,888-758-4389,E,,Public,24 hours daily,,,,,,2,,,ChargePoint Network,http://www.chargepoint.com/,GPS,44.937905,-93.465284,2024-12-10,234554,2024-12-10 01:44:55 UTC,,,,2022-10-18,,,,,J1772,US,,,,Public,,public,,,,,,,,,,,,,,,,,,,,,,,,,,,,,false,
ELEC,Best Western Fairmont,1201 Torgerson Drive,,Fairmont,MN,56031,,800-663-5633,T,2024-03-03,TEMPORARILY UNAVAILABLE (Public),24 hours daily,,,,,,1,,,Blink Network,http://www.blinkcharging.com/,GPS,43.6767314,-94.4458867,2024-12-10,234593,2024-12-10 00:07:10 UTC,,,,2022-09-22,,,,,J1772,US,,,,TEMPORAIREMENT SUSPENDU (Public),,public,,,,,,,,,,$0.50/kWh Energy Fee,,,,,,,,,,,,,,,,,,,false,
ELEC,NELSON ELECTRIC STATION 1,7801 Xylon Ave N,,Brooklyn Park,MN,55445,,888-758-4389,E,,Public,24 hours daily,,,,,,2,,,ChargePoint Network,http://www.chargepoint.com/,GPS,45.09604,-93.38705,2024-12-10,234690,2024-12-10 01:44:59 UTC,,,,2022-10-20,,,,,J1772,US,,,,Public,,public,,,,,,,,,,,,,,,,,,,,,,,,,,,,,false,
ELEC,ST PAUL SUBARU WEST SHOP,740 Concord St S,Inside the new car delivery bay at the South St. Paul Subaru dealership,South Saint Paul,MN,55075,,888-758-4389,E,,Public,24 hours daily,,,,,,1,,,ChargePoint Network,http://www.chargepoint.com/,GPS,44.877391,-93.033185,2024-12-10,234712,2024-12-10 01:40:21 UTC,,,,2022-10-21,,,,,J1772,US,,,,Public,,public,,,,,,,,,,,,,,,,,,,,,,,,,,,,,false,
ELEC,ST PAUL SUBARU EAST SHOP,740 Concord St S,Inside of service write up bay at the South St Paul Subaru dealership on north wall,South Saint Paul,MN,55075,,888-758-4389,E,,Public,24 hours daily,,,,,,1,,,ChargePoint Network,http://www.chargepoint.com/,GPS,44.877826,-93.032448,2024-12-10,234713,2024-12-10 01:40:21 UTC,,,,2022-10-21,,,,,J1772,US,,,,Public,,public,,,,,,,,,,,,,,,,,,,,,,,,,,,,,false,
ELEC,ANOKA RAMSEY CC ARCC LEFT,11200 Mississippi Blvd,,Coon Rapids,MN,55433,,888-758-4389,E,,Public,24 hours daily,,,,,,2,,,ChargePoint Network,http://www.chargepoint.com/,GPS,45.17282,-93.35039,2024-12-10,234734,2024-12-10 01:45:11 UTC,,,,2022-10-21,,,,,J1772,US,,,,Public,,public,,,,,,,,,,,,,,,,,,,,,,,,,,,,,false,
ELEC,8200 Tower,5600 West 83rd Street,,Minneapolis,MN,55437,,800-663-5633,E,,Public,24 hours daily,,,,,,2,,,Blink Network,http://www.blinkcharging.com/,GPS,44.8545057,-93.355344,2024-12-10,234969,2024-12-10 00:08:31 UTC,,,,2022-09-22,,,,,J1772,US,,,,Public,,public,,,,,,,,,,$1.00-$5.00/Hr Variable Parking Fee,,,,,,,,,,,,,,,,,,,false,
ELEC,8400 Tower,8400 Normandale Lake Drive,,Bloomington,MN,55438,,800-663-5633,E,,Public,24 hours daily,,,,,,8,,,Blink Network,http://www.blinkcharging.com/,GPS,44.8483787,-93.3625606,2024-12-10,234970,2024-12-10 00:07:10 UTC,,,,2022-09-22,,,,,J1772,US,,,,Public,,public,,,,,,,,,,$1.00-$5.00/Hr Variable Parking Fee,,,,,,,,,,,,,,,,,,,false,
ELEC,CIVICEV WILLIE DC,14602 Minnetonka Dr Public Surface Lot,Surface Lot Regional Trail and Williston Fitness Center,Minnetonka,MN,55345,,888-758-4389,E,,Public,24 hours daily,,,,,,,1,,ChargePoint Network,http://www.chargepoint.com/,GPS,44.937864,-93.465287,2024-12-10,235281,2024-12-10 01:44:55 UTC,,,,2022-10-27,,,,,CHADEMO J1772COMBO,US,,,,Public,,public,,,,,,,,,,,,,,,,,,,,,,,,,,,,,false,
ELEC,BELW GIANT BELW AG CEN,435 S Grove St,South end of parking lot,Blue Earth,MN,56013,,888-758-4389,E,,Public,24 hours daily,,,,,,2,,,ChargePoint Network,http://www.chargepoint.com/,GPS,43.634003,-94.090484,2024-12-10,235369,2024-12-10 01:45:37 UTC,,,,2022-10-28,,,,,J1772,US,,,,Public,,public,,,,,,,,,,,,,,,,,,,,,,,,,,,,,false,
ELEC,ANOKA RAMSEY CC ARCC 1,11200 Mississippi Blvd,,Coon Rapids,MN,55433,,888-758-4389,E,,Public,24 hours daily,,,,,,2,,,ChargePoint Network,http://www.chargepoint.com/,GPS,45.17287,-93.35038,2024-12-10,235779,2024-12-10 01:45:15 UTC,,,,2022-11-07,,,,,J1772,US,,,,Public,,public,,,,,,,,,,,,,,,,,,,,,,,,,,,,,false,
ELEC,Savage City Hall,6000 McColl Dr,,Savage,MN,55378,,952-882-2660,E,,Public - Credit card at all times,24 hours daily,CREDIT,,,,,4,,,ChargePoint Network,http://www.chargepoint.com/,200-8,44.76546,-93.35486,2024-07-11,236545,2024-07-11 19:05:43 UTC,LG,,,2022-03-01,,,,,J1772,US,,,,Public - Carte de crédit en tout temps,,public,CREDIT_CARD_ALWAYS,,MUNI_GOV,,,,,,,$1.00 per hour,,,,,,,,,,false,,,,,,,,LD,false,
ELEC,TARGET T9104 STATION 2,2650 Winter St NE,,Minneapolis,MN,55413,,888-758-4389,E,,Public,Mon 7:00am - 12:00am; Tue 7:00am - 12:00am; Wed 7:00am - 12:00am; Thu 7:00am - 12:00am; Fri 7:00am - 12:00am; Sat 7:00am - 12:00am; Sun 7:00am - 12:00am,,,,,,2,,,ChargePoint Network,http://www.chargepoint.com/,GPS,44.993071,-93.212475,2024-12-10,236933,2024-12-10 01:47:00 UTC,,,,2022-12-02,,,,,J1772,US,,,,Public,,public,,,,,,,,,,,,,,,,,,,,,,,,,,,,,false,
ELEC,TARGET T9104 STATION 1,2650 Winter St NE,,Minneapolis,MN,55413,,888-758-4389,E,,Public,Mon 7:00am - 12:00am; Tue 7:00am - 12:00am; Wed 7:00am - 12:00am; Thu 7:00am - 12:00am; Fri 7:00am - 12:00am; Sat 7:00am - 12:00am; Sun 7:00am - 12:00am,,,,,,2,,,ChargePoint Network,http://www.chargepoint.com/,GPS,44.992975,-93.212471,2024-12-10,236934,2024-12-10 01:47:02 UTC,,,,2022-12-02,,,,,J1772,US,,,,Public,,public,,,,,,,,,,,,,,,,,,,,,,,,,,,,,false,
ELEC,Center Street Parking Ramp,11 W Center St,,Rochester,MN,55902,,507-282-4545,E,,Public - Credit card at all times,24 hours daily; paid garage,A D Debit M V,,,,,2,,,Non-Networked,,GPS,44.0234507308398,-92.4635218732767,2024-05-09,237064,2024-05-09 20:32:20 UTC,P,,,2022-11-28,,,,,J1772,US,,,,Public - Carte de crédit en tout temps,,public,CREDIT_CARD_ALWAYS,,PARKING_GARAGE,,,,,,,Free,,,,,,,,,,false,,,,,,,,LD,false,
ELEC,3rd St Parking Ramp,100 3rd St SW,,Rochester,MN,55902,,507-282-4545,E,,Public - Credit card at all times,24 hours daily; paid garage,A D Debit M V,,,,,2,,,Non-Networked,,GPS,44.0203189769431,-92.464892311898,2024-05-09,237065,2024-05-09 20:32:20 UTC,P,,,2022-11-28,,,,,J1772,US,,,,Public - Carte de crédit en tout temps,,public,CREDIT_CARD_ALWAYS,,PARKING_GARAGE,,,,,,,Free,,,,,,,,,,false,,,,,,,,LD,false,
ELEC,SMM SMM UNIT 2 & 3,120 W Kellogg Blvd,,Saint Paul,MN,55102,,888-758-4389,E,,Public,24 hours daily,,,,,,2,,,ChargePoint Network,http://www.chargepoint.com/,GPS,44.942574,-93.098806,2024-12-10,237960,2024-12-10 01:47:49 UTC,,,,2022-12-14,,,,,J1772,US,,,,Public,,public,,,,,,,,,,,,,,,,,,,,,,,,,,,,,false,
ELEC,Audi Minneapolis,9393 Wayzata Blvd,,Golden Valley,MN,55426,,888-998-2546,E,,Public,24 hours daily,,,,,,16,,,Blink Network,http://www.blinkcharging.com/,GPS,44.972333,-93.397754,2024-12-10,238050,2024-12-10 00:17:11 UTC,,,,2022-04-14,,,,,J1772,US,,,,Public,,public,,,,,,,,,,Free,,,,,,,,,,,,,,,,,,,false,
ELEC,Bloomington Subaru,500 American Boulevard West,,Minneapolis,MN,55420,,888-998-2546,E,,Public,24 hours daily,,,,,,,1,,Blink Network,http://www.blinkcharging.com/,GPS,44.859651,-93.2677473,2024-12-10,238059,2024-12-10 00:07:44 UTC,,,,2022-12-06,,,,,J1772COMBO,US,,,,Public,,public,,,,,,,,,,Free,,,,,,,,,,,,,,,,,,,false,
ELEC,KANDIYOHI POWER W STATION 1 & 2,8605 47th St NE,West side of parking lot.,Spicer,MN,56288,,888-758-4389,E,,Public,24 hours daily,,,,,,2,,,ChargePoint Network,http://www.chargepoint.com/,GPS,45.208134,-94.980255,2024-12-10,238333,2024-12-10 01:47:22 UTC,,,,2022-12-19,,,,,J1772,US,,,,Public,,public,,,,,,,,,,,,,,,,,,,,,,,,,,,,,false,
ELEC,Seagren's Home Hardware Outdoors - Tesla Supercharger,820 11th St,,Two Harbors,MN,55616,,877-798-3752,E,,Public,24 hours daily. Please check Tesla's online station map to see if an adapter is required at this location.,A D Debit M V,,,,,,8,,Tesla,https://www.tesla.com/supercharger,GPS,47.028324,-91.680656,2024-07-01,238586,2024-08-14 18:58:22 UTC,P,,,2022-12-21,,,,,TESLA,US,,,,Public,,public,,,GROCERY,,,,,,,,,,,,,,,,,false,,,,,,,,LD,false,
ELEC,Target Roseville,1515 County Road B W,,Roseville,MN,55113,,877-455-3833,E,,Public,24 hours daily,,,,,,,6,,eVgo Network,https://www.evgo.com/,GPS,45.006605,-93.163554,2024-12-09,238861,2024-12-09 23:57:51 UTC,,,,2022-12-29,,,,,CHADEMO J1772COMBO,US,,,,Public,,public,,,,,,,,,,,,,,,,,,,,,,,,,,,,,false,
ELEC,KANDIYOHI POWER W STATION 3 & 4,8656 47th St NE,,Spicer,MN,56288,,888-758-4389,E,,Public,24 hours daily,,,,,,2,,,ChargePoint Network,http://www.chargepoint.com/,GPS,45.208183,-94.980286,2024-12-10,238883,2024-12-10 01:47:46 UTC,,,,2022-12-29,,,,,J1772,US,,,,Public,,public,,,,,,,,,,,,,,,,,,,,,,,,,,,,,false,
ELEC,HY VEE BROOKLYN PARK 2,9409 Zane Ave N,,Brooklyn Park,MN,55445,,888-758-4389,E,,Public,24 hours daily,,,,,,2,,,ChargePoint Network,http://www.chargepoint.com/,GPS,45.1258,-93.358817,2024-12-10,250631,2024-12-10 00:41:07 UTC,,,,2023-01-12,,,,,J1772,US,,,,Public,,public,,,,,,,,,,,,,,,,,,,,,,,,,,,,,false,
ELEC,JIM LUPIENT BUICK GMC,7100 Wayzata Blvd,,Golden Valley,MN,55426,,866-816-7584,E,,Public,24 hours daily,,,,,,,1,,EV Connect,http://evconnect.com/,GPS,44.972352,-93.372492,2024-12-09,250821,2024-12-09 03:12:53 UTC,,,,2023-01-18,,,,,J1772COMBO,US,,,,Public,,public,,,,,,,,,,,,,,,,,,,,,,,,,,,,,false,
ELEC,Omni Viking Lakes Hotel - Tesla Destination,2611 Nordic Way,,Eagan,MN,55121,,877-798-3752,E,,Public,,,,,,,1,,,Tesla Destination,https://www.tesla.com/destination-charging,GPS,44.860817,-93.112691,2024-07-01,250891,2024-10-16 16:58:41 UTC,P,,,2022-03-25,,,,,TESLA,US,,,,Public,,public,,,,,,,,,,Free,,,,,,,,,,,,,,,,,,,false,
ELEC,Mystic Lake Hotel and Casino - Tesla Destination,2400 Mystic Lake Blvd NW,,Prior Lake,MN,55372,,877-798-3752,E,,Public,,,,,,,4,,,Tesla Destination,https://www.tesla.com/destination-charging,GPS,44.72917,-93.47251,2024-07-01,251036,2024-10-16 16:58:41 UTC,P,,,2021-06-21,,,,,TESLA,US,,,,Public,,public,,,,,,,,,,Free,,,,,,,,,,,,,,,,,,,false,
ELEC,Village Homes of Grandview Square 1 Association,5225 Grandview Square,,Edina,MN,55436,,888-998-2546,E,,Public,24 hours daily,,,,,,2,,,Blink Network,http://www.blinkcharging.com/,GPS,44.907546,-93.355143,2024-12-10,251160,2024-12-10 00:15:11 UTC,,,,2023-01-18,,,,,J1772,US,,,,Public,,public,,,,,,,,,,Free,,,,,,,,,,,,,,,,,,,false,
ELEC,J. Becher Parking Lot,20610 Commerce Blvd,,Rogers,MN,55374,,,E,,Private,Contact station for hours of availability,,,,,,1,,,AMPUP,https://ampup.io/,GPS,45.192113952,-93.541514658,2023-02-13,251697,2023-02-14 15:54:11 UTC,P,,,2022-10-03,,,,,J1772,US,,,,Privé,,private,,,OFFICE_BLDG,,,,,,,,,,,,,,,,,,,,,,,,,LD,true,
ELEC,CIVICEV COMMUNITY CTR1,14600 Minnetonka Blvd,,Minnetonka,MN,55345,,888-758-4389,E,,Public,24 hours daily,,,,,,,1,,ChargePoint Network,http://www.chargepoint.com/,GPS,44.93915,-93.467618,2024-12-10,251813,2024-12-10 01:42:41 UTC,,,,2023-01-25,,,,,CHADEMO J1772COMBO,US,,,,Public,,public,,,,,,,,,,,,,,,,,,,,,,,,,,,,,false,
ELEC,IKEA USA BLOOMINGTON 1,8000 Ikea Way,Near entrance in underground parking,Bloomington,MN,55425,,888-758-4389,E,,Public,24 hours daily,,,,,,2,,,ChargePoint Network,http://www.chargepoint.com/,GPS,44.858202,-93.244683,2024-12-10,252800,2024-12-10 01:22:13 UTC,,,,2023-02-01,,,,,J1772,US,,,,Public,,public,,,,,,,,,,,,,,,,,,,,,,,,,,,,,false,
ELEC,Apple Ford Pro Elite,7200 Lakeville Boulevard,,Lakeville,MN,55044,,866-816-7584,E,,Public,24 hours daily,,,,,,,5,,EV Connect,http://evconnect.com/,GPS,44.642039,-93.212091,2024-12-09,252984,2024-12-09 03:14:41 UTC,,,,2023-02-02,,,,,J1772COMBO,US,,,,Public,,public,,,,,,,,,,,,,,,,,,,,,,,,,,,,,false,
ELEC,Cobblestone Court Shopping Center DCFC,14150 Nicollet Ave,,Burnsville,MN,55337,,888-264-2208,T,2024-09-18,TEMPORARILY UNAVAILABLE (Public),Mon 6:00am - 11:59pm; Tue 6:00am - 11:59pm; Wed 6:00am - 11:59pm; Thu 6:00am - 11:59pm; Fri 6:00am - 11:59pm; Sat 6:00am - 11:59pm; Sun 6:00am - 11:59pm,,,,,,,1,,SHELL_RECHARGE,https://www.shell.us/motorist/electric-vehicle-charging.html,GPS,44.746988,-93.278724,2024-12-09,253675,2024-12-09 02:49:57 UTC,,,,2023-02-08,,,,,J1772COMBO,US,,,,TEMPORAIREMENT SUSPENDU (Public),,public,,,,,,,,,,,,,,,,,,,,,,,,,,,,,false,
ELEC,GRAND RAPIDS CHEVROLET GMC INC,1610 SOUTH POKEGAMA AVENUE,,GRAND RAPIDS,MN,55744,,866-816-7584,E,,Public,24 hours daily,,,,,,,1,,EV Connect,http://evconnect.com/,GPS,47.214314,-93.527952,2024-12-09,254393,2024-12-09 03:13:08 UTC,,,,2023-02-23,,,,,J1772COMBO,US,,,,Public,,public,,,,,,,,,,,,,,,,,,,,,,,,,,,,,false,
ELEC,8500 Tower,8500 Normandale Lake Boulevard,,Bloomington,MN,55437,,800-663-5633,E,,Public,24 hours daily,,,,,,4,,,Blink Network,http://www.blinkcharging.com/,GPS,44.8535173,-93.3566825,2024-12-10,255197,2024-12-10 00:10:13 UTC,,,,2022-09-22,,,,,J1772,US,,,,Public,,public,,,,,,,,,,,,,,,,,,,,,,,,,,,,,false,
ELEC,Apadana,3401 Nevada Ave N,,New Hope,MN,55427,,800-663-5633,E,,Public,24 hours daily,,,,,,1,,,Blink Network,http://www.blinkcharging.com/,GPS,45.0192664,-93.374233,2024-12-10,255228,2024-12-10 00:10:19 UTC,,,,2022-12-12,,,,,J1772,US,,,,Public,,public,,,,,,,,,,,,,,,,,,,,,,,,,,,,,false,
ELEC,CASE BUILDING CASE BUILDING 1,767 Eustis Street,Adjacent to covered parking area in the south parking lot,Saint Paul,MN,55114,,888-758-4389,T,2024-10-04,TEMPORARILY UNAVAILABLE (Public),24 hours daily,,,,,,2,,,ChargePoint Network,http://www.chargepoint.com/,GPS,44.96164,-93.203369,2024-12-10,255374,2024-12-10 01:41:10 UTC,,,,2023-03-01,,,,,J1772,US,,,,TEMPORAIREMENT SUSPENDU (Public),,public,,,,,,,,,,,,,,,,,,,,,,,,,,,,,false,
ELEC,VLIC Parking Ramp,"2685 Vikings Circle, Suite 200",,Eagan,MN,55121,,855-885-9571,E,,Public,,,,,,,2,,,OpConnect,https://opconnect-ev.com,GPS,44.85849,-93.11788,2024-12-09,255603,2024-12-09 03:07:43 UTC,,,,2023-03-07,,,,,J1772,US,,,,Public,,public,,,,,,,,,,,,,,,,,,,,,,,,,,,,,false,
ELEC,Whitaker Buick GMC,131 19th Street SW,,Forest Lake,MN,55025,,866-816-7584,E,,Public,24 hours daily,,,,,,,1,,EV Connect,http://evconnect.com/,GPS,45.277774,-93.005673,2024-12-09,255606,2024-12-09 03:13:27 UTC,,,,2023-03-07,,,,,J1772COMBO,US,,,,Public,,public,,,,,,,,,,,,,,,,,,,,,,,,,,,,,false,
ELEC,240 Park Avenue,240 Park Avenue,,Minneapolis,MN,55415,,855-885-9571,E,,Public,,,,,,,3,,,OpConnect,https://opconnect-ev.com,GPS,44.97774,-93.25965,2024-12-09,255646,2024-12-09 03:07:43 UTC,,,,2023-03-08,,,,,J1772,US,,,,Public,,public,,,,,,,,,,,,,,,,,,,,,,,,,,,,,false,
ELEC,Fresh Market Grocery,310 South Lakeshore Drive,,Lake City,MN,55041,,1-888-493-3638,E,,Public,,,,,,,1,2,,ZEFNET,https://www.zefenergy.com,GPS,44.44734,-92.2642,2024-12-09,256076,2024-12-09 04:03:23 UTC,,,,2023-03-09,,,,,CHADEMO J1772 J1772COMBO,US,,,,Public,,public,,,,,,,,,,,,,,,,,,,,false,,,,,,,,,false,
ELEC,MiEnergy Cooperative MN Public Charger,31110 Cooperative Way,,Rushford,MN,55971,,1-888-493-3638,E,,Public,,,,,,,2,,,ZEFNET,https://www.zefenergy.com,GPS,43.80495,-91.79508,2024-12-09,256077,2024-12-09 04:03:47 UTC,,,,2023-03-09,,,,,J1772,US,,,,Public,,public,,,,,,,,,,,,,,,,,,,,false,,,,,,,,,false,
ELEC,Preston Trailhead Parking Lot,420 North Saint Northeast,,Preston,MN,55965,,1-888-493-3638,E,,Public,,,,,,,2,,,ZEFNET,https://www.zefenergy.com,GPS,43.67174,-92.0774,2024-12-09,256080,2024-12-09 04:03:26 UTC,,,,2023-03-09,,,,,J1772,US,,,,Public,,public,,,,,,,,,,,,,,,,,,,,false,,,,,,,,,false,
ELEC,City of  Preston,813 U.S. 52,,Preston,MN,55965,,1-888-493-3638,E,,Public,,,,,,,,2,,ZEFNET,https://www.zefenergy.com,GPS,43.67632,-92.07881,2024-12-09,256081,2024-12-09 04:03:42 UTC,,,,2023-03-09,,,,,CHADEMO J1772COMBO,US,,,,Public,,public,,,,,,,,,,,,,,,,,,,,false,,,,,,,,,false,
ELEC,Spring Valley Parking Lot,400 North Broadway Avenue,,Spring Valley,MN,55975,,1-888-493-3638,E,,Public,,,,,,,2,,,ZEFNET,https://www.zefenergy.com,GPS,43.69116,-92.39148,2024-12-09,256082,2024-12-09 04:03:27 UTC,,,,2023-03-09,,,,,J1772,US,,,,Public,,public,,,,,,,,,,,,,,,,,,,,false,,,,,,,,,false,
ELEC,Downtown Austin,329 1st Street Northeast,,Austin,MN,55912,,1-888-493-3638,E,,Public,,,,,,,2,,,ZEFNET,https://www.zefenergy.com,GPS,43.66856,-92.97354,2024-12-09,256084,2024-12-09 04:03:18 UTC,,,,2023-03-09,,,,,J1772,US,,,,Public,,public,,,,,,,,,,,,,,,,,,,,false,,,,,,,,,false,
ELEC,1st St NW,403 1st Street Northwest,,Austin,MN,55912,,1-888-493-3638,E,,Public,,,,,,,2,,,ZEFNET,https://www.zefenergy.com,GPS,43.66933,-92.97624,2024-12-09,256085,2024-12-09 04:03:18 UTC,,,,2023-03-09,,,,,J1772,US,,,,Public,,public,,,,,,,,,,,,,,,,,,,,false,,,,,,,,,false,
ELEC,Blooming Prairie City Hall,138 Highway Avenue South,,Blooming Prairie,MN,55917,,1-888-493-3638,E,,Public,,,,,,,2,2,,ZEFNET,https://www.zefenergy.com,GPS,43.86582,-93.04924,2024-12-09,256086,2024-12-09 04:03:11 UTC,,,,2023-03-09,,,,,CHADEMO J1772 J1772COMBO,US,,,,Public,,public,,,,,,,,,,,,,,,,,,,,false,,,,,,,,,false,
ELEC,Courtyard by Marriott,225 North Cedar Avenue,,Owatonna,MN,55060,,1-888-493-3638,E,,Public,,,,,,,2,,,ZEFNET,https://www.zefenergy.com,GPS,44.08662,-93.22565,2024-12-09,256087,2024-12-09 04:03:26 UTC,,,,2023-03-09,,,,,J1772,US,,,,Public,,public,,,,,,,,,,,,,,,,,,,,false,,,,,,,,,false,
ELEC,Owatonna Theatre,300 Allan Avenue,,Owatonna,MN,55060,,1-888-493-3638,E,,Public,,,,,,,2,,,ZEFNET,https://www.zefenergy.com,GPS,44.08205,-93.24588,2024-12-09,256088,2024-12-09 04:03:22 UTC,,,,2023-03-09,,,,,J1772,US,,,,Public,,public,,,,,,,,,,,,,,,,,,,,false,,,,,,,,,false,
ELEC,DAHLAUTO- TOYSALES-CT4000,1077 W Service Dr,,Winona,MN,55987,,888-758-4389,E,,Public,24 hours daily,,,,,,2,,,ChargePoint Network,http://www.chargepoint.com/,GPS,44.043525,-91.666704,2024-12-10,256278,2024-12-10 01:50:38 UTC,,,,2023-03-14,,,,,J1772,US,,,,Public,,public,,,,,,,,,,,,,,,,,,,,,,,,,,,,,false,
ELEC,Downtown Plaza,100 Downtown Plaza,,Fairmont,MN,56031,,1-888-493-3638,E,,Public,,,,,,,2,,,ZEFNET,https://www.zefenergy.com,GPS,43.65323,-94.46192,2024-12-09,256591,2024-12-09 04:03:37 UTC,,,,2023-03-16,,,,,J1772,US,,,,Public,,public,,,,,,,,,,,,,,,,,,,,false,,,,,,,,,false,
ELEC,Redwood Community Center,901 East Cook Street,,Redwood Falls,MN,56283,,1-888-493-3638,E,,Public,,,,,,,4,2,,ZEFNET,https://www.zefenergy.com,GPS,44.53768,-95.09121,2024-12-09,256592,2024-12-09 04:03:15 UTC,,,,2023-03-16,,,,,CHADEMO J1772 J1772COMBO,US,,,,Public,,public,,,,,,,,,,,,,,,,,,,,false,,,,,,,,,false,
ELEC,Marshall Muni Liquor Tall Grass Liquor,1410 Boyer Drive,,Marshall,MN,56258,,1-888-493-3638,E,,Public,,,,,,,,2,,ZEFNET,https://www.zefenergy.com,GPS,44.43013,-95.76809,2024-12-09,256593,2024-12-09 04:03:38 UTC,,,,2023-03-16,,,,,CHADEMO J1772COMBO,US,,,,Public,,public,,,,,,,,,,,,,,,,,,,,false,,,,,,,,,false,
ELEC,New Prague City Hall,118 Central Avenue North,,New Prague,MN,56071,,1-888-493-3638,E,,Public,,,,,,,2,,,ZEFNET,https://www.zefenergy.com,GPS,44.54463,-93.57807,2024-12-09,256595,2024-12-09 04:03:17 UTC,,,,2023-03-16,,,,,J1772,US,,,,Public,,public,,,,,,,,,,,,,,,,,,,,false,,,,,,,,,false,
ELEC,Coborn’s New Prague,200 Alton Avenue,,New Prague,MN,56071,,1-888-493-3638,E,,Public,,,,,,,2,2,,ZEFNET,https://www.zefenergy.com,GPS,44.54188,-93.55561,2024-12-09,256596,2024-12-09 04:03:36 UTC,,,,2023-03-16,,,,,CHADEMO J1772 J1772COMBO,US,,,,Public,,public,,,,,,,,,,,,,,,,,,,,false,,,,,,,,,false,
ELEC,Dakota Electric Association,4300 220th Street West,,Farmington,MN,55024,,1-888-493-3638,E,,Public,,,,,,,4,,,ZEFNET,https://www.zefenergy.com,GPS,44.62949,-93.15303,2024-12-09,256597,2024-12-09 04:03:14 UTC,,,,2023-03-16,,,,,J1772,US,,,,Public,,public,,,,,,,,,,,,,,,,,,,,false,,,,,,,,,false,
ELEC,Valley Natural Foods,13750 County Road 11,,Burnsville,MN,55337,,1-888-493-3638,E,,Public,,,,,,,2,,,ZEFNET,https://www.zefenergy.com,GPS,44.75451,-93.24917,2024-12-09,256598,2024-12-09 04:03:35 UTC,,,,2023-03-16,,,,,J1772,US,,,,Public,,public,,,,,,,,,,,,,,,,,,,,false,,,,,,,,,false,
ELEC,City Of North Branch,38830 Forest Boulevard,,North Branch,MN,55056,,1-888-493-3638,E,,Public,,,,,,,4,2,,ZEFNET,https://www.zefenergy.com,GPS,45.51123,-92.98038,2024-12-09,256602,2024-12-09 04:03:23 UTC,,,,2023-03-16,,,,,CHADEMO J1772 J1772COMBO,US,,,,Public,,public,,,,,,,,,,,,,,,,,,,,false,,,,,,,,,false,
ELEC,Coborn's Pharmacy,1100 7th Avenue South,,Princeton,MN,55371,,1-888-493-3638,E,,Public,,,,,,,,2,,ZEFNET,https://www.zefenergy.com,GPS,45.55609,-93.58108,2024-12-09,256604,2024-12-09 04:03:40 UTC,,,,2023-03-16,,,,,CHADEMO J1772COMBO,US,,,,Public,,public,,,,,,,,,,,,,,,,,,,,false,,,,,,,,,false,
ELEC,Neighbors on the  Rum,509 5th Avenue North,,Princeton,MN,55371,,1-888-493-3638,E,,Public,,,,,,,2,,,ZEFNET,https://www.zefenergy.com,GPS,45.57609,-93.58038,2024-12-09,256605,2024-12-09 04:03:20 UTC,,,,2023-03-16,,,,,J1772,US,,,,Public,,public,,,,,,,,,,,,,,,,,,,,false,,,,,,,,,false,
ELEC,Klocka - Mora Municipal Utilities,12 South Union Street,,Mora,MN,55051,,1-888-493-3638,E,,Public,,,,,,,4,,,ZEFNET,https://www.zefenergy.com,GPS,45.87668,-93.29727,2024-12-09,256606,2024-12-09 04:03:17 UTC,,,,2023-03-16,,,,,J1772,US,,,,Public,,public,,,,,,,,,,,,,,,,,,,,false,,,,,,,,,false,
ELEC,Runestone Electric,6839 Power Lane Southwest,,Alexandria,MN,56308,,1-888-493-3638,E,,Public,,,,,,,2,,,ZEFNET,https://www.zefenergy.com,GPS,45.82818,-95.39046,2024-12-09,256608,2024-12-09 04:03:24 UTC,,,,2023-03-16,,,,,J1772,US,,,,Public,,public,,,,,,,,,,,,,,,,,,,,false,,,,,,,,,false,
ELEC,City of Floodwood,111 West 8th Avenue,,Floodwood,MN,55736,,1-888-493-3638,E,,Public,,,,,,,2,,,ZEFNET,https://www.zefenergy.com,GPS,46.92631,-92.91505,2024-12-09,256609,2024-12-09 04:03:26 UTC,,,,2023-03-16,,,,,J1772,US,,,,Public,,public,,,,,,,,,,,,,,,,,,,,false,,,,,,,,,false,
ELEC,Korner Store,1331 Commonwealth Avenue,,Duluth,MN,55808,,1-888-493-3638,E,,Public,,,,,,,1,,,ZEFNET,https://www.zefenergy.com,GPS,46.67147,-92.22686,2024-12-09,256611,2024-12-09 04:03:49 UTC,,,,2023-03-16,,,,,J1772,US,,,,Public,,public,,,,,,,,,,,,,,,,,,,,false,,,,,,,,,false,
ELEC,City of Duluth Depot Lot Charger #1,602 West Michigan Street,,Duluth,MN,55802,,1-888-493-3638,E,,Public,,,,,,,1,,,ZEFNET,https://www.zefenergy.com,GPS,46.78024,-92.10556,2024-12-09,256612,2024-12-09 04:03:48 UTC,,,,2023-03-16,,,,,J1772,US,,,,Public,,public,,,,,,,,,,,,,,,,,,,,false,,,,,,,,,false,
ELEC,Grand Marais Public Utilities  Municipal Campground Park Office Parking Lot West Side,114 South 8th Avenue West,,Grand Marais,MN,55604,,1-888-493-3638,E,,Public,,,,,,,2,,,ZEFNET,https://www.zefenergy.com,GPS,47.74773,-90.3439,2024-12-09,256613,2024-12-09 04:03:19 UTC,,,,2023-03-16,,,,,J1772,US,,,,Public,,public,,,,,,,,,,,,,,,,,,,,false,,,,,,,,,false,
ELEC,HY VEE RCHSTER 4 NORTH,4221 W Cir Dr NW,,Rochester,MN,55901,,888-758-4389,E,,Public,24 hours daily,,,,,,2,,,ChargePoint Network,http://www.chargepoint.com/,GPS,44.065711,-92.525428,2024-12-10,256702,2024-12-10 01:51:38 UTC,,,,2023-03-18,,,,,J1772,US,,,,Public,,public,,,,,,,,,,,,,,,,,,,,,,,,,,,,,false,
ELEC,LEGACYCONDOS LEGACYP-1,1240 S 2nd St,,Minneapolis,MN,55415,,888-758-4389,E,,Public,24 hours daily,,,,,,2,,,ChargePoint Network,http://www.chargepoint.com/,GPS,44.97583,-93.249673,2024-12-10,256771,2024-12-10 01:48:51 UTC,,,,2023-03-21,,,,,J1772,US,,,,Public,,public,,,,,,,,,,,,,,,,,,,,,,,,,,,,,false,
ELEC,LEGACYCONDOS LEGACYGUESTPRK,1240 S 2nd St,Guest Parking,Minneapolis,MN,55415,,888-758-4389,E,,Public,24 hours daily,,,,,,2,,,ChargePoint Network,http://www.chargepoint.com/,GPS,44.975805,-93.249655,2024-12-10,256788,2024-12-10 01:51:27 UTC,,,,2023-03-21,,,,,J1772,US,,,,Public,,public,,,,,,,,,,,,,,,,,,,,,,,,,,,,,false,
ELEC,St. Cloud Honda,1500 Hwy 23,,Waite Park,MN,56387,,888-998-2546,E,,Public,24 hours daily,,,,,,2,1,,Blink Network,http://www.blinkcharging.com/,GPS,45.54694,-94.236642,2024-12-10,257154,2024-12-10 00:11:54 UTC,,,,2023-03-27,,,,,J1772 J1772COMBO,US,,,,Public,,public,,,,,,,,,,,,,,,,,,,,,,,,,,,,,false,
ELEC,22021 SHOP STATION 1,418 2nd St S,,Waite Park,MN,56387,,888-758-4389,E,,Public,24 hours daily,,,,,,1,,,ChargePoint Network,http://www.chargepoint.com/,GPS,45.548983,-94.222788,2024-12-10,257251,2024-12-10 01:50:53 UTC,,,,2023-03-29,,,,,J1772,US,,,,Public,,public,,,,,,,,,,,,,,,,,,,,,,,,,,,,,false,
ELEC,The Carlyle,100 3rd Avenue South,,Minneapolis,MN,55401,,888-998-2546,E,,Public,24 hours daily,,,,,,5,,,Blink Network,http://www.blinkcharging.com/,GPS,44.981806,-93.263098,2024-12-10,257451,2024-12-10 00:23:09 UTC,,,,2023-01-13,,,,,J1772,US,,,,Public,,public,,,,,,,,,,,,,,,,,,,,,,,,,,,,,false,
ELEC,IDS624 SCHOOLS NS-ELEM 1,15198 Forest Blvd N,"Public Hours: 2:30PM - 7:00 AM Weekdays, all weekend  No public services available.",Hugo,MN,55038,,888-758-4389,E,,Public,Mon 2:30pm - 12:00am; Tue 2:30pm - 12:00am; Wed 2:30pm - 12:00am; Thu 2:30pm - 12:00am; Fri 2:30pm - 12:00am; Sat 2:30pm - 12:00am; Sun 2:30pm - 12:00am,,,,,,2,,,ChargePoint Network,http://www.chargepoint.com/,GPS,45.17276,-92.990767,2024-12-10,257778,2024-12-10 01:50:20 UTC,,,,2023-04-01,,,,,J1772,US,,,,Public,,public,,,,,,,,,,,,,,,,,,,,,,,,,,,,,false,
ELEC,House Chevrolet Buick Cadillac,3700 FRONTAGE ROAD WEST,,OWATONNA,MN,55060,,866-816-7584,T,2024-11-26,TEMPORARILY UNAVAILABLE (Public),24 hours daily,,,,,,,2,,EV Connect,http://evconnect.com/,GPS,44.128248,-93.249484,2024-12-09,257972,2024-12-09 03:13:21 UTC,,,,2023-04-06,,,,,J1772COMBO,US,,,,TEMPORAIREMENT SUSPENDU (Public),,public,,,,,,,,,,,,,,,,,,,,,,,,,,,,,false,
ELEC,UMN LOT 86-EVCHG-1,2002 S 2nd St,,Minneapolis,MN,55454,,888-758-4389,E,,Public,24 hours daily,,,,,,2,,,ChargePoint Network,http://www.chargepoint.com/,GPS,44.97412,-93.244174,2024-12-10,259263,2024-12-10 01:52:43 UTC,,,,2023-04-13,,,,,J1772,US,,,,Public,,public,,,,,,,,,,,,,,,,,,,,,,,,,,,,,false,
ELEC,LAWSON RAMP 1 LAWSON RAMP 1,11 WEST 5th St,Near main exits,St.Paul,MN,55102,,888-758-4389,E,,Public,24 hours daily,,,,,,2,,,ChargePoint Network,http://www.chargepoint.com/,GPS,44.94614,-93.09515,2024-12-10,259555,2024-12-10 01:51:59 UTC,,,,2023-04-19,,,,,J1772,US,,,,Public,,public,,,,,,,,,,,,,,,,,,,,,,,,,,,,,false,
ELEC,LAWSON RAMP 1 LAWSON RAMP 2,11  WEST 5TH ST.,Near main exits,St.Paul,MN,55102,,888-758-4389,E,,Public,24 hours daily,,,,,,2,,,ChargePoint Network,http://www.chargepoint.com/,GPS,44.945946,-93.09495,2024-12-10,259556,2024-12-10 01:51:59 UTC,,,,2023-04-19,,,,,J1772,US,,,,Public,,public,,,,,,,,,,,,,,,,,,,,,,,,,,,,,false,
ELEC,Inver Grove Ford Lincoln,4725 S Robert Trail,,Inver Grove Heights,MN,55077,,651-451-2201,E,,Private,Dealership business hours; service use only,,,,,,4,,,Non-Networked,,200-8,44.880515,-93.080637,2023-05-03,259651,2024-01-31 22:07:01 UTC,P,,,2023-04-20,,,,,J1772,US,,,,Privé,,private,,,CAR_DEALER,,,,,,,,,,,,,,,,,,,,,,,,,LD,true,
ELEC,Minnesota Department of Natural Resources - Tettegouche State Park,5702 Hwy 61,Located in the parking lot,Silver Bay,MN,55614,,,E,,Private,During park hours,,,,,,2,,,Non-Networked,,200-8,47.34,-91.19584,2023-05-03,259652,2024-01-31 22:07:01 UTC,SG,,,2023-04-20,,,,,J1772,US,,,,Privé,,private,,,STATE_GOV,,,,,,,Free,,,,,,,,,,,,,,,,,,LD,false,
ELEC,Minnesota Department of Natural Resources - Big Bog State Recreation Area,55716 Hwy 72 NE,Located in the visitor center parking lot,Waskish,MN,56685,,,E,,Private,During park hours,,,,,,2,,,Non-Networked,,200-8,48.17379,-94.5126,2023-05-03,259653,2024-01-31 22:07:01 UTC,SG,,,2023-04-20,,,,,J1772,US,,,,Privé,,private,,,STATE_GOV,,,,,,,Fee for use,,,,,,,,,,,,,,,,,,LD,false,
ELEC,Minnesota Department of Natural Resources - Gooseberry State Park,3206 Hwy 61,Located in visitor center parking lot,Two Harbors,MN,55616,,,E,,Private,During park hours,,,,,,2,,,Non-Networked,,200-8,47.13959,-91.47335,2023-05-03,259654,2024-01-31 22:07:01 UTC,P,,,2023-04-20,,,,,J1772,US,,,,Privé,,private,,,STATE_GOV,,,,,,,Free,,,,,,,,,,,,,,,,,,LD,false,
ELEC,Minnesota Department of Natural Resources - Bear Head Lake State Park,9301 Bear Head State Park Rd,Located in trail center parking lot,Ely,MN,55731,,,E,,Private,During park hours,,,,,,1,,,Non-Networked,,200-8,47.79599,-92.07757,2023-05-03,259655,2024-01-31 22:07:01 UTC,SG,,,2021-08-31,,,,,J1772,US,,,,Privé,,private,,,STATE_GOV,,,,,,,Free,,,,,,,,,,,,,,,,,,LD,true,
ELEC,Roseau County Ford,406 5th Ave SW,,Roseau,MN,56751,,218-463-3673,E,,Public - Credit card at all times,24 hours daily,A D Debit M V,,,,,1,,,Non-Networked,,GPS,48.8419399009864,-95.7678240365484,2023-05-03,259717,2024-01-31 22:07:01 UTC,P,,,2023-04-13,,,,,J1772,US,,,,Public - Carte de crédit en tout temps,,public,CREDIT_CARD_ALWAYS,,CAR_DEALER,,,,,,,,,,,,,,,,,false,,,,,,,,LD,false,
ELEC,C & M Ford,702 N Atlantic Ave,,Hallock,MN,56728,,218-843-2652,E,,Public - Credit card at all times,24 hours daily,A D Debit M V,,,,,1,,,Non-Networked,,GPS,48.7827454639591,-96.9508589647073,2023-05-03,259718,2024-01-31 22:07:01 UTC,P,,,2023-04-13,,,,,J1772,US,,,,Public - Carte de crédit en tout temps,,public,CREDIT_CARD_ALWAYS,,CAR_DEALER,,,,,,,,,,,,,,,,,false,,,,,,,,LD,false,
ELEC,Enel X - River Cinema 15,211 Demers Ave,,East Grand Forks,MN,56721,,844-584-2329,E,,Public - Credit card at all times,24 hours daily,A D Debit M V,,,,,2,,,Non-Networked,,GPS,47.9297391214543,-97.0269288668416,2023-05-03,259719,2024-01-31 22:07:01 UTC,P,,,2023-04-13,,,,,J1772,US,,,,Public - Carte de crédit en tout temps,,public,CREDIT_CARD_ALWAYS,,PARKING_LOT,,,,,,,,,,,,,,,,,false,,,,,,,,LD,false,
ELEC,University of Minnesota - Crookston Bookstore,2900 University Ave,,Crookston,MN,56716,,218-281-8335,E,,Public - Credit card at all times,24 hours daily,A D Debit M V,,,,,1,,,Non-Networked,,GPS,47.8029174100176,-96.6070002387944,2023-05-03,259721,2024-01-31 22:07:01 UTC,P,,,2023-04-13,,,,,J1772,US,,,,Public - Carte de crédit en tout temps,,public,CREDIT_CARD_ALWAYS,,COLLEGE_CAMPUS,,,,,,,,,,,,,,,,,false,,,,,,,,LD,false,
ELEC,Crookston Public Parking,120 N Main St,,Crookston,MN,56716,,218-281-1232,E,,Public - Credit card at all times,24 hours daily,A D Debit M V,,,,,1,,,Non-Networked,,GPS,47.7748310892381,-96.607244529273,2023-05-03,259722,2024-01-31 22:07:01 UTC,P,,,2023-04-13,,,,,J1772,US,,,,Public - Carte de crédit en tout temps,,public,CREDIT_CARD_ALWAYS,,PARKING_LOT,,,,,,,,,,,,,,,,,false,,,,,,,,LD,false,
ELEC,PRAIRIE LOFTS STATION 1,120 W Hatting St,,Luverne,MN,56156,,888-758-4389,E,,Public,24 hours daily,,,,,,2,,,ChargePoint Network,http://www.chargepoint.com/,GPS,43.646199,-96.211306,2024-12-10,259820,2024-12-10 01:49:16 UTC,,,,2023-04-25,,,,,J1772,US,,,,Public,,public,,,,,,,,,,,,,,,,,,,,,,,,,,,,,false,
ELEC,PRAIRIE LOFTS STATION 2,124 W Hatting St,North side of north building,Luverne,MN,56156,,888-758-4389,T,2024-08-16,TEMPORARILY UNAVAILABLE (Public),24 hours daily,,,,,,2,,,ChargePoint Network,http://www.chargepoint.com/,GPS,43.646202,-96.211298,2024-12-10,259821,2024-12-10 01:49:22 UTC,,,,2023-04-25,,,,,J1772,US,,,,TEMPORAIREMENT SUSPENDU (Public),,public,,,,,,,,,,,,,,,,,,,,,,,,,,,,,false,
ELEC,HENNEPIN COUNTY RIDGEDALE RAMP2,12601 Ridgedale Dr,"Parking Ramp, Lower Level, West-Facing Wall.",Minnetonka,MN,55305,,888-758-4389,E,,Public,24 hours daily,,,,,,2,,,ChargePoint Network,http://www.chargepoint.com/,GPS,44.964503,-93.441264,2024-12-10,260223,2024-12-10 01:50:29 UTC,,,,2023-05-03,,,,,J1772,US,,,,Public,,public,,,,,,,,,,,,,,,,,,,,,,,,,,,,,false,
ELEC,LAWSON RAMP 1 LAWSON RAMP 4,11 West 5th Street,Near exits 6th street,Saint Paul,MN,55102,,888-758-4389,E,,Public,24 hours daily,,,,,,2,,,ChargePoint Network,http://www.chargepoint.com/,GPS,44.946014,-93.09502,2024-12-10,260272,2024-12-10 01:53:36 UTC,,,,2023-05-04,,,,,J1772,US,,,,Public,,public,,,,,,,,,,,,,,,,,,,,,,,,,,,,,false,
ELEC,LAWSON RAMP 1 LAWSON RAMP 3,11 West 5th Street,Near 6th street exits,Saint Paul,MN,55102,,888-758-4389,E,,Public,24 hours daily,,,,,,2,,,ChargePoint Network,http://www.chargepoint.com/,GPS,44.946007,-93.09493,2024-12-10,260273,2024-12-10 01:53:36 UTC,,,,2023-05-04,,,,,J1772,US,,,,Public,,public,,,,,,,,,,,,,,,,,,,,,,,,,,,,,false,
ELEC,Luther Brookdale Mitsubishi,4435 68th Avenue North,,Minneapolis,MN,55429,,888-998-2546,E,,Public,Mon 6:00am - 8:00pm; Tue 6:00am - 8:00pm; Wed 6:00am - 8:00pm; Thu 6:00am - 8:00pm; Fri 8:00am - 8:00pm; Sat 8:00am - 6:00pm; Sun 12:00am - 12:00am,,,,,,2,,,Blink Network,http://www.blinkcharging.com/,GPS,45.076929,-93.33852,2024-12-10,260298,2024-12-10 00:22:47 UTC,,,,2023-05-04,,,,,J1772,US,,,,Public,,public,,,,,,,,,,,,,,,,,,,,,,,,,,,,,false,
ELEC,Southtown Office Park,8120 Penn Ave S,,Bloomington,MN,55431,,800-663-5633,E,,Public,24 hours daily,,,,,,4,,,Blink Network,http://www.blinkcharging.com/,GPS,44.8560639,-93.3106049,2024-12-10,260300,2024-12-10 00:06:58 UTC,,,,2022-04-20,,,,,J1772,US,,,,Public,,public,,,,,,,,,,,,,,,,,,,,,,,,,,,,,false,
ELEC,HENNEPIN COUNTY RIDGEDALE RAMP1,12601 Ridgedale Dr,"Parking Ramp, Lower Level, West-Facing Wall.",Minnetonka,MN,55305,,888-758-4389,E,,Public,24 hours daily,,,,,,2,,,ChargePoint Network,http://www.chargepoint.com/,GPS,44.964455,-93.441261,2024-12-10,260539,2024-12-10 01:50:29 UTC,,,,2023-05-10,,,,,J1772,US,,,,Public,,public,,,,,,,,,,,,,,,,,,,,,,,,,,,,,false,
ELEC,Christian Motors,42622 Minnesota 32,,Fertile,MN,56540,,888-998-2546,T,2024-10-20,TEMPORARILY UNAVAILABLE (Public),24 hours daily,,,,,,,1,,Blink Network,http://www.blinkcharging.com/,GPS,47.549215141403614,-96.2789903243601,2024-12-10,260684,2024-12-10 00:17:10 UTC,,,,2022-08-24,,,,,J1772COMBO,US,,,,TEMPORAIREMENT SUSPENDU (Public),,public,,,,,,,,,,,,,,,,,,,,,,,,,,,,,false,
ELEC,Government Center Garage,415 S. 5th St.,,Minneapolis,MN,55415,,855-223-5351,E,,Public,24 hours daily,A D M V,,,,,12,,,FLASH,https://www.flashparking.com/products/diversify-parking-revenue/ev-charging-as-a-revenue-stream/,GPS,44.976126621593544,-93.26451028698325,2024-12-09,260820,2024-12-09 03:25:09 UTC,,,,2023-05-13,,,,,J1772,US,,,,Public,,public,,,PUBLIC,,,,,,,,,,,,,,,,,,,,,,,,,,false,
ELEC,517 S. Marquette Ave. Garage,517 S. Marquette Ave.,,Minneapolis,MN,55402,,855-223-5351,E,,Public,24 hours daily,A D M V,,,,,6,,,FLASH,https://www.flashparking.com/products/diversify-parking-revenue/ev-charging-as-a-revenue-stream/,GPS,44.977725335914194,-93.26949117707046,2024-12-09,260884,2024-12-09 03:25:07 UTC,,,,2023-05-16,,,,,J1772,US,,,,Public,,public,,,PUBLIC,,,,,,,,,,,,,,,,,,,,,,,,,,false,
ELEC,Midtown Garage,11 S. 4th St​.,,Minneapolis,MN,55401,,855-223-5351,E,,Public,24 hours daily,A D M V,,,,,4,,,FLASH,https://www.flashparking.com/products/diversify-parking-revenue/ev-charging-as-a-revenue-stream/,GPS,44.98013182311863,-93.27085281731911,2024-12-09,261100,2024-12-09 03:25:14 UTC,,,,2023-05-19,,,,,J1772,US,,,,Public,,public,,,PUBLIC,,,,,,,,,,,,,,,,,,,,,,,,,,false,
ELEC,WINNER GAS BROOKDALE DR,1500 Brookdale Dr,,Minneapolis,MN,55444,,888-758-4389,T,2024-12-08,TEMPORARILY UNAVAILABLE (Public),24 hours daily,,,,,,,1,,ChargePoint Network,http://www.chargepoint.com/,GPS,45.094941,-93.300814,2024-12-10,261499,2024-12-10 01:49:24 UTC,,,,2023-05-27,,,,,CHADEMO J1772COMBO,US,,,,TEMPORAIREMENT SUSPENDU (Public),,public,,,,,,,,,,,,,,,,,,,,,,,,,,,,,false,
ELEC,RB HONDA LVL 2 OUTSIDE 1,500 W 78th St,,Minneapolis,MN,55423,,888-758-4389,E,,Public,24 hours daily,,,,,,2,,,ChargePoint Network,http://www.chargepoint.com/,GPS,44.862576,-93.286321,2024-12-10,261648,2024-12-10 01:54:48 UTC,,,,2023-05-31,,,,,J1772,US,,,,Public,,public,,,,,,,,,,,,,,,,,,,,,,,,,,,,,false,
ELEC,O'Neill Electric Inc,6143 N Osgood Ave,,Stillwater,MN,55082,,651-210-9548,E,,Public - Credit card at all times,Contact station for hours of availability,A ANDROID_PAY APPLE_PAY CREDIT D M,,,,,2,,,AMPUP,https://ampup.io/,GPS,45.0375616,-92.8072433,2023-06-12,262114,2024-01-31 22:07:01 UTC,P,,,2023-02-15,,,,,J1772,US,,,,Public - Carte de crédit en tout temps,,public,CREDIT_CARD_ALWAYS,,OFFICE_BLDG,,,,,,,,,,,,,,,,,false,,,,,,,,LD,true,
ELEC,TALO E-VEHICLE EAST,5100 Wayzata Blvd,East,Wayzata,MN,55416,,888-758-4389,E,,Public,24 hours daily,,,,,,2,,,ChargePoint Network,http://www.chargepoint.com/,GPS,44.971551,-93.34615,2024-12-10,262259,2024-12-10 00:54:16 UTC,,,,2023-06-07,,,,,J1772,US,,,,Public,,public,,,,,,,,,,,,,,,,,,,,,,,,,,,,,false,
ELEC,TALO E-VEHICLE WEST,5100 Wayzata Blvd,West,Wayzata,MN,55416,,888-758-4389,E,,Public,24 hours daily,,,,,,2,,,ChargePoint Network,http://www.chargepoint.com/,GPS,44.971559,-93.346407,2024-12-10,262260,2024-12-10 00:54:16 UTC,,,,2023-06-07,,,,,J1772,US,,,,Public,,public,,,,,,,,,,,,,,,,,,,,,,,,,,,,,false,
ELEC,Gilleland Chevrolet Cadillac,3019 Division St,,St. Cloud,MN,56301,,866-816-7584,E,,Public,24 hours daily,,,,,,,3,,EV Connect,http://evconnect.com/,GPS,45.553593,-94.195234,2024-12-09,262549,2024-12-09 03:13:22 UTC,,,,2023-06-10,,,,,J1772COMBO,US,,,,Public,,public,,,,,,,,,,,,,,,,,,,,,,,,,,,,,false,
ELEC,Gasparre New Boston Square LLC,2111 Central Avenue North East,,Minneapolis,MN,55418,,888-998-2546,E,,Public,24 hours daily,,,,,,2,,,Blink Network,http://www.blinkcharging.com/,GPS,45.009384008719486,-93.24677588658693,2024-12-10,262893,2024-12-10 00:11:19 UTC,,,,2023-05-03,,,,,J1772,US,,,,Public,,public,,,,,,,,,,,,,,,,,,,,,,,,,,,,,false,
ELEC,CNX CNX L3-1,14601 Ramsey Blvd NW,Near solar field,Ramsey,MN,55303,,888-758-4389,E,,Public,24 hours daily,,,,,,,1,,ChargePoint Network,http://www.chargepoint.com/,GPS,45.236274,-93.447074,2024-12-10,263003,2024-12-10 01:55:00 UTC,,,,2023-06-21,,,,,CHADEMO J1772COMBO,US,,,,Public,,public,,,,,,,,,,,,,,,,,,,,,,,,,,,,,false,
ELEC,"Simon-Twin Cities Premium Outlets (Eagan, MN)",3965 Eagan Outlets Pkwy,,Eagan,MN,55122,,833-632-2778,E,,Public,24 hours daily,,,,,,,6,,Electrify America,https://www.electrifyamerica.com/,GPS,44.81487,-93.2174,2024-12-09,279384,2024-12-09 02:58:54 UTC,,,,2023-06-22,,,,,J1772COMBO,US,,,,Public,,public,,,,,,,,,,,,,,,,,,,,,,,,,,,,,false,
ELEC,"Target T2313 (Edina, MN)","7000 York Ave S, Suite EVS",,Edina,MN,55435,,833-632-2778,E,,Public,24 hours daily,,,,,,,6,,Electrify America,https://www.electrifyamerica.com/,GPS,44.87482,-93.32186,2024-12-09,279392,2024-12-09 02:59:14 UTC,,,,2023-06-22,,,,,J1772COMBO,US,,,,Public,,public,,,,,,,,,,,,,,,,,,,,,,,,,,,,,false,
ELEC,"Menards Duluth 3074 (Duluth, MN)",503 N 50th Ave W,,Duluth,MN,55807,,833-632-2778,E,,Public,24 hours daily,,,,,,,6,,Electrify America,https://www.electrifyamerica.com/,GPS,46.74067,-92.15902,2024-12-09,279491,2024-12-09 03:00:45 UTC,,,,2023-06-22,,,,,J1772COMBO,US,,,,Public,,public,,,,,,,,,,,,,,,,,,,,,,,,,,,,,false,
ELEC,"Nordic Star LLC-Evergreen Square (Pine City, MN)",110 Evergreen Sq SW,,Pine City,MN,55063,,833-632-2778,E,,Public,24 hours daily,,,,,,,6,,Electrify America,https://www.electrifyamerica.com/,GPS,45.81871,-92.97976,2024-12-09,279493,2024-12-09 03:00:35 UTC,,,,2023-06-22,,,,,J1772COMBO,US,,,,Public,,public,,,,,,,,,,,,,,,,,,,,,,,,,,,,,false,
ELEC,Shakopee Lewis Street 2nd Avenue East,113 Lewis St S,,Shakopee,MN,55379,,,E,,Public,24 hours daily,ACCOUNT_BALANCE CREDIT,,,,,4,,,Non-Networked,,200-8,44.79836,-93.52494,2023-07-11,279599,2024-01-31 22:07:01 UTC,LG,,,2022-12-08,,,,,J1772,US,,,,Public,,public,,,PARKING_LOT,,,,,,,$0.22 per kWh,,,,,,,,,,false,,,,,,,,LD,false,
ELEC,KEY WESTGATE WESTGATE EAST2,953 Westgate Dr,,Saint Paul,MN,55114,,888-758-4389,E,,Public,24 hours daily,,,,,,2,,,ChargePoint Network,http://www.chargepoint.com/,GPS,44.970207,-93.20562,2024-12-10,292599,2024-12-10 01:30:38 UTC,,,,2023-06-23,,,,,J1772,US,,,,Public,,public,,,,,,,,,,,,,,,,,,,,,,,,,,,,,false,
ELEC,KEY WESTGATE WESTGATE EAST1,953 Westgate Dr,,Saint Paul,MN,55114,,888-758-4389,E,,Public,24 hours daily,,,,,,2,,,ChargePoint Network,http://www.chargepoint.com/,GPS,44.97016,-93.205605,2024-12-10,292600,2024-12-10 01:30:38 UTC,,,,2023-06-23,,,,,J1772,US,,,,Public,,public,,,,,,,,,,,,,,,,,,,,,,,,,,,,,false,
ELEC,KEY WESTGATE WESTGATE WEST1,953 Westgate Dr,,Saint Paul,MN,55114,,888-758-4389,E,,Public,24 hours daily,,,,,,2,,,ChargePoint Network,http://www.chargepoint.com/,GPS,44.97016,-93.20607,2024-12-10,292602,2024-12-10 01:30:39 UTC,,,,2023-06-23,,,,,J1772,US,,,,Public,,public,,,,,,,,,,,,,,,,,,,,,,,,,,,,,false,
ELEC,Cub Foods - Tesla Supercharger,1940  Cliff Lake Rd,,Eagan,MN,55122,,877-798-3752,E,,Public,24 hours daily. Please check Tesla's online station map to see if an adapter is required at this location.,A D Debit M V,,,,,,12,,Tesla,https://www.tesla.com/supercharger,GPS,44.795177,-93.205545,2024-07-01,296740,2024-08-14 18:58:22 UTC,P,,,2023-06-15,,,,,TESLA,US,,,,Public,,public,,,GROCERY,,,,,,,,,,,,,,,,,false,,,,,,,,LD,false,
ELEC,410 SOUTH MAIN,410 S MAIN,,STEWARTVILLE,MN,55976,,866-816-7584,E,,Public,24 hours daily,,,,,,,1,,EV Connect,http://evconnect.com/,GPS,43.851571,-92.487817,2024-12-09,296786,2024-12-09 03:15:28 UTC,,,,2023-06-24,,,,,J1772COMBO,US,,,,Public,,public,,,,,,,,,,,,,,,,,,,,,,,,,,,,,false,
ELEC,Hy-Vee Grocery Store - Tesla Supercharger,900 E Main St,,Marshall,MN,56258,,877-798-3752,E,,Public,24 hours daily. Please check Tesla's online station map to see if an adapter is required at this location.,A D Debit M V,,,,,,12,,Tesla,https://www.tesla.com/supercharger,GPS,44.438612,-95.777636,2024-07-01,301715,2024-08-14 18:58:22 UTC,P,,,2023-06-29,,,,,TESLA,US,,,,Public,,public,,,GROCERY,,,,,,,,,,,,,,,,,false,,,,,,,,LD,false,
ELEC,COLLINS AERO ORIGINAL ST1,14300 Judicial Rd,,Burnsville,MN,55306,,888-758-4389,E,,Public,24 hours daily,,,,,,2,,,ChargePoint Network,http://www.chargepoint.com/,GPS,44.743385,-93.31189,2024-12-10,301835,2024-12-10 01:56:06 UTC,,,,2023-07-01,,,,,J1772,US,,,,Public,,public,,,,,,,,,,,,,,,,,,,,,,,,,,,,,false,
ELEC,MarTen Garage,921 Marquette Ave​.,,Minneapolis,MN,55402,,855-223-5351,E,,Public,24 hours daily,A D M V,,,,,4,,,FLASH,https://www.flashparking.com/products/diversify-parking-revenue/ev-charging-as-a-revenue-stream/,GPS,44.973792669482265,-93.2729014288634,2024-12-09,302193,2024-12-09 03:25:25 UTC,,,,2023-07-07,,,,,J1772,US,,,,Public,,public,,,PUBLIC,,,,,,,,,,,,,,,,,,,,,,,,,,false,
ELEC,Cub Foods - Tesla Supercharger,585 Northtown Drive NE,,Blaine,MN,55434,,877-798-3752,E,,Public,24 hours daily. Please check Tesla's online station map to see if an adapter is required at this location.,A D Debit M V,,,,,,8,,Tesla,https://www.tesla.com/supercharger,GPS,45.125867,-93.258022,2024-07-01,302974,2024-08-14 18:58:22 UTC,P,,,2023-07-20,,,,,TESLA,US,,,,Public,,public,,,PARKING_LOT,,,,,,,,,,,,,,,,,false,,,,,,,,LD,false,
ELEC,HUTCH UTILITIES DC FAST 2,900 Harrington St SW,North West corner of Parking Lot,Hutchinson,MN,55350,,888-758-4389,E,,Public,24 hours daily,,,,,,,1,,ChargePoint Network,http://www.chargepoint.com/,GPS,44.879421,-94.382604,2024-12-10,303096,2024-12-10 01:57:06 UTC,,,,2023-07-22,,,,,CHADEMO J1772COMBO,US,,,,Public,,public,,,,,,,,,,,,,,,,,,,,,,,,,,,,,false,
ELEC,CHEV WAYZATA STATION 1,16200 Wayzata Boulevard,Located in between garage doors on south side of building,Wayzata,MN,55391,,888-758-4389,E,,Public,24 hours daily,,,,,,2,,,ChargePoint Network,http://www.chargepoint.com/,GPS,44.971844,-93.484831,2024-12-10,306354,2024-12-10 01:57:13 UTC,,,,2023-08-04,,,,,J1772,US,,,,Public,,public,,,,,,,,,,,,,,,,,,,,,,,,,,,,,false,
ELEC,WUERFLEIN CHEVROLET BUICK GMC,2527 BRIDGE AVE,,ALBERT LEA,MN,56007,,866-816-7584,E,,Public,24 hours daily,,,,,,1,1,,EV Connect,http://evconnect.com/,GPS,43.682579,-93.360698,2024-12-09,306458,2024-12-09 03:14:25 UTC,,,,2023-08-05,,,,,J1772 J1772COMBO,US,,,,Public,,public,,,,,,,,,,,,,,,,,,,,,,,,,,,,,false,
ELEC,DirtRoad EV - Zachary Playfield,4355 Zachary Ln N,,Plymouth,MN,55442,,,E,,Public,24 hours daily,CREDIT Debit,,,,,3,1,,Non-Networked,,GPS,45.035132,-93.42185,2024-02-12,306626,2024-02-12 21:24:44 UTC,P,,,2023-08-01,,,,,CHADEMO J1772 J1772COMBO,US,,,,Public,,public,,,PARK,,,,,,,$0.49 per kWh,,,,,,,,,,false,,,,,,,,LD,false,
ELEC,CITY OF EDINA BRAEMAR ARENA 1,7501 Ikola Way,,Edina,MN,55439,,888-758-4389,E,,Public,Mon 12:00am - 11:45pm; Tue 12:00am - 11:45pm; Wed 12:00am - 11:45pm; Thu 12:00am - 11:45pm; Fri 12:00am - 11:45pm; Sat 12:00am - 11:45pm; Sun 12:00am - 11:45pm,,,,,,2,,,ChargePoint Network,http://www.chargepoint.com/,GPS,44.868282,-93.39608,2024-12-10,306805,2024-12-10 01:57:52 UTC,,,,2023-08-11,,,,,J1772,US,,,,Public,,public,,,,,,,,,,,,,,,,,,,,,,,,,,,,,false,
ELEC,Cub Foods - Tesla Supercharger,2201 1st St S,,Willmar,MN,56201,,877-798-3752,E,,Public,24 hours daily. Please check Tesla's online station map to see if an adapter is required at this location.,A D Debit M V,,,,,,8,,Tesla,https://www.tesla.com/supercharger,GPS,45.100967,-95.041954,2024-07-01,306849,2024-08-14 18:58:22 UTC,P,,,2023-08-10,,,,,TESLA,US,,,,Public,,public,,,GROCERY,,,,,,,,,,,,,,,,,false,,,,,,,,LD,false,
ELEC,Dahl Motors LLC,950 7TH ST SE,,PIPESTONE,MN,56164,,866-816-7584,E,,Public,24 hours daily,,,,,,,1,,EV Connect,http://evconnect.com/,GPS,43.993291,-96.305911,2024-12-09,307027,2024-12-09 03:13:22 UTC,,,,2023-08-15,,,,,J1772COMBO,US,,,,Public,,public,,,,,,,,,,,,,,,,,,,,,,,,,,,,,false,
ELEC,Wright-Hennepin Headquarters,6800 Electric Drive,,Rockford,MN,55373,,1-888-493-3638,E,,Public,,,,,,,,2,,ZEFNET,https://www.zefenergy.com,GPS,45.09595,-93.74507,2024-12-09,307836,2024-12-09 04:03:32 UTC,,,,2023-08-24,,,,,CHADEMO J1772COMBO,US,,,,Public,,public,,,,,,,,,,,,,,,,,,,,false,,,,,,,,,false,
ELEC,Driskill's - Hopkins,25 11th Avenue North,,Hopkins,MN,55343,,1-888-493-3638,E,,Public,,,,,,,,2,,ZEFNET,https://www.zefenergy.com,GPS,44.92496,-93.41379,2024-12-09,307837,2024-12-09 04:03:33 UTC,,,,2023-08-24,,,,,CHADEMO J1772COMBO,US,,,,Public,,public,,,,,,,,,,,,,,,,,,,,false,,,,,,,,,false,
ELEC,Wooden Hill Brewing,7421 Bush Lake Road,,Edina,MN,55439,,1-888-493-3638,E,,Public,,,,,,,2,,,ZEFNET,https://www.zefenergy.com,GPS,44.86736,-93.35931,2024-12-09,307838,2024-12-09 04:03:22 UTC,,,,2023-08-24,,,,,J1772,US,,,,Public,,public,,,,,,,,,,,,,,,,,,,,false,,,,,,,,,false,
ELEC,Kwik  Trip,101 Schumann Drive Northwest,,Stewartville,MN,55976,,1-888-493-3638,E,,Public,,,,,,,,2,,ZEFNET,https://www.zefenergy.com,GPS,43.87733,-92.48991,2024-12-09,307840,2024-12-09 04:03:38 UTC,,,,2023-08-24,,,,,CHADEMO J1772COMBO,US,,,,Public,,public,,,,,,,,,,,,,,,,,,,,false,,,,,,,,,false,
ELEC,Sunshine Foods,501 North Park Drive,,Spring Valley,MN,55975,,1-888-493-3638,E,,Public,,,,,,,2,2,,ZEFNET,https://www.zefenergy.com,GPS,43.69917,-92.39725,2024-12-09,307841,2024-12-09 04:03:15 UTC,,,,2023-08-24,,,,,CHADEMO J1772 J1772COMBO,US,,,,Public,,public,,,,,,,,,,,,,,,,,,,,false,,,,,,,,,false,
ELEC,SCC-NM SCC ONE,1920 Lee Blvd,Visitor Parking-Lot 1,North Mankato,MN,56003,,888-758-4389,E,,Public,24 hours daily,,,,,,2,,,ChargePoint Network,http://www.chargepoint.com/,GPS,44.174315,-94.047511,2024-12-10,307868,2024-12-10 01:58:28 UTC,,,,2023-08-25,,,,,J1772,US,,,,Public,,public,,,,,,,,,,,,,,,,,,,,,,,,,,,,,false,
ELEC,SCC-NM SCC TWO,1920 Lee Blvd,Visitor Parking-Lot 1,North Mankato,MN,56003,,888-758-4389,E,,Public,24 hours daily,,,,,,2,,,ChargePoint Network,http://www.chargepoint.com/,GPS,44.174315,-94.047527,2024-12-10,307872,2024-12-10 01:58:31 UTC,,,,2023-08-25,,,,,J1772,US,,,,Public,,public,,,,,,,,,,,,,,,,,,,,,,,,,,,,,false,
ELEC,CROW WING POWER CROW WING POWER,17330 MN-371,main enterance sidewalk,Brainerd,MN,56401,,888-758-4389,E,,Public,24 hours daily,,,,,,2,,,ChargePoint Network,http://www.chargepoint.com/,GPS,46.403138,-94.28037,2024-12-10,307875,2024-12-10 01:58:34 UTC,,,,2023-08-25,,,,,J1772,US,,,,Public,,public,,,,,,,,,,,,,,,,,,,,,,,,,,,,,false,
ELEC,Apple Chevrolet Northfield,1600 Cannon Ln.,,Northfield,MN,55057,,866-816-7584,E,,Public,24 hours daily,,,,,,,1,,EV Connect,http://evconnect.com/,GPS,44.438721,-93.184321,2024-12-09,307982,2024-12-09 03:15:14 UTC,,,,2023-08-26,,,,,J1772COMBO,US,,,,Public,,public,,,,,,,,,,,,,,,,,,,,,,,,,,,,,false,
ELEC,1800 Lake,1800 West Lake St.,,Minneapolis,MN,55408,,888-998-2546,E,,Public,24 hours daily,,,,,,3,,,Blink Network,http://www.blinkcharging.com/,GPS,44.948632,-93.304547,2024-12-10,309021,2024-12-10 00:06:52 UTC,,,,2021-12-13,,,,,J1772,US,,,,Public,,public,,,,,,,,,,,,,,,,,,,,,,,,,,,,,false,
ELEC,Costco St Louis Park #377,5801 West 16th Street,,St Louis Park,MN,55416,,888-998-2546,T,2024-12-09,TEMPORARILY UNAVAILABLE (Public),24 hours daily,,,,,,6,,,Blink Network,http://www.blinkcharging.com/,GPS,44.9669096,-93.3543032,2024-12-10,309039,2024-12-10 00:07:01 UTC,,,,2022-05-25,,,,,J1772,US,,,,TEMPORAIREMENT SUSPENDU (Public),,public,,,,,,,,,,,,,,,,,,,,,,,,,,,,,false,
ELEC,Egan Company Corporate Office,11611 Business Park Blvd N,,Champlin,MN,55316,,888-998-2546,E,,Public,24 hours daily,,,,,,2,,,Blink Network,http://www.blinkcharging.com/,GPS,45.1643828,-93.3897903,2024-12-10,309197,2024-12-10 00:08:44 UTC,,,,2022-08-15,,,,,J1772,US,,,,Public,,public,,,,,,,,,,,,,,,,,,,,,,,,,,,,,false,
ELEC,Niron Magnetics,640 Taft Street Northeast,,Minneapolis,MN,55413,,888-998-2546,E,,Public,Mon 5:00am - 8:00pm; Tue 5:00am - 8:00pm; Wed 5:00am - 8:00pm; Thu 5:00am - 8:00pm; Fri 5:00am - 8:00pm; Sat 7:00am - 12:00pm; Sun 7:00am - 12:00pm,,,,,,3,,,Blink Network,http://www.blinkcharging.com/,GPS,44.99639,-93.22472,2024-12-10,309244,2024-12-10 00:09:32 UTC,,,,2023-09-07,,,,,J1772,US,,,,Public,,public,,,,,,,,,,,,,,,,,,,,,,,,,,,,,false,
ELEC,Churchill Apartments,111 South Marquette Avenue,,Minneapolis,MN,55401,,888-998-2546,E,,Public,24 hours daily,,,,,,1,,,Blink Network,http://www.blinkcharging.com/,GPS,44.98276719050609,-93.26512006036955,2024-12-10,309378,2024-12-10 00:12:43 UTC,,,,2023-08-30,,,,,J1772,US,,,,Public,,public,,,,,,,,,,,,,,,,,,,,,,,,,,,,,false,
ELEC,St. Paul South Ramp,385 Washington Street,,Saint Paul,MN,55102,,888-998-2546,E,,Public,24 hours daily,,,,,,1,,,Blink Network,http://www.blinkcharging.com/,GPS,44.9457126,-93.0981166,2024-12-10,309601,2024-12-10 00:13:23 UTC,,,,2023-07-26,,,,,J1772,US,,,,Public,,public,,,,,,,,,,,,,,,,,,,,,,,,,,,,,false,
ELEC,Centre Pointe,2025 Centre Pointe Blvd,,Mendota Heights,MN,55120,,888-998-2546,E,,Public,24 hours daily,,,,,,2,,,Blink Network,http://www.blinkcharging.com/,GPS,44.8824484,-93.1529476,2024-12-10,310013,2024-12-10 00:22:25 UTC,,,,2020-10-22,,,,,J1772,US,,,,Public,,public,,,,,,,,,,,,,,,,,,,,,,,,,,,,,false,
ELEC,Eagandale Corporate Center station location,1305 Corporate Center Dr,,Eagan,MN,55121,,888-998-2546,E,,Public,24 hours daily,,,,,,2,,,Blink Network,http://www.blinkcharging.com/,GPS,44.8592221,-93.1640827,2024-12-10,310019,2024-12-10 00:22:28 UTC,,,,2020-08-28,,,,,J1772,US,,,,Public,,public,,,,,,,,,,,,,,,,,,,,,,,,,,,,,false,
ELEC,1 Southdale Place station location,6800 York Avenue South,,Edina,MN,55435,,888-998-2546,E,,Public,24 hours daily,,,,,,2,,,Blink Network,http://www.blinkcharging.com/,GPS,44.8791936,-93.3222088,2024-12-10,310045,2024-12-10 00:23:54 UTC,,,,2021-03-09,,,,,J1772,US,,,,Public,,public,,,,,,,,,,,,,,,,,,,,,,,,,,,,,false,
ELEC,John Wiese Ford,203 10th Street South,,Sauk Centre,MN,56378,,888-998-2546,E,,Public,24 hours daily,,,,,,4,,,Blink Network,http://www.blinkcharging.com/,GPS,45.726057,-94.947051,2024-12-10,310078,2024-12-10 00:24:31 UTC,,,,2023-06-08,,,,,J1772,US,,,,Public,,public,,,,,,,,,,,,,,,,,,,,,,,,,,,,,false,
ELEC,Harry Brown's Family Automotive,1747 Grant Street,,Faribault,MN,55021,,888-998-2546,E,,Public,24 hours daily,,,,,,1,1,,Blink Network,http://www.blinkcharging.com/,GPS,44.29400981826763,-93.29500929635604,2024-12-10,310080,2024-12-10 00:24:33 UTC,,,,2023-04-04,,,,,J1772 J1772COMBO,US,,,,Public,,public,,,,,,,,,,,,,,,,,,,,,,,,,,,,,false,
ELEC,Gatsby,1400 Park Avenue,,Minneapolis,MN,55404,,888-998-2546,E,,Public,24 hours daily,,,,,,2,,,Blink Network,http://www.blinkcharging.com/,GPS,44.9687032,-93.2655124,2024-12-10,310282,2024-12-10 00:26:35 UTC,,,,2021-07-24,,,,,J1772,US,,,,Public,,public,,,,,,,,,,,,,,,,,,,,,,,,,,,,,false,
ELEC,Market Ridge,275 Market Street,,Minneapolis,MN,55405,,888-998-2546,E,,Public,24 hours daily,,,,,,2,,,Blink Network,http://www.blinkcharging.com/,GPS,44.98018316320173,-93.28864621770784,2024-12-10,310325,2024-12-10 00:28:23 UTC,,,,2023-07-21,,,,,J1772,US,,,,Public,,public,,,,,,,,,,,,,,,,,,,,,,,,,,,,,false,
ELEC,Northland Center,3500- 3600 American Bld. W,,Bloomington,MN,55431,,888-998-2546,E,,Public,24 hours daily,,,,,,2,,,Blink Network,http://www.blinkcharging.com/,GPS,44.8577808,-93.3256708,2024-12-10,310519,2024-12-10 00:08:23 UTC,,,,2022-07-25,,,,,J1772,US,,,,Public,,public,,,,,,,,,,,,,,,,,,,,,,,,,,,,,false,
ELEC,"CircleK - Pine City, MN",715 13 St SW,,Pine City,MN,55063,,833-505-2291,E,,Public,24 hours daily,CREDIT,,,,,,4,,CIRCLE_K,https://www.circlek.com/charge/,200-8,45.82192,-92.9813,2023-09-14,310542,2024-01-31 22:07:01 UTC,P,,,2023-09-07,,,,,J1772COMBO,US,,,,Public,,public,,,CONVENIENCE_STORE,,,,,,,,,,,,,,,,,false,,,,,,,,MD,false,
ELEC,La Cresent Area Event Center,595 Veterans Pkwy,,La Crescent,MN,55947,,507-895-0595,E,,Public,24 hours daily,,,,,,2,,,Non-Networked,,GPS,43.83485653212366,-91.30136230133056,2023-10-12,311130,2024-01-31 22:07:01 UTC,LG,,,2022-09-20,,,,,J1772,US,,,,Public,,public,,,PARKING_LOT,,,,,,,,,,,,,,,,NONE,false,,,,,,,,,true,
ELEC,Buerkle Acura,7925 Brooklyn Boulevard,,Brooklyn Park,MN,55445,,888-998-2546,E,,Public,Mon 8:00am - 6:00pm; Tue 8:00am - 6:00pm; Wed 8:00am - 6:00pm; Thu 8:00am - 6:00pm; Fri 8:00am - 5:00pm; Sat 8:00am - 5:00pm; Sun 12:00am - 12:00am,,,,,,3,,,Blink Network,http://www.blinkcharging.com/,GPS,45.093888847137535,-93.37575331790968,2024-12-10,311150,2024-12-10 00:28:39 UTC,,,,2023-09-20,,,,,J1772,US,,,,Public,,public,,,,,,,,,,,,,,,,,,,,,,,,,,,,,false,
ELEC,Fieldhouse Dinkytown,805 15th Avenue Southeast,,Minneapolis,MN,55414,,888-998-2546,E,,Public,24 hours daily,,,,,,3,,,Blink Network,http://www.blinkcharging.com/,GPS,44.98430692660888,-93.23143809088529,2024-12-10,311383,2024-12-10 00:09:00 UTC,,,,2023-09-21,,,,,J1772,US,,,,Public,,public,,,,,,,,,,,,,,,,,,,,,,,,,,,,,false,
ELEC,New Brighton Ford,1100 Silver Lake Rd. NW,,New Brighton,MN,55112,,888-998-2546,E,,Public,Mon 7:00am - 7:00pm; Tue 7:00am - 7:00pm; Wed 7:00am - 7:00pm; Thu 7:00am - 7:00pm; Fri 7:00am - 6:00pm; Sat 8:00am - 6:00pm; Sun 12:00am - 12:00am,,,,,,6,,,Blink Network,http://www.blinkcharging.com/,GPS,45.065967569144945,-93.22006724489792,2024-12-10,311385,2024-12-10 00:09:30 UTC,,,,2023-09-21,,,,,J1772,US,,,,Public,,public,,,,,,,,,,,,,,,,,,,,,,,,,,,,,false,
ELEC,Inver Grove Ford,4725 South Robert Trail,,Inver Grove Heights,MN,55077,,888-998-2546,E,,Public,Mon 7:00am - 8:00pm; Tue 7:00am - 8:00pm; Wed 7:00am - 8:00pm; Thu 7:00am - 8:00pm; Fri 7:00am - 6:00pm; Sat 8:00am - 6:00pm; Sun 12:00am - 12:00am,,,,,,7,,,Blink Network,http://www.blinkcharging.com/,GPS,44.880256769892696,-93.08235413510911,2024-12-10,311700,2024-12-10 00:22:36 UTC,,,,2023-09-27,,,,,J1772,US,,,,Public,,public,,,,,,,,,,,,,,,,,,,,,,,,,,,,,false,
ELEC,THE LORIENT STATION 1,4500 France Ave S,Inside Parking Garage,Edina,MN,55410,,888-758-4389,E,,Public,24 hours daily,,,,,,1,,,ChargePoint Network,http://www.chargepoint.com/,GPS,44.921257,-93.329346,2024-12-10,311718,2024-12-10 01:16:51 UTC,,,,2023-09-28,,,,,J1772,US,,,,Public,,public,,,,,,,,,,,,,,,,,,,,,,,,,,,,,false,
ELEC,Red Wing Chevrolet Buick,2500 Hwy 61 W,,Red Wing,MN,55066,,888-998-2546,E,,Public,24 hours daily,,,,,,1,,,Blink Network,http://www.blinkcharging.com/,GPS,44.565115,-92.568179,2024-12-10,312242,2024-12-10 00:18:19 UTC,,,,2023-08-16,,,,,J1772,US,,,,Public,,public,,,,,,,,,,,,,,,,,,,,,,,,,,,,,false,
ELEC,Perkins Restaurant & Bakery - Tesla Supercharger,623 Frontier Dr,,Fergus Falls,MN,56537,,877-798-3752,E,,Public,24 hours daily. Please check Tesla's online station map to see if an adapter is required at this location.,A D Debit M V,,,,,,8,,Tesla,https://www.tesla.com/supercharger,GPS,46.290018,-96.118305,2024-07-01,312512,2024-08-14 18:58:22 UTC,P,,,2023-09-29,,,,,TESLA,US,,,,Public,,public,,,RESTAURANT,,,,,,,,,,,,,,,,,false,,,,,,,,LD,false,
ELEC,Viking Lakes Bldg D,690 Vikings Parkway,,Eagan,MN,55121,,855-885-9571,E,,Public,,,,,,,6,,,OpConnect,https://opconnect-ev.com,GPS,44.85778,-93.119,2024-12-09,312624,2024-12-09 03:08:00 UTC,,,,2023-10-08,,,,,J1772,US,,,,Public,,public,,,,,,,,,,,,,,,,,,,,,,,,,,,,,false,
ELEC,Trimble,4400 Baker Road,,Minnetonka,MN,55343,,888-998-2546,E,,Public,24 hours daily,,,,,,1,,,Blink Network,http://www.blinkcharging.com/,GPS,44.922233972957585,-93.44892576330246,2024-12-10,312675,2024-12-10 00:22:52 UTC,,,,2023-10-10,,,,,J1772,US,,,,Public,,public,,,,,,,,,,,,,,,,,,,,,,,,,,,,,false,
ELEC,Surfside on Lake Superior - Tesla Supercharger,20 Surfside Dr,,Tofte,MN,55615,,877-798-3752,E,,Public,24 hours daily. Please check Tesla's online station map to see if an adapter is required at this location.,A D Debit M V,,,,,,8,,Tesla,https://www.tesla.com/supercharger,GPS,47.564462,-90.856492,2024-07-01,313097,2024-08-14 18:58:22 UTC,P,,,2023-10-12,,,,,TESLA,US,,,,Public,,public,,,RESTAURANT,,,,,,,,,,,,,,,,,false,,,,,,,,LD,false,
ELEC,"CircleK - Alexandria, MN",5310 Highway 29 S,,Alexandria,MN,56308,,833-505-2291,E,,Public,24 hours daily,CREDIT,,,,,,4,,CIRCLE_K,https://www.circlek.com/charge/,200-8,45.84171,-95.38932,2023-11-09,313733,2024-01-31 22:07:01 UTC,P,,,2023-09-21,,,,,J1772COMBO,US,,,,Public,,public,,,CONVENIENCE_STORE,,,,,,,,,,,,,,,,,false,,,,,,,,MD,false,
ELEC,Dondelinger Chevrolet-Buick,2310 PAUL BUNYAN DR NW,,BEMIDJI,MN,56601,,866-816-7584,E,,Public,24 hours daily,,,,,,,1,,EV Connect,http://evconnect.com/,GPS,47.495258,-94.913773,2024-12-09,314084,2024-12-09 03:13:52 UTC,,,,2023-10-18,,,,,J1772COMBO,US,,,,Public,,public,,,,,,,,,,,,,,,,,,,,,,,,,,,,,false,
ELEC,Becketwood Cooperative,4300 West River Parkway South,,Minneapolis,MN,55406,,888-356-8911,E,,Public,24 hours daily,,,,,,2,,,FLO,https://flo.ca/,GPS,44.924708,-93.206663,2024-12-09,314734,2024-12-09 03:37:55 UTC,,,,2023-10-21,,,,,J1772,US,,,,Public,,public,,,,,,,,,,,,,,,,,,,,,,,,,,,,,false,
ELEC,GM - Dahl Chevrolet Buick GMC,1201 US-61,,Winona,MN,55987,,866-816-7584,E,,Public,24 hours daily,,,,,,,1,,EV Connect,http://evconnect.com/,GPS,44.043932,-91.669806,2024-12-09,315847,2024-12-09 03:14:41 UTC,,,,2023-10-26,,,,,J1772COMBO,US,,,,Public,,public,,,,,,,,,,,,,,,,,,,,,,,,,,,,,false,
ELEC,ACCREDITED NORTHWEST,5200 West 73rd Street,,Edina,MN,55439,,888-758-4389,E,,Public,Mon 6:00pm - 12:00am; Tue 6:00pm - 12:00am; Wed 6:00pm - 12:00am; Thu 6:00pm - 12:00am; Fri 6:00pm - 12:00am; Sat 12:00am - 12:00am; Sun 12:00am - 12:00am,,,,,,2,,,ChargePoint Network,http://www.chargepoint.com/,GPS,44.870995,-93.356374,2024-12-10,316238,2024-12-10 02:00:55 UTC,,,,2023-10-28,,,,,J1772,US,,,,Public,,public,,,,,,,,,,,,,,,,,,,,,,,,,,,,,false,
ELEC,ACCREDITED SOUTHWEST,5200 West 73rd Street,,Edina,MN,55439,,888-758-4389,E,,Public,Mon 6:00pm - 12:00am; Tue 6:00pm - 12:00am; Wed 6:00pm - 12:00am; Thu 6:00pm - 12:00am; Fri 6:00pm - 12:00am; Sat 12:00am - 12:00am; Sun 12:00am - 12:00am,,,,,,2,,,ChargePoint Network,http://www.chargepoint.com/,GPS,44.870939,-93.356368,2024-12-10,316239,2024-12-10 02:00:56 UTC,,,,2023-10-28,,,,,J1772,US,,,,Public,,public,,,,,,,,,,,,,,,,,,,,,,,,,,,,,false,
ELEC,ACCREDITED NORTHEAST,5200 West 73rd Street,,Edina,MN,55439,,888-758-4389,E,,Public,Mon 6:00pm - 12:00am; Tue 6:00pm - 12:00am; Wed 6:00pm - 12:00am; Thu 6:00pm - 12:00am; Fri 6:00pm - 12:00am; Sat 12:00am - 12:00am; Sun 12:00am - 12:00am,,,,,,2,,,ChargePoint Network,http://www.chargepoint.com/,GPS,44.871076,-93.35605,2024-12-10,316240,2024-12-10 02:00:56 UTC,,,,2023-10-28,,,,,J1772,US,,,,Public,,public,,,,,,,,,,,,,,,,,,,,,,,,,,,,,false,
ELEC,"Fareway Store #089 (Stewartville, MN)",2012 2nd Ave NE,,Stewartville,MN,55976,,833-632-2778,E,,Public,24 hours daily,,,,,,,6,,Electrify America,https://www.electrifyamerica.com/,GPS,43.87155,-92.48553,2024-12-09,316258,2024-12-09 03:00:30 UTC,,,,2023-10-28,,,,,J1772COMBO,US,,,,Public,,public,,,,,,,,,,,,,,,,,,,,,,,,,,,,,false,
ELEC,RLSC RLSC,23990 State Highway 1 E,RLSC South Parking Lot,Red Lake,MN,56671,,888-758-4389,E,,Public,24 hours daily,,,,,,2,,,ChargePoint Network,http://www.chargepoint.com/,GPS,47.876851,-95.013606,2024-12-10,316340,2024-12-10 02:01:07 UTC,,,,2023-10-31,,,,,J1772,US,,,,Public,,public,,,,,,,,,,,,,,,,,,,,,,,,,,,,,false,
ELEC,Miller Buick GMC St Cloud,2900 2nd St S,,St Cloud,MN,56301,,866-816-7584,E,,Public,24 hours daily,,,,,,,2,,EV Connect,http://evconnect.com/,GPS,45.547185,-94.193374,2024-12-09,316356,2024-12-09 03:16:27 UTC,,,,2023-10-31,,,,,J1772COMBO,US,,,,Public,,public,,,,,,,,,,,,,,,,,,,,,,,,,,,,,false,
ELEC,EMC LLC GATEWAY 2,2890 Vicksburg Ln N,CCS1 & CHAdeMO connectors,Plymouth,MN,55447,,888-758-4389,E,,Public,24 hours daily,,,,,,,1,,ChargePoint Network,http://www.chargepoint.com/,GPS,45.014117,-93.481472,2024-12-10,316714,2024-12-10 02:01:05 UTC,,,,2023-11-04,,,,,CHADEMO J1772COMBO,US,,,,Public,,public,,,,,,,,,,,,,,,,,,,,,,,,,,,,,false,
ELEC,Casey's - Tesla Supercharger,205 Lindquist St,,Onamia,MN,56359,,877-798-3752,E,,Public,24 hours daily. Please check Tesla's online station map to see if an adapter is required at this location.,A D Debit M V,,,,,,8,,Tesla,https://www.tesla.com/supercharger,GPS,46.066625,-93.663163,2024-07-01,316895,2024-08-14 18:58:22 UTC,P,,,2023-11-02,,,,,TESLA,US,,,,Public,,public,,,GAS_STATION,,,,,,,,,,,,,,,,,false,,,,,,,,LD,false,
ELEC,Culver's - Tesla Supercharger,1140 Frontage Rd W,,Owatonna,MN,55060,,877-798-3752,E,,Public,24 hours daily. Please check Tesla's online station map to see if an adapter is required at this location.,A D Debit M V,,,,,,12,,Tesla,https://www.tesla.com/supercharger,GPS,44.095802,-93.249586,2024-07-01,316897,2024-08-14 18:58:22 UTC,P,,,2023-11-02,,,,,TESLA,US,,,,Public,,public,,,SHOPPING_CENTER,,,,,,,,,,,,,,,,,false,,,,,,,,LD,false,
ELEC,Holiday Stationstores - Tesla Supercharger,1704 1st Ave NE,,Little Falls,MN,56345,,877-798-3752,E,,Public,24 hours daily. Please check Tesla's online station map to see if an adapter is required at this location.,A D Debit M V,,,,,,8,,Tesla,https://www.tesla.com/supercharger,GPS,45.9752673,-94.335443,2024-07-01,316905,2024-08-14 18:58:22 UTC,P,,,2023-11-02,,,,,TESLA,US,,,,Public,,public,,,GAS_STATION,,,,,,,,,,,,,,,,,false,,,,,,,,LD,false,
ELEC,Edison at Rice Creek Phase 4,5901 Rice Creek Pkwy,,Shoreview,MN,55126,,,E,,Private,Contact site for information,A ANDROID_PAY APPLE_PAY CREDIT D M,,,,,2,,,AMPUP,https://ampup.io/,GPS,45.1189573,-93.1868802,2023-12-13,319474,2024-01-31 22:07:01 UTC,P,,,2023-09-18,,,,,J1772,US,,,,Privé,,private,,,,,,,,,,,,,,,,,,,,,,,,,,,,LD,false,
ELEC,Edison at Woodbury,326 Karen Dr,,Woodbury,MN,55129,,,E,,Private,Contact site for information,A ANDROID_PAY APPLE_PAY CREDIT D M,,,,,4,,,AMPUP,https://ampup.io/,GPS,44.9422878,-92.8840296,2023-12-13,319528,2024-01-31 22:07:01 UTC,P,,,2023-06-02,,,,,J1772,US,,,,Privé,,private,,,,,,,,,,,,,,,,,,,,,,,,,,,,LD,false,
ELEC,Faribault Crossroads Development,1575 NW 20th Street,,Faribault,MN,55021,,888-356-8911,E,,Public,24 hours daily,,,,,,2,,,FLO,https://flo.ca/,GPS,44.311024,-93.290115,2024-12-09,319839,2024-12-09 03:37:59 UTC,,,,2023-11-15,,,,,J1772,US,,,,Public,,public,,,,,,,,,,,,,,,,,,,,,,,,,,,,,false,
ELEC,MB OF ST. PAUL STATION 1,2780 Maplewood Drive,Customer Parking,Maplewood,MN,55109,,888-758-4389,E,,Public,24 hours daily,,,,,,2,,,ChargePoint Network,http://www.chargepoint.com/,GPS,45.024576,-93.047077,2024-12-10,319853,2024-12-10 01:14:26 UTC,,,,2023-11-16,,,,,J1772,US,,,,Public,,public,,,,,,,,,,,,,,,,,,,,,,,,,,,,,false,
ELEC,DAKOTA COUNTY KAPOSIA,131 7th Ave N,,South Saint Paul,MN,55075,,888-758-4389,E,,Public,24 hours daily,,,,,,2,,,ChargePoint Network,http://www.chargepoint.com/,GPS,44.891379,-93.042418,2024-12-10,320022,2024-12-10 02:01:44 UTC,,,,2023-11-17,,,,,J1772,US,,,,Public,,public,,,,,,,,,,,,,,,,,,,,,,,,,,,,,false,
ELEC,DAKOTA COUNTY KAPOSIA 2,131 7th Ave N,,South Saint Paul,MN,55075,,888-758-4389,E,,Public,24 hours daily,,,,,,2,,,ChargePoint Network,http://www.chargepoint.com/,GPS,44.89137,-93.042348,2024-12-10,320023,2024-12-10 02:01:44 UTC,,,,2023-11-17,,,,,J1772,US,,,,Public,,public,,,,,,,,,,,,,,,,,,,,,,,,,,,,,false,
ELEC,Steele-Waseca Cooperative Electric,2411 W Bridge St,,Owatonna,MN,55060,,313-262-6722,E,,Public - Credit card at all times,24 hours daily,A D Debit M V,,,,,,4,,RED_E,https://www.redecharge.com/,GPS,44.0835792502624,-93.2577641378944,2023-12-13,320150,2024-01-31 22:07:01 UTC,P,,,2023-11-16,,,,,J1772COMBO,US,,,,Public - Carte de crédit en tout temps,,public,CREDIT_CARD_ALWAYS,,COOP,,,,,,,Free,,,,,,,,,,false,,,,,,,,LD,false,
ELEC,CITY OF EDINA CITY HALL 4,4801 W 50th St,,Minneapolis,MN,55424,,888-758-4389,E,,Public,Mon 12:00am - 11:45pm; Tue 12:00am - 11:45pm; Wed 12:00am - 11:45pm; Thu 12:00am - 11:45pm; Fri 12:00am - 11:45pm; Sat 12:00am - 11:45pm; Sun 12:00am - 11:45pm,,,,,,2,,,ChargePoint Network,http://www.chargepoint.com/,GPS,44.91139,-93.347792,2024-12-10,320260,2024-12-10 02:01:54 UTC,,,,2023-11-18,,,,,J1772,US,,,,Public,,public,,,,,,,,,,,,,,,,,,,,,,,,,,,,,false,
ELEC,CITY OF CARVER STATION 1,1801 Ironwood Drive,North East side of the parks parking lot,Carver,MN,55315,,888-758-4389,E,,Public,24 hours daily,,,,,,2,,,ChargePoint Network,http://www.chargepoint.com/,GPS,44.770054,-93.648367,2024-12-10,320367,2024-12-10 02:01:48 UTC,,,,2023-11-21,,,,,J1772,US,,,,Public,,public,,,,,,,,,,,,,,,,,,,,,,,,,,,,,false,
ELEC,KDC Management Strip Mall,730 Apollo Drive,,Lino Lakes,MN,55014,,888-998-2546,T,2024-07-02,TEMPORARILY UNAVAILABLE (Public),24 hours daily,,,,,,1,,,Blink Network,http://www.blinkcharging.com/,GPS,45.18249705164779,-93.10827136181437,2024-12-10,320497,2024-12-10 00:27:23 UTC,,,,2023-11-21,,,,,J1772,US,,,,TEMPORAIREMENT SUSPENDU (Public),,public,,,,,,,,,,,,,,,,,,,,,,,,,,,,,false,
ELEC,Macalester College Tennis Courts,168 S Macalester St,,St Paul,MN,55105,,313-262-6722,E,,Public - Credit card at all times,24 hours daily,A D Debit M V,,,,,,2,,RED_E,https://www.redecharge.com/,GPS,44.9362406282997,-93.169542227253,2023-12-13,321164,2024-01-31 22:07:01 UTC,P,,,2023-11-30,,,,,J1772COMBO,US,,,,Public - Carte de crédit en tout temps,,public,CREDIT_CARD_ALWAYS,,COLLEGE_CAMPUS,,,,,,,$0.32 per kWh,,,,,,,,,,false,,,,,,,,LD,false,
ELEC,Rochester Chevrolet Cadillac,1000 12th st SW,,Rochester,MN,55902,,866-816-7584,E,,Public,24 hours daily,,,,,,,1,,EV Connect,http://evconnect.com/,GPS,44.006211,-92.476199,2024-12-09,321509,2024-12-09 03:13:19 UTC,,,,2023-12-06,,,,,J1772COMBO,US,,,,Public,,public,,,,,,,,,,,,,,,,,,,,,,,,,,,,,false,
ELEC,City of Grand Rapids - Library,140 2nd St,,Grand Rapids,MN,55744,,888-356-8911,E,,Public,24 hours daily,,,,,,2,,,FLO,https://flo.ca/,GPS,47.233236,-93.52492,2024-12-09,321525,2024-12-09 03:38:01 UTC,,,,2023-12-06,,,,,J1772,US,,,,Public,,public,,,,,,,,,,,,,,,,,,,,,,,,,,,,,false,
ELEC,City of Grand Rapids - Chamber of Commerce,1 NW 3rd Street,,Grand Rapids,MN,55744,,888-356-8911,E,,Public,24 hours daily,,,,,,2,,,FLO,https://flo.ca/,GPS,47.235231,-93.529476,2024-12-09,322456,2024-12-09 03:38:01 UTC,,,,2023-12-09,,,,,J1772,US,,,,Public,,public,,,,,,,,,,,,,,,,,,,,,,,,,,,,,false,
ELEC,City of Grand Rapids - Central School,10 NW 5th Street,,Grand Rapids,MN,55744,,888-356-8911,E,,Public,24 hours daily,,,,,,4,,,FLO,https://flo.ca/,GPS,47.236819,-93.529034,2024-12-09,322457,2024-12-09 03:38:01 UTC,,,,2023-12-09,,,,,J1772,US,,,,Public,,public,,,,,,,,,,,,,,,,,,,,,,,,,,,,,false,
ELEC,City of Grand Rapids - Civic Center,1401 3rd Avenue NW,,Grand Rapids,MN,55741,,888-356-8911,E,,Public,24 hours daily,,,,,,2,,,FLO,https://flo.ca/,GPS,47.247801,-93.535978,2024-12-09,322458,2024-12-09 03:38:01 UTC,,,,2023-12-09,,,,,J1772,US,,,,Public,,public,,,,,,,,,,,,,,,,,,,,,,,,,,,,,false,
ELEC,Rochester Ford,4900 Highway 52 North,,Rochester,MN,55901,,888-998-2546,E,,Public,24 hours daily,,,,,,,2,,Blink Network,http://www.blinkcharging.com/,GPS,44.07472794278536,-92.5041080454375,2024-12-10,323282,2024-12-10 00:09:21 UTC,,,,2023-12-08,,,,,J1772COMBO,US,,,,Public,,public,,,,,,,,,,,,,,,,,,,,,,,,,,,,,false,
ELEC,LUTHER BMW PPM NORTH LOT,2828 US-52,,Rochester,MN,55901,,888-758-4389,E,,Public,24 hours daily,,,,,,,1,,ChargePoint Network,http://www.chargepoint.com/,GPS,44.054143,-92.493119,2024-12-10,323337,2024-12-10 02:03:19 UTC,,,,2023-12-22,,,,,J1772COMBO,US,,,,Public,,public,,,,,,,,,,,,,,,,,,,,,,,,,,,,,false,
ELEC,394 HYUNDAI CUSTOMER PARK,6661 Wayzata Blvd,East lot north side,St. Louis Park,MN,55426,,888-758-4389,E,,Public,24 hours daily,,,,,,,1,,ChargePoint Network,http://www.chargepoint.com/,GPS,44.970716,-93.364433,2024-12-10,323409,2024-12-10 01:49:37 UTC,,,,2023-12-23,,,,,CHADEMO J1772COMBO,US,,,,Public,,public,,,,,,,,,,,,,,,,,,,,,,,,,,,,,false,
ELEC,1112 3rd St W,1112 3rd St W,,Thief River Falls,MN,56701,,866-816-7584,T,2024-12-01,TEMPORARILY UNAVAILABLE (Public),24 hours daily,,,,,,,2,,EV Connect,http://evconnect.com/,GPS,48.119184,-96.198506,2024-12-09,323664,2024-12-09 03:16:47 UTC,,,,2023-12-30,,,,,J1772COMBO,US,,,,TEMPORAIREMENT SUSPENDU (Public),,public,,,,,,,,,,,,,,,,,,,,,,,,,,,,,false,
ELEC,CircleK - Jordan,255 Triangle Ln,,Jordan,MN,55352,,833-505-2291,E,,Public - Credit card at all times,24 hours daily,CREDIT,,,,,,4,,CIRCLE_K,https://www.circlek.com/charge/,200-8,44.67047,-93.63847,2024-01-09,323710,2024-01-31 22:07:01 UTC,P,,,2023-11-30,,,,,J1772COMBO,US,,,,Public - Carte de crédit en tout temps,,public,CREDIT_CARD_ALWAYS,,CONVENIENCE_STORE,,,,,,,,,,,,,,,,,false,,,,,,,,MD,false,
ELEC,Corporate Office North,501 16th Avenue Northeast,,Austin,MN,55912,,888-998-2546,E,,Public,24 hours daily,,,,,,1,,,Blink Network,http://www.blinkcharging.com/,GPS,43.682495,-92.967882,2024-12-10,324902,2024-12-10 00:09:01 UTC,,,,2024-01-09,,,,,J1772,US,,,,Public,,public,,,,,,,,,,,,,,,,,,,,,,,,,,,,,false,
ELEC,Corporate Office South,1101 Main Street North,,Austin,MN,55912,,888-998-2546,E,,Public,24 hours daily,,,,,,1,,,Blink Network,http://www.blinkcharging.com/,GPS,43.677443,-92.975629,2024-12-10,324907,2024-12-10 00:15:13 UTC,,,,2024-01-04,,,,,J1772,US,,,,Public,,public,,,,,,,,,,,,,,,,,,,,,,,,,,,,,false,
ELEC,R&D Innovation Center (Pilot Plant),1816 4th Street Northeast,,Austin,MN,55912,,888-998-2546,E,,Public,24 hours daily,,,,,,1,,,Blink Network,http://www.blinkcharging.com/,GPS,43.68434,-92.969543,2024-12-10,324909,2024-12-10 00:17:26 UTC,,,,2024-01-09,,,,,J1772,US,,,,Public,,public,,,,,,,,,,,,,,,,,,,,,,,,,,,,,false,
ELEC,SPAM Museum,101 3rd Avenue Northeast,,Austin,MN,55912,,888-998-2546,E,,Public,24 hours daily,,,,,,1,,,Blink Network,http://www.blinkcharging.com/,GPS,43.669463,-92.974157,2024-12-10,324910,2024-12-10 00:17:28 UTC,,,,2024-01-04,,,,,J1772,US,,,,Public,,public,,,,,,,,,,,,,,,,,,,,,,,,,,,,,false,
ELEC,R&D Lab,2107 8th Drive Northeast,,Austin,MN,55912,,888-998-2546,E,,Public,24 hours daily,,,,,,1,,,Blink Network,http://www.blinkcharging.com/,GPS,43.688658,-92.961795,2024-12-10,324911,2024-12-10 00:17:37 UTC,,,,2024-01-04,,,,,J1772,US,,,,Public,,public,,,,,,,,,,,,,,,,,,,,,,,,,,,,,false,
ELEC,Jay Malone Motors,1165 Hwy 7 W,,Hutchinson,MN,55350,,888-998-2546,E,,Public,24 hours daily,,,,,,,1,,Blink Network,http://www.blinkcharging.com/,GPS,44.89493297633024,-94.39342587456919,2024-12-10,324914,2024-12-10 00:27:28 UTC,,,,2023-12-07,,,,,J1772COMBO,US,,,,Public,,public,,,,,,,,,,,,,,,,,,,,,,,,,,,,,false,
ELEC,HYBB BUILDING,8100 Lakeland Ave N,"Located outside the new car delivery garage doors, near parking lot.",Brooklyn Park,MN,55445,,888-758-4389,E,,Public,24 hours daily,,,,,,,1,,ChargePoint Network,http://www.chargepoint.com/,GPS,45.102077,-93.388808,2024-12-10,325283,2024-12-10 01:55:01 UTC,,,,2024-01-12,,,,,CHADEMO J1772COMBO,US,,,,Public,,public,,,,,,,,,,,,,,,,,,,,,,,,,,,,,false,
ELEC,HYBB ROW 2,8100 Lakeland Ave N,Location on end of curb island in parking lot near frontage road.,Brooklyn Park,MN,55445,,888-758-4389,E,,Public,24 hours daily,,,,,,,1,,ChargePoint Network,http://www.chargepoint.com/,GPS,45.101976,-93.388946,2024-12-10,325284,2024-12-10 01:55:01 UTC,,,,2024-01-12,,,,,CHADEMO J1772COMBO,US,,,,Public,,public,,,,,,,,,,,,,,,,,,,,,,,,,,,,,false,
ELEC,Viking Lakes Bldg A,740 Vikings Parkway,,Eagan,MN,55121,,855-885-9571,E,,Public,,,,,,,7,,,OpConnect,https://opconnect-ev.com,GPS,44.857174,-93.122748,2024-12-09,325423,2024-12-09 03:08:09 UTC,,,,2024-01-13,,,,,J1772,US,,,,Public,,public,,,,,,,,,,,,,,,,,,,,,,,,,,,,,false,
ELEC,50 SOUTH SIXTH 50SS.L5.#1,50 South 6th St,,Minneapolis,MN,55402,,888-758-4389,E,,Public,24 hours daily,,,,,,2,,,ChargePoint Network,http://www.chargepoint.com/,GPS,44.978487,-93.27205,2024-12-10,326042,2024-12-10 02:03:14 UTC,,,,2024-01-19,,,,,J1772,US,,,,Public,,public,,,,,,,,,,,,,,,,,,,,,,,,,,,,,false,
ELEC,50 SOUTH SIXTH 50SS.L5.#2,50 South 6th St,,Minneapolis,MN,55402,,888-758-4389,E,,Public,24 hours daily,,,,,,2,,,ChargePoint Network,http://www.chargepoint.com/,GPS,44.978422,-93.272071,2024-12-10,326045,2024-12-10 02:03:24 UTC,,,,2024-01-19,,,,,J1772,US,,,,Public,,public,,,,,,,,,,,,,,,,,,,,,,,,,,,,,false,
ELEC,Hy-Vee Grocery Store - Tesla Supercharger,1235 Oxford St,,Worthington,MN,56187,,877-798-3752,E,,Public,24 hours daily. Please check Tesla's online station map to see if an adapter is required at this location.,A D Debit M V,,,,,,8,,Tesla,https://www.tesla.com/supercharger,GPS,43.631533,-95.595239,2024-07-01,326161,2024-08-14 18:58:22 UTC,P,,,2024-01-18,,,,,TESLA,US,,,,Public,,public,,,GROCERY,,,,,,,,,,,,,,,,,false,,,,,,,,LD,false,
ELEC,HENNEPIN COUNTY HC GOV CNT#1-P2,300 South 6th St,"Enter Government Center Ramp (underground) from S 3rd Ave, between S 5th St & S 6th St, proceed to Level P2.",Minneapolis,MN,55487,,888-758-4389,E,,Public,24 hours daily,,,,,,2,,,ChargePoint Network,http://www.chargepoint.com/,GPS,44.975623,-93.266295,2024-12-10,326309,2024-12-10 02:04:21 UTC,,,,2024-01-23,,,,,J1772,US,,,,Public,,public,,,,,,,,,,,,,,,,,,,,,,,,,,,,,false,
ELEC,Engineered Products Company,5401 Smetana Road,,Minnetonka,MN,55343,,888-998-2546,E,,Public,24 hours daily,,,,,,1,,,Blink Network,http://www.blinkcharging.com/,GPS,44.90575804712941,-93.40499914490478,2024-12-10,326514,2024-12-10 00:04:50 UTC,,,,2024-01-24,,,,,J1772,US,,,,Public,,public,,,,,,,,,,,,,,,,,,,,,,,,,,,,,false,
ELEC,Hackensack Municipal Parking Lot,108 1st N,,Hackensack,MN,56452,,,E,,Public - Credit card at all times,24 hours daily,A D Debit M V,,,,,2,,,Non-Networked,,GPS,46.9310634147337,-94.5223334109572,2024-02-12,326675,2024-02-12 21:24:44 UTC,P,,,2024-01-25,,,,,J1772,US,,,,Public - Carte de crédit en tout temps,,public,CREDIT_CARD_ALWAYS,,PARKING_LOT,,,,,,,Free,,,,,,,,,,false,,,,,,,,LD,false,
ELEC,Luther Cadillac,3500 N Hwy 61,,Vadnais Heights,MN,55110,,888-998-2546,E,,Public,24 hours daily,,,,,,,2,,Blink Network,http://www.blinkcharging.com/,GPS,45.0472356917807,-93.03608758167762,2024-12-10,326948,2024-12-10 00:28:16 UTC,,,,2024-01-29,,,,,J1772COMBO,US,,,,Public,,public,,,,,,,,,,,,,,,,,,,,,,,,,,,,,false,
ELEC,Harrison Ford of Mankato - Level2,1935 Madison Avenue,,Mankato,MN,56001,,888-998-2546,E,,Public,24 hours daily,,,,,,2,,,Blink Network,http://www.blinkcharging.com/,GPS,44.165453,-93.945785,2024-12-10,327142,2024-12-10 00:16:02 UTC,,,,2023-12-08,,,,,J1772,US,,,,Public,,public,,,,,,,,,,,,,,,,,,,,,,,,,,,,,false,
ELEC,PK1 PK1,5799 West 16th Street,Parking Lot,St. Louis Park,MN,55416,,888-758-4389,E,,Public,24 hours daily,,,,,,2,,,ChargePoint Network,http://www.chargepoint.com/,GPS,44.966898,-93.350841,2024-12-10,327339,2024-12-10 02:04:16 UTC,,,,2024-02-02,,,,,J1772,US,,,,Public,,public,,,,,,,,,,,,,,,,,,,,,,,,,,,,,false,
ELEC,Apple CDJR of Shakopee,1684 Weston Ct.,,Shakopee,MN,55379,,866-816-7584,E,,Public,24 hours daily,,,,,,,6,,EV Connect,http://evconnect.com/,GPS,44.774324,-93.509743,2024-12-09,327587,2024-12-09 03:15:13 UTC,,,,2024-02-06,,,,,J1772COMBO,US,,,,Public,,public,,,,,,,,,,,,,,,,,,,,,,,,,,,,,false,
ELEC,LEXUS WAYZATA LEXUS CHARGER,16100 Wayzata Boulevard,Front Island,Wayzata,MN,55391,,888-758-4389,E,,Public,24 hours daily,,,,,,,1,,ChargePoint Network,http://www.chargepoint.com/,GPS,44.972098,-93.482067,2024-12-10,327697,2024-12-10 02:04:23 UTC,,,,2024-02-07,,,,,CHADEMO J1772COMBO,US,,,,Public,,public,,,,,,,,,,,,,,,,,,,,,,,,,,,,,false,
ELEC,ANOKA RAMSEY CC ATC 2,1355 W Highway 10,,Anoka,MN,55303,,888-758-4389,E,,Public,24 hours daily,,,,,,2,,,ChargePoint Network,http://www.chargepoint.com/,GPS,45.21414,-93.414539,2024-12-10,327712,2024-12-10 02:05:18 UTC,,,,2024-02-07,,,,,J1772,US,,,,Public,,public,,,,,,,,,,,,,,,,,,,,,,,,,,,,,false,
ELEC,ANOKA RAMSEY CC ATC 1,1355 US-10,,Anoka,MN,55303,,888-758-4389,E,,Public,24 hours daily,,,,,,2,,,ChargePoint Network,http://www.chargepoint.com/,GPS,45.216597,-93.417043,2024-12-10,327713,2024-12-10 02:05:20 UTC,,,,2024-02-07,,,,,J1772,US,,,,Public,,public,,,,,,,,,,,,,,,,,,,,,,,,,,,,,false,
ELEC,Davis Chevrolet of Delano,"505 Babcock Blvd,",,Delano,MN,55328,,866-816-7584,E,,Public,24 hours daily,,,,,,,1,,EV Connect,http://evconnect.com/,GPS,45.034636,-93.781423,2024-12-09,327917,2024-12-09 03:16:43 UTC,,,,2024-02-08,,,,,J1772COMBO,US,,,,Public,,public,,,,,,,,,,,,,,,,,,,,,,,,,,,,,false,
ELEC,CHEV WAYZATA STATION 2,16200 Wayzata Blvd,The charger is located at the front of the building in the parking lot on an island near the frontage road.,Wayzata,MN,55391,,888-758-4389,E,,Public,24 hours daily,,,,,,,1,,ChargePoint Network,http://www.chargepoint.com/,GPS,44.97198,-93.484666,2024-12-10,328151,2024-12-10 02:04:50 UTC,,,,2024-02-10,,,,,CHADEMO J1772COMBO,US,,,,Public,,public,,,,,,,,,,,,,,,,,,,,,,,,,,,,,false,
ELEC,LUTHER BMW BMW 01,2828 US-52,,Rochester,MN,55901,,888-758-4389,E,,Public,24 hours daily,,,,,,1,,,ChargePoint Network,http://www.chargepoint.com/,GPS,43.946815,-92.351367,2024-12-10,328452,2024-12-10 01:50:31 UTC,,,,2024-02-15,,,,,J1772,US,,,,Public,,public,,,,,,,,,,,,,,,,,,,,,,,,,,,,,false,
ELEC,LUTHER BMW BMW 02,2828 US-52,,Rochester,MN,55901,,888-758-4389,E,,Public,24 hours daily,,,,,,1,,,ChargePoint Network,http://www.chargepoint.com/,GPS,43.946777,-92.351368,2024-12-10,328453,2024-12-10 01:50:31 UTC,,,,2024-02-15,,,,,J1772,US,,,,Public,,public,,,,,,,,,,,,,,,,,,,,,,,,,,,,,false,
ELEC,MERIDIAN BLUE MERIDIAN 102,7785 218th St W,East Parking lot,Lakeville,MN,55044,,888-758-4389,E,,Public,24 hours daily,,,,,,,1,,ChargePoint Network,http://www.chargepoint.com/,GPS,44.635236,-93.22317,2024-12-10,328459,2024-12-10 02:03:24 UTC,,,,2024-02-15,,,,,CHADEMO J1772COMBO,US,,,,Public,,public,,,,,,,,,,,,,,,,,,,,,,,,,,,,,false,
ELEC,MERIDIAN BLUE MERIDIAN 101,7785 218th St W,East Parking lot,Lakeville,MN,55044,,888-758-4389,E,,Public,24 hours daily,,,,,,,1,,ChargePoint Network,http://www.chargepoint.com/,GPS,44.635261,-93.22319,2024-12-10,328460,2024-12-10 02:03:25 UTC,,,,2024-02-15,,,,,CHADEMO J1772COMBO,US,,,,Public,,public,,,,,,,,,,,,,,,,,,,,,,,,,,,,,false,
ELEC,CircleK - Rochester,1851 Assisi Dr NW,,Rochester,MN,55901,,833-505-2291,E,,Public,24 Hours Daily,CREDIT,,,,,,4,,CIRCLE_K,https://www.circlek.com/charge/,200-8,44.04307,-92.4863,2024-03-14,328627,2024-03-14 18:02:10 UTC,P,,,2023-01-09,,,,,J1772COMBO,US,,,,Public,,public,,,CONVENIENCE_STORE,,,,,,,,,,,,,,,,,false,,,,,,,,MD,false,
ELEC,CircleK - St Cloud,4255 Roosevelt Rd,,Saint Cloud,MN,56301,,833-505-2291,E,,Public,24 hours daily,CREDIT,,,,,,4,,CIRCLE_K,https://www.circlek.com/charge/,200-8,45.49793,-94.15106,2024-03-14,328630,2024-03-14 18:02:10 UTC,P,,,2023-02-08,,,,,J1772COMBO,US,,,,Public,,public,,,CONVENIENCE_STORE,,,,,,,,,,,,,,,,,false,,,,,,,,MD,false,
ELEC,Warners’ Stellian,2605 Broadway Street Northeast,,Minneapolis,MN,55413,,888-998-2546,E,,Public,24 hours daily,,,,,,2,,,Blink Network,http://www.blinkcharging.com/,GPS,44.99956110822697,-93.22415097530701,2024-12-10,328640,2024-12-10 00:16:41 UTC,,,,2024-02-09,,,,,J1772,US,,,,Public,,public,,,,,,,,,,,,,,,,,,,,,,,,,,,,,false,
ELEC,Wieser Park Pavilion,1817 County Rd 6,,La Crescent,MN,55947,,,E,,Public,24 hours daily,,,,,,1,,,Non-Networked,,200-8,43.82749,-91.33003,2024-03-14,328718,2024-03-14 18:02:10 UTC,P,,,2023-09-12,,,,,J1772,US,,,,Public,,public,,,PARK,,,,,,,$0.17 per kWh,,,,,,,,,,false,,,,,,,,LD,false,
ELEC,Diamond Buick GMC of Alexandria,5803 State Highway 29 S,,Alexandria,MN,56308,,888-809-4696,E,,Public - Credit card at all times,24 hours daily,CREDIT,,,,,,1,,Non-Networked,,GPS,45.83521190755044,-95.3866599013519,2024-03-14,329179,2024-08-16 17:00:28 UTC,P,,,2024-02-22,,,,,CHADEMO J1772COMBO,US,,,,Public - Carte de crédit en tout temps,,public,CREDIT_CARD_ALWAYS,,CAR_DEALER,,,,,,,$0.40 per kWh,,,,,,,,,,false,,,,,,,,LD,false,
ELEC,Parking Garage Stall #12,6051 Laurel Ave,,Golden Valley,MN,55416,,888-998-2546,E,,Public,24 hours daily,,,,,,1,,,Blink Network,http://www.blinkcharging.com/,GPS,44.975233,-93.3563069,2024-12-10,329775,2024-12-10 00:06:51 UTC,,,,2022-06-23,,,,,J1772,US,,,,Public,,public,,,,,,,,,,,,,,,,,,,,,,,,,,,,,false,
ELEC,Hopkins Honda,250 5th Ave S,,Hopkins,MN,55343,,888-998-2546,E,,Public,24 hours daily,,,,,,2,,,Blink Network,http://www.blinkcharging.com/,GPS,44.920120283069515,-93.40933247055256,2024-12-10,329943,2024-12-10 00:04:48 UTC,,,,2024-03-06,,,,,J1772,US,,,,Public,,public,,,,,,,,,,,,,,,,,,,,,,,,,,,,,false,
ELEC,4th and Park Apartments,700 South 4th Street,,Minneapolis,MN,55415,,888-998-2546,E,,Public,24 hours daily,,,,,,2,,,Blink Network,http://www.blinkcharging.com/,GPS,44.97624756533509,-93.25936489435884,2024-12-10,330376,2024-12-10 00:19:45 UTC,,,,2024-03-13,,,,,J1772,US,,,,Public,,public,,,,,,,,,,,,,,,,,,,,,,,,,,,,,false,
ELEC,North Loop Green,360 North 5th Street,,Minneapolis,MN,55401,,888-998-2546,E,,Public,24 hours daily,,,,,,3,,,Blink Network,http://www.blinkcharging.com/,GPS,44.98338142276183,-93.27621183296321,2024-12-10,330881,2024-12-10 00:11:22 UTC,,,,2024-03-20,,,,,J1772,US,,,,Public,,public,,,,,,,,,,,,,,,,,,,,,,,,,,,,,false,
ELEC,DAKOTA COUNTY SMART CENTER,9260 Courthouse Boulevard,,Inver Grove Heights,MN,55077,,888-758-4389,E,,Public,24 hours daily,,,,,,2,,,ChargePoint Network,http://www.chargepoint.com/,GPS,44.816007,-93.04624,2024-12-10,330906,2024-12-10 02:06:53 UTC,,,,2024-03-21,,,,,J1772,US,,,,Public,,public,,,,,,,,,,,,,,,,,,,,,,,,,,,,,false,
ELEC,HENNEPIN COUNTY ROCKFORD RD LIB,6401 N 42nd Ave,"Parking Lot, South of Library",Crystal,MN,55427,,888-758-4389,E,,Public,24 hours daily,,,,,,2,,,ChargePoint Network,http://www.chargepoint.com/,GPS,45.031869,-93.361967,2024-12-10,331921,2024-12-10 02:06:15 UTC,,,,2024-04-09,,,,,J1772,US,,,,Public,,public,,,,,,,,,,,,,,,,,,,,,,,,,,,,,false,
ELEC,Superior Ford-Plymouth-Series,9700 56th Ave N,,Plymouth,MN,55442,,888-998-2546,E,,Public,24 hours daily,,,,,,2,,,Blink Network,http://www.blinkcharging.com/,GPS,45.056329,-93.402831,2024-12-10,331959,2024-12-10 00:24:31 UTC,,,,2024-04-05,,,,,J1772,US,,,,Public,,public,,,,,,,,,,,,,,,,,,,,,,,,,,,,,false,
ELEC,ALLIED ER VET ALLIED 2,8301 93rd Ave N,,Brooklyn Park,MN,55445,,888-758-4389,E,,Public,24 hours daily,,,,,,2,,,ChargePoint Network,http://www.chargepoint.com/,GPS,45.122838,-93.38779,2024-12-10,331990,2024-12-10 02:04:42 UTC,,,,2024-04-11,,,,,J1772,US,,,,Public,,public,,,,,,,,,,,,,,,,,,,,,,,,,,,,,false,
ELEC,ALLIED ER VET ALLIED 1,8301 93rd Ave N,,Brooklyn Park,MN,55445,,888-758-4389,E,,Public,24 hours daily,,,,,,2,,,ChargePoint Network,http://www.chargepoint.com/,GPS,45.122785,-93.387983,2024-12-10,331991,2024-12-10 02:04:42 UTC,,,,2024-04-11,,,,,J1772,US,,,,Public,,public,,,,,,,,,,,,,,,,,,,,,,,,,,,,,false,
ELEC,Burger King,2200 10th Street East,,Glencoe,MN,55336,,1-888-493-3638,E,,Public,,,,,,,2,2,,ZEFNET,https://www.zefenergy.com,GPS,44.76891,-94.13267,2024-12-09,332351,2024-12-09 04:03:12 UTC,,,,2024-04-16,,,,,CHADEMO J1772 J1772COMBO,US,,,,Public,,public,,,,,,,,,,,,,,,,,,,,,,,,,,,,,false,
ELEC,City of Duluth L2 Lake Place Parking-Canal Park,218 Canal Park Drive,,Duluth,MN,55802,,1-888-493-3638,E,,Public,,,,,,,8,,,ZEFNET,https://www.zefenergy.com,GPS,46.78661,-92.09463,2024-12-09,332354,2024-12-09 04:03:13 UTC,,,,2024-04-16,,,,,J1772,US,,,,Public,,public,,,,,,,,,,,,,,,,,,,,,,,,,,,,,false,
ELEC,WSU - Integrated Wellness Complex,118 West Mark Street,,Winona,MN,55987,,1-888-493-3638,E,,Public,,,,,,,4,2,,ZEFNET,https://www.zefenergy.com,GPS,44.04544,-91.64271,2024-12-09,332355,2024-12-09 04:03:14 UTC,,,,2024-04-16,,,,,CHADEMO J1772 J1772COMBO,US,,,,Public,,public,,,,,,,,,,,,,,,,,,,,,,,,,,,,,false,
ELEC,Rochester 3rd Street Ramp,100 3rd Street Southwest,,Rochester,MN,55902,,1-888-493-3638,E,,Public,,,,,,,2,,,ZEFNET,https://www.zefenergy.com,GPS,44.02027,-92.46492,2024-12-09,332356,2024-12-09 04:03:15 UTC,,,,2024-04-16,,,,,J1772,US,,,,Public,,public,,,,,,,,,,,,,,,,,,,,,,,,,,,,,false,
ELEC,WASC,425 Winnebago Avenue,,Fairmont,MN,56031,,1-888-493-3638,E,,Public,,,,,,,2,2,,ZEFNET,https://www.zefenergy.com,GPS,43.66681,-94.45739,2024-12-09,332359,2024-12-09 04:03:16 UTC,,,,2024-04-16,,,,,CHADEMO J1772 J1772COMBO,US,,,,Public,,public,,,,,,,,,,,,,,,,,,,,,,,,,,,,,false,
ELEC,City of Harmony,40 Center Street West,,Harmony,MN,55939,,1-888-493-3638,E,,Public,,,,,,,4,,,ZEFNET,https://www.zefenergy.com,GPS,43.55448,-92.01085,2024-12-09,332361,2024-12-09 04:03:17 UTC,,,,2024-04-16,,,,,J1772,US,,,,Public,,public,,,,,,,,,,,,,,,,,,,,,,,,,,,,,false,
ELEC,City of Park Rapids,222 Pleasant Avenue South,,Park Rapids,MN,56470,,1-888-493-3638,E,,Public,,,,,,,2,,,ZEFNET,https://www.zefenergy.com,GPS,46.92031,-95.06107,2024-12-09,332362,2024-12-09 04:03:18 UTC,,,,2024-04-16,,,,,J1772,US,,,,Public,,public,,,,,,,,,,,,,,,,,,,,,,,,,,,,,false,
ELEC,Avani Market,1620 West Center Street,,Rochester,MN,55902,,1-888-493-3638,E,,Public,,,,,,,1,,,ZEFNET,https://www.zefenergy.com,GPS,44.02315,-92.48651,2024-12-09,332363,2024-12-09 04:03:18 UTC,,,,2024-04-16,,,,,J1772,US,,,,Public,,public,,,,,,,,,,,,,,,,,,,,,,,,,,,,,false,
ELEC,Ohuta Beach,NaN null Park Street,,Lake City,MN,55041,,1-888-493-3638,E,,Public,,,,,,,3,,,ZEFNET,https://www.zefenergy.com,GPS,44.45278,-92.26855,2024-12-09,332364,2024-12-09 04:03:18 UTC,,,,2024-04-16,,,,,J1772,US,,,,Public,,public,,,,,,,,,,,,,,,,,,,,,,,,,,,,,false,
ELEC,"Princeton Public Utilities Princeton, MN",450 North 2nd Street,,Princeton,MN,55371,,1-888-493-3638,E,,Public,,,,,,,2,,,ZEFNET,https://www.zefenergy.com,GPS,45.57107,-93.57954,2024-12-09,332365,2024-12-09 04:03:19 UTC,,,,2024-04-16,,,,,J1772,US,,,,Public,,public,,,,,,,,,,,,,,,,,,,,,,,,,,,,,false,
ELEC,Service Foods,321 West Lincoln Avenue,,Fergus Falls,MN,56537,,1-888-493-3638,E,,Public,,,,,,,2,2,,ZEFNET,https://www.zefenergy.com,GPS,46.28281,-96.07916,2024-12-09,332366,2024-12-09 04:03:19 UTC,,,,2024-04-16,,,,,CHADEMO J1772 J1772COMBO,US,,,,Public,,public,,,,,,,,,,,,,,,,,,,,,,,,,,,,,false,
ELEC,Rochester Center Street Ramp,11 West Center Street,,Rochester,MN,55902,,1-888-493-3638,E,,Public,,,,,,,2,,,ZEFNET,https://www.zefenergy.com,GPS,44.02357,-92.46353,2024-12-09,332367,2024-12-09 04:03:20 UTC,,,,2024-04-16,,,,,J1772,US,,,,Public,,public,,,,,,,,,,,,,,,,,,,,,,,,,,,,,false,
ELEC,Red Wing City Hall,315 West 4th Street,,Red Wing,MN,55066,,1-888-493-3638,E,,Public,,,,,,,2,,,ZEFNET,https://www.zefenergy.com,GPS,44.56464,-92.5321,2024-12-09,332371,2024-12-09 04:03:21 UTC,,,,2024-04-16,,,,,J1772,US,,,,Public,,public,,,,,,,,,,,,,,,,,,,,,,,,,,,,,false,
ELEC,City of Litchfield Memorial Park,NaN null Lake Ripley Drive,,Litchfield,MN,55355,,1-888-493-3638,E,,Public,,,,,,,6,,,ZEFNET,https://www.zefenergy.com,GPS,45.10047,-94.54408,2024-12-09,332372,2024-12-09 04:03:21 UTC,,,,2024-04-16,,,,,J1772,US,,,,Public,,public,,,,,,,,,,,,,,,,,,,,,,,,,,,,,false,
ELEC,Woodgate Apartments,518 4th Street,,Cloquet,MN,55720,,1-888-493-3638,E,,Public,,,,,,,2,,,ZEFNET,https://www.zefenergy.com,GPS,46.71274,-92.45933,2024-12-09,332373,2024-12-09 04:03:23 UTC,,,,2024-04-16,,,,,J1772,US,,,,Public,,public,,,,,,,,,,,,,,,,,,,,,,,,,,,,,false,
ELEC,WSU - Kryzsko Commons,250 West 10th Street,,Winona,MN,55987,,1-888-493-3638,E,,Public,,,,,,,2,,,ZEFNET,https://www.zefenergy.com,GPS,44.04729,-91.64534,2024-12-09,332374,2024-12-09 04:03:23 UTC,,,,2024-04-16,,,,,J1772,US,,,,Public,,public,,,,,,,,,,,,,,,,,,,,,,,,,,,,,false,
ELEC,Grand Marais Public Utilities City Hall Parking Lot - South Side,15 Broadway,,Grand Marais,MN,55604,,1-888-493-3638,E,,Public,,,,,,,2,2,,ZEFNET,https://www.zefenergy.com,GPS,47.74897,-90.33363,2024-12-09,332375,2024-12-09 04:03:24 UTC,,,,2024-04-16,,,,,CHADEMO J1772 J1772COMBO,US,,,,Public,,public,,,,,,,,,,,,,,,,,,,,,,,,,,,,,false,
ELEC,Northern Lights Casino,6800 Y Frontage Road Northwest,,Walker,MN,56484,,1-888-493-3638,E,,Public,,,,,,,4,,,ZEFNET,https://www.zefenergy.com,GPS,47.05486,-94.53668,2024-12-09,332376,2024-12-09 04:03:24 UTC,,,,2024-04-16,,,,,J1772,US,,,,Public,,public,,,,,,,,,,,,,,,,,,,,,,,,,,,,,false,
ELEC,IPS HQ,2670 Patton Road,,Saint Paul,MN,55113,,1-888-493-3638,E,,Public,,,,,,,4,,,ZEFNET,https://www.zefenergy.com,GPS,45.02173,-93.20562,2024-12-09,332378,2024-12-09 04:03:25 UTC,,,,2024-04-16,,,,,J1772,US,,,,Public,,public,,,,,,,,,,,,,,,,,,,,,,,,,,,,,false,
ELEC,North Preston,809 U.S. 52,,Preston,MN,55965,,1-888-493-3638,E,,Public,,,,,,,2,,,ZEFNET,https://www.zefenergy.com,GPS,43.67685,-92.08809,2024-12-09,332379,2024-12-09 04:03:25 UTC,,,,2024-04-16,,,,,J1772,US,,,,Public,,public,,,,,,,,,,,,,,,,,,,,,,,,,,,,,false,
ELEC,AU Riverland charger,1900 8th Avenue Northwest,,Austin,MN,55912,,1-888-493-3638,E,,Public,,,,,,,2,,,ZEFNET,https://www.zefenergy.com,GPS,43.67614,-92.99616,2024-12-09,332380,2024-12-09 04:03:25 UTC,,,,2024-04-16,,,,,J1772,US,,,,Public,,public,,,,,,,,,,,,,,,,,,,,,,,,,,,,,false,
ELEC,City of Dodo Valley,4300 Glumack Drive,,Saint Paul,MN,55111,,1-888-493-3638,E,,Public,,,,,,,1,,,ZEFNET,https://www.zefenergy.com,GPS,44.88338,-93.20734,2024-12-09,332381,2024-12-09 04:03:26 UTC,,,,2024-04-16,,,,,J1772,US,,,,Public,,public,,,,,,,,,,,,,,,,,,,,,,,,,,,,,false,
ELEC,City of Fosston,220 1st Street East,,Fosston,MN,56542,,1-888-493-3638,E,,Public,,,,,,,2,2,,ZEFNET,https://www.zefenergy.com,GPS,47.57501,-95.74995,2024-12-09,332385,2024-12-09 04:03:28 UTC,,,,2024-04-16,,,,,CHADEMO J1772 J1772COMBO,US,,,,Public,,public,,,,,,,,,,,,,,,,,,,,,,,,,,,,,false,
ELEC,Nelson Auto World,1625 Como Avenue Southeast,,Minneapolis,MN,55414,,1-888-493-3638,E,,Public,,,,,,,,2,,ZEFNET,https://www.zefenergy.com,GPS,44.98791,-93.22865,2024-12-09,332386,2024-12-09 04:03:29 UTC,,,,2024-04-16,,,,,CHADEMO J1772COMBO,US,,,,Public,,public,,,,,,,,,,,,,,,,,,,,,,,,,,,,,false,
ELEC,Nelson Auto World,1625 Como Avenue Southeast,,Minneapolis,MN,55414,,1-888-493-3638,E,,Public,,,,,,,,2,,ZEFNET,https://www.zefenergy.com,GPS,44.98791,-93.22852,2024-12-09,332387,2024-12-09 04:03:30 UTC,,,,2024-04-16,,,,,CHADEMO J1772COMBO,US,,,,Public,,public,,,,,,,,,,,,,,,,,,,,,,,,,,,,,false,
ELEC,36Lyn Refuel Station,3551 Lyndale Avenue South,,Minneapolis,MN,55408,,1-888-493-3638,E,,Public,,,,,,,,2,,ZEFNET,https://www.zefenergy.com,GPS,44.93803,-93.28782,2024-12-09,332390,2024-12-09 04:03:33 UTC,,,,2024-04-16,,,,,CHADEMO J1772COMBO,US,,,,Public,,public,,,,,,,,,,,,,,,,,,,,,,,,,,,,,false,
ELEC,Doc's Sports Bar and Grill,88801 Warbler Lane,,Sturgeon Lake,MN,55783,,1-888-493-3638,E,,Public,,,,,,,,2,,ZEFNET,https://www.zefenergy.com,GPS,46.37283,-92.78792,2024-12-09,332391,2024-12-09 04:03:33 UTC,,,,2024-04-16,,,,,CHADEMO J1772COMBO,US,,,,Public,,public,,,,,,,,,,,,,,,,,,,,,,,,,,,,,false,
ELEC,Noodles & Company,922 Holiday Drive,,Moorhead,MN,56560,,1-888-493-3638,E,,Public,,,,,,,,2,,ZEFNET,https://www.zefenergy.com,GPS,46.84933,-96.7667,2024-12-09,332392,2024-12-09 04:03:33 UTC,,,,2024-04-16,,,,,CHADEMO J1772COMBO,US,,,,Public,,public,,,,,,,,,,,,,,,,,,,,,,,,,,,,,false,
ELEC,Saint Peter Food Cooperative,228 West Mulberry Street,,Saint Peter,MN,56082,,1-888-493-3638,E,,Public,,,,,,,2,2,,ZEFNET,https://www.zefenergy.com,GPS,44.32263,-93.96003,2024-12-09,332394,2024-12-09 04:03:36 UTC,,,,2024-04-16,,,,,CHADEMO J1772 J1772COMBO,US,,,,Public,,public,,,,,,,,,,,,,,,,,,,,,,,,,,,,,false,
ELEC,City Of Owatonna,215 Walnut Avenue South,,Owatonna,MN,55060,,1-888-493-3638,E,,Public,,,,,,,,2,,ZEFNET,https://www.zefenergy.com,GPS,44.08311,-93.22941,2024-12-09,332395,2024-12-09 04:03:43 UTC,,,,2024-04-16,,,,,CHADEMO J1772COMBO,US,,,,Public,,public,,,,,,,,,,,,,,,,,,,,,,,,,,,,,false,
ELEC,City Of Saint Peter,114 West Nassau Street,,Saint Peter,MN,56082,,1-888-493-3638,E,,Public,,,,,,,2,2,,ZEFNET,https://www.zefenergy.com,GPS,44.3238,-93.95644,2024-12-09,332398,2024-12-09 04:03:36 UTC,,,,2024-04-16,,,,,CHADEMO J1772 J1772COMBO,US,,,,Public,,public,,,,,,,,,,,,,,,,,,,,,,,,,,,,,false,
ELEC,Lyon-Lincoln Electric Cooperative,205 U.S. 14,,Tyler,MN,56178,,1-888-493-3638,E,,Public,,,,,,,1,,,ZEFNET,https://www.zefenergy.com,GPS,44.26817,-96.14203,2024-12-09,332400,2024-12-09 04:03:37 UTC,,,,2024-04-16,,,,,J1772,US,,,,Public,,public,,,,,,,,,,,,,,,,,,,,,,,,,,,,,false,
ELEC,White Bear Lake Superstore,3880 U.S. 61,,White Bear Lake,MN,55110,,1-888-493-3638,E,,Public,,,,,,,1,2,,ZEFNET,https://www.zefenergy.com,GPS,45.05896,-93.02666,2024-12-09,332401,2024-12-09 04:03:37 UTC,,,,2024-04-16,,,,,CHADEMO J1772 J1772COMBO,US,,,,Public,,public,,,,,,,,,,,,,,,,,,,,,,,,,,,,,false,
ELEC,City Of Saint Cloud,501 1st Street North,,St. Cloud,MN,56303,,1-888-493-3638,E,,Public,,,,,,,,2,,ZEFNET,https://www.zefenergy.com,GPS,45.56207,-94.15971,2024-12-09,332404,2024-12-09 04:03:39 UTC,,,,2024-04-16,,,,,CHADEMO J1772COMBO,US,,,,Public,,public,,,,,,,,,,,,,,,,,,,,,,,,,,,,,false,
ELEC,City Of Little Falls,NaN null Dewey Parkway,,Little Falls,MN,56345,,1-888-493-3638,E,,Public,,,,,,,,2,,ZEFNET,https://www.zefenergy.com,GPS,45.97396,-94.36432,2024-12-09,332406,2024-12-09 04:03:39 UTC,,,,2024-04-16,,,,,CHADEMO J1772COMBO,US,,,,Public,,public,,,,,,,,,,,,,,,,,,,,,,,,,,,,,false,
ELEC,City Of Crosby Library,101 1st Street Southeast,,Crosby,MN,56441,,1-888-493-3638,E,,Public,,,,,,,,2,,ZEFNET,https://www.zefenergy.com,GPS,46.48161,-93.94886,2024-12-09,332407,2024-12-09 04:03:40 UTC,,,,2024-04-16,,,,,CHADEMO J1772COMBO,US,,,,Public,,public,,,,,,,,,,,,,,,,,,,,,,,,,,,,,false,
ELEC,Fresh Thyme Farmer's Market,1615 1st Street Southwest,,Rochester,MN,55901,,1-888-493-3638,E,,Public,,,,,,,,2,,ZEFNET,https://www.zefenergy.com,GPS,44.02284,-92.48678,2024-12-09,332408,2024-12-09 04:03:41 UTC,,,,2024-04-16,,,,,CHADEMO J1772COMBO,US,,,,Public,,public,,,,,,,,,,,,,,,,,,,,,,,,,,,,,false,
ELEC,City Of Springfield,601 East Rock Street,,Springfield,MN,56087,,1-888-493-3638,E,,Public,,,,,,,,2,,ZEFNET,https://www.zefenergy.com,GPS,44.24342,-94.96694,2024-12-09,332409,2024-12-09 04:03:41 UTC,,,,2024-04-16,,,,,CHADEMO J1772COMBO,US,,,,Public,,public,,,,,,,,,,,,,,,,,,,,,,,,,,,,,false,
ELEC,Northern Lights Casino - Walker,6800 Y Frontage Road Northwest,,Walker,MN,56484,,1-888-493-3638,E,,Public,,,,,,,,2,,ZEFNET,https://www.zefenergy.com,GPS,47.05486,-94.53668,2024-12-09,332410,2024-12-09 04:03:41 UTC,,,,2024-04-16,,,,,CHADEMO J1772COMBO,US,,,,Public,,public,,,,,,,,,,,,,,,,,,,,,,,,,,,,,false,
ELEC,Waseca Utilities,NaN null 19th Avenue Northwest,,Waseca,MN,56093,,1-888-493-3638,E,,Public,,,,,,,,2,,ZEFNET,https://www.zefenergy.com,GPS,44.09561,-93.50952,2024-12-09,332412,2024-12-09 04:03:42 UTC,,,,2024-04-16,,,,,CHADEMO J1772COMBO,US,,,,Public,,public,,,,,,,,,,,,,,,,,,,,,,,,,,,,,false,
ELEC,City of New Ulm,541 2nd Street North,,New Ulm,MN,56073,,1-888-493-3638,E,,Public,,,,,,,,2,,ZEFNET,https://www.zefenergy.com,GPS,44.31495,-94.46152,2024-12-09,332413,2024-12-09 04:03:42 UTC,,,,2024-04-16,,,,,CHADEMO J1772COMBO,US,,,,Public,,public,,,,,,,,,,,,,,,,,,,,,,,,,,,,,false,
ELEC,Chisholm,201 West Lake Street,,Chisholm,MN,55719,,1-888-493-3638,E,,Public,,,,,,,,2,,ZEFNET,https://www.zefenergy.com,GPS,47.4884,-92.88273,2024-12-09,332414,2024-12-09 04:03:42 UTC,,,,2024-04-16,,,,,CHADEMO J1772COMBO,US,,,,Public,,public,,,,,,,,,,,,,,,,,,,,,,,,,,,,,false,
ELEC,Mankato Area Foundation,115 South 2nd Street,,Mankato,MN,56001,,1-888-493-3638,E,,Public,,,,,,,,2,,ZEFNET,https://www.zefenergy.com,GPS,44.16619,-94.00152,2024-12-09,332417,2024-12-09 04:03:43 UTC,,,,2024-04-16,,,,,CHADEMO J1772COMBO,US,,,,Public,,public,,,,,,,,,,,,,,,,,,,,,,,,,,,,,false,
ELEC,City of Faribault,17 3rd Street Northeast,,Faribault,MN,55021,,1-888-493-3638,E,,Public,,,,,,,,2,,ZEFNET,https://www.zefenergy.com,GPS,44.29339,-93.2674,2024-12-09,332419,2024-12-09 04:03:44 UTC,,,,2024-04-16,,,,,CHADEMO J1772COMBO,US,,,,Public,,public,,,,,,,,,,,,,,,,,,,,,,,,,,,,,false,
ELEC,Schmelz Countryside Volkswagen,1180 Minnesota 36,,Maplewood,MN,55109,,1-888-493-3638,E,,Public,,,,,,,,2,,ZEFNET,https://www.zefenergy.com,GPS,45.01104,-93.05099,2024-12-09,332420,2024-12-09 04:03:44 UTC,,,,2024-04-16,,,,,CHADEMO J1772COMBO,US,,,,Public,,public,,,,,,,,,,,,,,,,,,,,,,,,,,,,,false,
ELEC,Cannon Falls,650 Main Street West,,Cannon Falls,MN,55009,,1-888-493-3638,E,,Public,,,,,,,,2,,ZEFNET,https://www.zefenergy.com,GPS,44.5071,-92.90955,2024-12-09,332421,2024-12-09 04:03:44 UTC,,,,2024-04-16,,,,,CHADEMO J1772COMBO,US,,,,Public,,public,,,,,,,,,,,,,,,,,,,,,,,,,,,,,false,
ELEC,Motley Motel,165 Riverfront Lane,,Motley,MN,56466,,1-888-493-3638,E,,Public,,,,,,,,2,,ZEFNET,https://www.zefenergy.com,GPS,46.34244,-94.64784,2024-12-09,332422,2024-12-09 04:03:45 UTC,,,,2024-04-16,,,,,CHADEMO J1772COMBO,US,,,,Public,,public,,,,,,,,,,,,,,,,,,,,,,,,,,,,,false,
ELEC,High Plains Cooperative,45 3rd Street Northwest,,Plainview,MN,55964,,1-888-493-3638,E,,Public,,,,,,,2,,,ZEFNET,https://www.zefenergy.com,GPS,44.1658,-92.16959,2024-12-09,332426,2024-12-09 04:03:45 UTC,,,,2024-04-16,,,,,J1772,US,,,,Public,,public,,,,,,,,,,,,,,,,,,,,,,,,,,,,,false,
ELEC,Cove Point Lodge,4140 Minnesota 61,,Duluth,MN,55804,,1-888-493-3638,E,,Public,,,,,,,1,,,ZEFNET,https://www.zefenergy.com,GPS,47.24753,-91.31286,2024-12-09,332427,2024-12-09 04:03:46 UTC,,,,2024-04-16,,,,,J1772,US,,,,Public,,public,,,,,,,,,,,,,,,,,,,,,,,,,,,,,false,
ELEC,Gamma Vacuum,"2700 4th Avenue E, Suite 100",,Shakopee,MN,55379,,866-816-7584,E,,Public,24 hours daily,,,,,,2,,,EV Connect,http://evconnect.com/,GPS,44.794086,-93.487504,2024-12-09,332645,2024-12-09 03:14:13 UTC,,,,2024-04-19,,,,,J1772,US,,,,Public,,public,,,,,,,,,,,,,,,,,,,,,,,,,,,,,false,
ELEC,Ombimdwaa Gidinawemmaaganiaadog,1600 Pike Creek Avenue North,,Red Lake,MN,56671,,888-998-2546,E,,Public,24 hours daily,,,,,,4,,,Blink Network,http://www.blinkcharging.com/,GPS,47.877843518975205,-95.02277628860992,2024-12-10,333397,2024-12-10 00:07:28 UTC,,,,2024-04-23,,,,,J1772,US,,,,Public,,public,,,,,,,,,,,,,,,,,,,,,,,,,,,,,false,
ELEC,Novotny MN,7180 Novotny Road North,,Baxter,MN,56425,,888-998-2546,E,,Public,24 hours daily,,,,,,1,,,Blink Network,http://www.blinkcharging.com/,GPS,46.37588390668431,-94.25188840590694,2024-12-10,333484,2024-12-10 00:09:29 UTC,,,,2024-04-24,,,,,J1772,US,,,,Public,,public,,,,,,,,,,,,,,,,,,,,,,,,,,,,,false,
ELEC,The Linden,725 Linden St,,Mendota Heights,MN,55118,,949-945-2000,E,,Public,24 hours daily,A ACCOUNT_BALANCE ANDROID_PAY APPLE_PAY CREDIT D M V,,,,,1,,,EVGATEWAY,http://evgateway.com/,200-8,44.88557,-93.12179,,333958,2024-04-29 18:47:13 UTC,P,,,2021-06-24,,,,,J1772,US,,,,Public,,public,,,PARKING_LOT,,,,,,,,,,,,,,,,,false,,,,,,,,LD,false,
ELEC,GMC Apple Valley,7500 145th St W,,Apple Valley,MN,55124,,949-945-2000,E,,Public,24 hours daily,A ACCOUNT_BALANCE ANDROID_PAY APPLE_PAY CREDIT D M V,,,,,,2,,EVGATEWAY,http://evgateway.com/,200-8,44.7384,-93.21857,,333961,2024-04-29 18:47:13 UTC,P,,,2022-10-20,,,,,J1772COMBO,US,,,,Public,,public,,,PARKING_LOT,,,,,,,,,,,,,,,,,false,,,,,,,,LD,false,
ELEC,Electric123,921 Wescott Square,,Eagan,MN,55123,,949-945-2000,E,,Public,24 hours daily,A ACCOUNT_BALANCE ANDROID_PAY APPLE_PAY CREDIT D M V,,,,,1,,,EVGATEWAY,http://evgateway.com/,200-8,44.8331,-93.13428,,334010,2024-04-29 18:47:13 UTC,P,,,2023-05-16,,,,,J1772,US,,,,Public,,public,,,PARKING_LOT,,,,,,,,,,,,,,,,,false,,,,,,,,LD,false,
ELEC,Lofts of Stillwater,501 Main St N,,Stillwater,MN,55082,,949-945-2000,E,,Public,24 hours daily,A ACCOUNT_BALANCE ANDROID_PAY APPLE_PAY CREDIT D M V,,,,,1,,,EVGATEWAY,http://evgateway.com/,200-8,45.06012,-92.80675,2024-05-09,334190,2024-05-09 20:32:20 UTC,P,,,2021-06-24,,,,,J1772,US,,,,Public,,public,,,PARKING_LOT,,,,,,,,,,,,,,,,,false,,,,,,,,LD,false,
ELEC,WAABINOKWE IHS EAST STATION,20471 310 avenue,,Mahnomen,MN,56557,,888-758-4389,E,,Public,24 hours daily,,,,,,2,,,ChargePoint Network,http://www.chargepoint.com/,GPS,47.28577,-95.61739,2024-12-10,334312,2024-12-10 01:55:06 UTC,,,,2024-05-01,,,,,J1772,US,,,,Public,,public,,,,,,,,,,,,,,,,,,,,,,,,,,,,,false,
ELEC,MSP1,7165 Boone Ave N Suite 190 A,,Brooklyn Park,MN,55428,,,E,,Private,Contact site for information,A ANDROID_PAY APPLE_PAY CREDIT D M,,,,,1,,,AMPUP,https://ampup.io/,GPS,45.0853699,-93.3932272,2024-05-09,335448,2024-05-09 20:32:20 UTC,P,,,2024-02-09,,,,,J1772,US,,,,Privé,,private,,,OFFICE_BLDG,,,,,,,,,,,,,,,,,,,,,,,,,LD,false,
ELEC,BUFFALO FORD #1 EAST,702 Hwy 55,,Buffalo,MN,55313,,888-758-4389,E,,Public,24 hours daily,,,,,,2,,,ChargePoint Network,http://www.chargepoint.com/,GPS,45.174484,-93.866055,2024-12-10,341884,2024-12-10 02:07:05 UTC,,,,2024-05-09,,,,,J1772,US,,,,Public,,public,,,,,,,,,,,,,,,,,,,,,,,,,,,,,false,
ELEC,BUFFALO FORD #2 MIDDLE,702 Hwy 55,,Buffalo,MN,55313,,888-758-4389,E,,Public,24 hours daily,,,,,,2,,,ChargePoint Network,http://www.chargepoint.com/,GPS,45.174472,-93.866091,2024-12-10,341885,2024-12-10 02:07:06 UTC,,,,2024-05-09,,,,,J1772,US,,,,Public,,public,,,,,,,,,,,,,,,,,,,,,,,,,,,,,false,
ELEC,BUFFALO FORD #3 WEST,702 Hwy 55,,Buffalo,MN,55313,,888-758-4389,E,,Public,24 hours daily,,,,,,2,,,ChargePoint Network,http://www.chargepoint.com/,GPS,45.17445,-93.866146,2024-12-10,341886,2024-12-10 02:07:06 UTC,,,,2024-05-09,,,,,J1772,US,,,,Public,,public,,,,,,,,,,,,,,,,,,,,,,,,,,,,,false,
ELEC,Hawthorne Transportation Center,31 North 9th Street,,Minneapolis,MN,55403,,888-998-2546,E,,Public,24 hours daily,,,,,,8,,,Blink Network,http://www.blinkcharging.com/,GPS,44.977676859026595,-93.27816370407734,2024-12-10,346211,2024-12-10 00:16:40 UTC,,,,2024-05-14,,,,,J1772,US,,,,Public,,public,,,,,,,,,,,,,,,,,,,,,,,,,,,,,false,
ELEC,New Brighton Ford - DCFC,1100 Silver Lake Rd. NW,,New Brighton,MN,55112,,888-998-2546,E,,Public,Mon 7:00am - 7:00pm; Tue 7:00am - 7:00pm; Wed 7:00am - 7:00pm; Thu 7:00am - 7:00pm; Fri 7:00am - 6:00pm; Sat 8:00am - 6:00pm; Sun 12:00am - 12:00am,,,,,,,3,,Blink Network,http://www.blinkcharging.com/,GPS,45.065967569144945,-93.22006724489792,2024-12-10,346331,2024-12-10 00:12:08 UTC,,,,2024-05-14,,,,,J1772COMBO,US,,,,Public,,public,,,,,,,,,,,,,,,,,,,,,,,,,,,,,false,
ELEC,STJ LIGHT DEPT. DOWNTOWN PARK1,7 Armstrong Blvd S,,Saint James,MN,56081,,888-758-4389,E,,Public,24 hours daily,,,,,,2,,,ChargePoint Network,http://www.chargepoint.com/,GPS,43.982739,-94.628286,2024-12-10,346350,2024-12-10 02:09:08 UTC,,,,2024-05-16,,,,,J1772,US,,,,Public,,public,,,,,,,,,,,,,,,,,,,,,,,,,,,,,false,
ELEC,Apple Valley Ford,7200 150th St W.,,Apple Valley,MN,55124,,866-816-7584,E,,Public,24 hours daily,,,,,,,9,,EV Connect,http://evconnect.com/,GPS,44.731584,-93.2111,2024-12-09,346358,2024-12-09 03:15:14 UTC,,,,2024-05-16,,,,,J1772COMBO,US,,,,Public,,public,,,,,,,,,,,,,,,,,,,,,,,,,,,,,false,
ELEC,Apple Ford Shakopee,1624 Weston Ct.,,Shakopee,MN,55379,,866-816-7584,E,,Public,24 hours daily,,,,,,,8,,EV Connect,http://evconnect.com/,GPS,44.775645,-93.509585,2024-12-09,346426,2024-12-09 03:15:13 UTC,,,,2024-05-17,,,,,J1772COMBO,US,,,,Public,,public,,,,,,,,,,,,,,,,,,,,,,,,,,,,,false,
ELEC,DAKOTA COUNTY EMPIRE 3,2800 160th St W,,Rosemount,MN,55068,,888-758-4389,E,,Public,24 hours daily,,,,,,2,,,ChargePoint Network,http://www.chargepoint.com/,GPS,44.71604,-93.124366,2024-12-10,346572,2024-12-10 02:08:11 UTC,,,,2024-05-21,,,,,J1772,US,,,,Public,,public,,,,,,,,,,,,,,,,,,,,,,,,,,,,,false,
ELEC,DAKOTA COUNTY EMPIRE 2,2800 160th St W,,Rosemount,MN,55068,,888-758-4389,E,,Public,24 hours daily,,,,,,2,,,ChargePoint Network,http://www.chargepoint.com/,GPS,44.71603,-93.124402,2024-12-10,346573,2024-12-10 02:08:12 UTC,,,,2024-05-21,,,,,J1772,US,,,,Public,,public,,,,,,,,,,,,,,,,,,,,,,,,,,,,,false,
ELEC,CircleK - Plymouth,3020 Fernbrook Ln,,Plymouth,MN,55447,,833-505-2291,E,,Public,24 hours daily,CREDIT,,,,,,4,,CIRCLE_K,https://www.circlek.com/charge/,200-8,45.01375,-93.46062,2024-06-13,346748,2024-06-13 17:18:06 UTC,P,,,2024-04-25,,,,,J1772COMBO,US,,,,Public,,public,,,CONVENIENCE_STORE,,,,,,,,,,,,,,,,,false,,,,,,,,MD,false,
ELEC,Service Bay - Christian Brothers Ford,1375 Hwy 2 East,,Crookston,MN,56716,,888-998-2546,E,,Public,24 hours daily,,,,,,2,,,Blink Network,http://www.blinkcharging.com/,GPS,47.7609977,-96.588768,2024-12-10,346917,2024-12-10 00:09:18 UTC,,,,2022-08-24,,,,,J1772,US,,,,Public,,public,,,,,,,,,,,,,,,,,,,,,,,,,,,,,false,
ELEC,Superior Ford-Plymouth-DCFC,9700 56th Ave N,,Plymouth,MN,55442,,888-998-2546,E,,Public,24 hours daily,,,,,,,2,,Blink Network,http://www.blinkcharging.com/,GPS,45.056894422983675,-93.40350905922118,2024-12-10,346919,2024-12-10 00:21:13 UTC,,,,2024-04-05,,,,,J1772COMBO,US,,,,Public,,public,,,,,,,,,,,,,,,,,,,,,,,,,,,,,false,
ELEC,North Country Ford,10401 Woodcrest Drive Northwest,,Minneapolis,MN,55433,,888-998-2546,E,,Public,24 hours daily,,,,,,,2,,Blink Network,http://www.blinkcharging.com/,GPS,45.1594554481442,-93.28386596773068,2024-12-10,347387,2024-12-10 00:21:16 UTC,,,,2024-06-04,,,,,J1772COMBO,US,,,,Public,,public,,,,,,,,,,,,,,,,,,,,,,,,,,,,,false,
ELEC,Westbridge Center,109 South Minnesota Street,,Warren,MN,56762,,1-888-493-3638,E,,Public,,,,,,,2,,,ZEFNET,https://www.zefenergy.com,GPS,48.19485,-96.77472,2024-12-09,347430,2024-12-09 04:03:21 UTC,,,,2024-06-05,,,,,J1772,US,,,,Public,,public,,,,,,,,,,,,,,,,,,,,,,,,,,,,,false,
ELEC,LEXUS WAYZATA MONUMENT CHARGE,16100 Wayzata Boulevard,Charger is located on the first island in the parking lot of Lexus of Wayzata. Near the south east corner of the building.,Wayzata,MN,55391,,888-758-4389,E,,Public,24 hours daily,,,,,,2,,,ChargePoint Network,http://www.chargepoint.com/,GPS,44.972096,-93.482134,2024-12-10,347747,2024-12-10 02:04:52 UTC,,,,2024-06-14,,,,,J1772,US,,,,Public,,public,,,,,,,,,,,,,,,,,,,,,,,,,,,,,false,
ELEC,RED LAKE HOSPIT STATION 1,24760 Hospital Road,,Red Lake,MN,56671,,888-758-4389,E,,Public,24 hours daily,,,,,,2,,,ChargePoint Network,http://www.chargepoint.com/,GPS,47.87777,-95.028506,2024-12-10,347748,2024-12-10 02:05:02 UTC,,,,2024-06-14,,,,,J1772,US,,,,Public,,public,,,,,,,,,,,,,,,,,,,,,,,,,,,,,false,
ELEC,BWL IL STATION BWL IL STATION1,5590 Norwich Parkway,,Oak Park Heights,MN,55082,,888-758-4389,E,,Public,24 hours daily,,,,,,2,,,ChargePoint Network,http://www.chargepoint.com/,GPS,45.029699,-92.832046,2024-12-10,347810,2024-12-10 02:10:18 UTC,,,,2024-06-14,,,,,J1772,US,,,,Public,,public,,,,,,,,,,,,,,,,,,,,,,,,,,,,,false,
ELEC,PARKING LOT DDC EAST,2680 154th Street Northwest,DDC South Lot,Prior Lake,MN,55372,,888-758-4389,E,,Public,Mon 6:00am - 8:00pm; Tue 6:00am - 8:00pm; Wed 6:00am - 8:00pm; Thu 6:00am - 8:00pm; Fri 6:00am - 8:00pm; Sat 6:00am - 8:00pm; Sun 6:00am - 8:00pm,,,,,,2,,,ChargePoint Network,http://www.chargepoint.com/,GPS,44.725238,-93.465082,2024-12-10,347984,2024-12-10 02:09:57 UTC,,,,2024-06-15,,,,,J1772,US,,,,Public,,public,,,,,,,,,,,,,,,,,,,,,,,,,,,,,false,
ELEC,PARKING LOT DDC WEST,2680 154th Street Northwest,DDC South Lot,Prior Lake,MN,55372,,888-758-4389,E,,Public,Mon 6:00am - 8:00pm; Tue 6:00am - 8:00pm; Wed 6:00am - 8:00pm; Thu 6:00am - 8:00pm; Fri 6:00am - 8:00pm; Sat 6:00am - 8:00pm; Sun 6:00am - 8:00pm,,,,,,2,,,ChargePoint Network,http://www.chargepoint.com/,GPS,44.72525,-93.465146,2024-12-10,347985,2024-12-10 02:09:58 UTC,,,,2024-06-15,,,,,J1772,US,,,,Public,,public,,,,,,,,,,,,,,,,,,,,,,,,,,,,,false,
ELEC,Inver Grove Ford - DCFC,4725 South Robert Trail,,Inver Grove Heights,MN,55077,,888-998-2546,E,,Public,Mon 7:00am - 8:00pm; Tue 7:00am - 8:00pm; Wed 7:00am - 8:00pm; Thu 7:00am - 8:00pm; Fri 7:00am - 6:00pm; Sat 8:00am - 6:00pm; Sun 12:00am - 12:00am,,,,,,,3,,Blink Network,http://www.blinkcharging.com/,GPS,44.88046583196521,-93.08201081321305,2024-12-10,348036,2024-12-10 00:16:42 UTC,,,,2024-06-11,,,,,J1772COMBO,US,,,,Public,,public,,,,,,,,,,,,,,,,,,,,,,,,,,,,,false,
ELEC,Midwest EV Recharging,640 10th Avenue Southeast,,Milaca,MN,56353,,1-888-493-3638,E,,Public,,,,,,,2,2,,ZEFNET,https://www.zefenergy.com,GPS,45.75674,-93.63217,2024-12-09,348204,2024-12-09 04:03:21 UTC,,,,2024-06-20,,,,,CHADEMO J1772 J1772COMBO,US,,,,Public,,public,,,,,,,,,,,,,,,,,,,,,,,,,,,,,false,
ELEC,Albany Chrysler - DCFC,34650 225th Avenue,,Albany,MN,56307,,888-998-2546,E,,Public,24 hours daily,,,,,,,2,,Blink Network,http://www.blinkcharging.com/,GPS,45.62488795734958,-94.57235415337693,2024-12-10,348994,2024-12-10 00:21:40 UTC,,,,2024-06-12,,,,,J1772COMBO,US,,,,Public,,public,,,,,,,,,,,,,,,,,,,,,,,,,,,,,false,
ELEC,Winnebago ATG,8925 West Highway 101 Frontage Rd,,Savage,MN,55378,,,E,,Public,24 hours daily,,,,,,,2,,RED_E,https://www.redecharge.com/,200-8,44.78105,-93.3919,2024-07-11,349091,2024-10-17 17:04:31 UTC,P,,,2024-05-01,,,,,J1772COMBO,US,,,,Public,,public,,,RETAIL,,,,,,,$0.45 per kWh,,,,,,,,,,false,,,,,,,,LD,false,
ELEC,DAKOTA COUNTY SPRING LAKE 1,8500 127th Street East,Parking Lot,Hastings,MN,55033,,888-758-4389,E,,Public,24 hours daily,,,,,,2,,,ChargePoint Network,http://www.chargepoint.com/,GPS,44.765837,-92.936183,2024-12-10,349119,2024-12-10 02:10:36 UTC,,,,2024-06-25,,,,,J1772,US,,,,Public,,public,,,,,,,,,,,,,,,,,,,,,,,,,,,,,false,
ELEC,Luther Westside Volkswagen - Level 2,2370 S Hwy 100,,St. Louis Park,MN,55416,,888-998-2546,E,,Public,24 hours daily,,,,,,4,,,Blink Network,http://www.blinkcharging.com/,GPS,44.96009499729604,-93.34690337717123,2024-12-10,349162,2024-12-10 00:21:24 UTC,,,,2024-06-25,,,,,J1772,US,,,,Public,,public,,,,,,,,,,,,,,,,,,,,,,,,,,,,,false,
ELEC,Arlington Hills Community Center,1200 Payne Ave,,St. Paul,MN,55130,,651-632-3862,T,2024-06-26,TEMPORARILY UNAVAILABLE (Public - Credit card at all times),24 Hours daily,A D Debit M V,,,,,1,,,Non-Networked,,GPS,44.9764729428353,-93.0726399943921,2024-07-11,349445,2024-07-11 19:05:43 UTC,P,,,2022-02-11,,,,,J1772,US,,,,TEMPORAIREMENT SUSPENDU (Public - Carte de crédit en tout temps),,public,CREDIT_CARD_ALWAYS,,OTHER,,,,,,,,,,,,,,,,,false,,,,,,,,LD,false,
ELEC,WAABINOKWE IHS WESU NORTHEAST,40520 County Road 34,,Ogema,MN,56569,,888-758-4389,E,,Public,24 hours daily,,,,,,2,,,ChargePoint Network,http://www.chargepoint.com/,GPS,47.090977,-95.854828,2024-12-10,349486,2024-12-10 02:11:07 UTC,,,,2024-06-27,,,,,J1772,US,,,,Public,,public,,,,,,,,,,,,,,,,,,,,,,,,,,,,,false,
ELEC,Winnebago ATG MN,8925 W Highway 101 Frontage Rd,,Savage,MN,55378,,,E,,Public,24 hours daily,A D Debit M V,,,,,6,,,Non-Networked,,GPS,44.78101356,-93.39177942,2024-07-11,349559,2024-07-11 19:05:43 UTC,P,,,2024-06-27,,,,,J1772,US,,,,Public,,public,,,PARKING_LOT,,,,,,,Free,,,,,,,,,,false,,,,,,,,LD,false,
ELEC,Greensboro Condominiums & Townhomes,7314 West 22nd Street,,St. Louis Park,MN,55426,,1-888-493-3638,E,,Public,,,,,,,2,,,ZEFNET,https://www.zefenergy.com,GPS,44.96233,-93.37483,2024-12-09,349907,2024-12-09 04:03:25 UTC,,,,2024-07-03,,,,,J1772,US,,,,Public,,public,,,,,,,,,,,,,,,,,,,,,,,,,,,,,false,
ELEC,Warroad City Office,121 Main Avenue Northeast,,Warroad,MN,56763,,1-888-493-3638,E,,Public,,,,,,,2,2,,ZEFNET,https://www.zefenergy.com,GPS,48.9061,-95.31778,2024-12-09,349908,2024-12-09 04:03:29 UTC,,,,2024-07-03,,,,,CHADEMO J1772 J1772COMBO,US,,,,Public,,public,,,,,,,,,,,,,,,,,,,,,,,,,,,,,false,
ELEC,Highline construction inc,16124 Old Lake Road,,Paynesville,MN,56362,,888-998-2546,E,,Public,24 hours daily,,,,,,1,,,Blink Network,http://www.blinkcharging.com/,GPS,45.35726524094089,-94.70173547529616,2024-12-10,349926,2024-12-10 00:21:26 UTC,,,,2024-07-03,,,,,J1772,US,,,,Public,,public,,,,,,,,,,,,,,,,,,,,,,,,,,,,,false,
ELEC,Buerkle Honda,3360 Highway 61,,Vadnais Heights,MN,55110,,888-998-2546,E,,Public,Mon 12:00am - 12:00am; Tue 12:00am - 12:00am; Wed 12:00am - 12:00am; Thu 12:00am - 12:00am; Fri 12:00am - 12:00am; Sat 12:00am - 12:00am; Sun 12:00am - 12:00am,,,,,,2,1,,Blink Network,http://www.blinkcharging.com/,GPS,45.04277195386424,-93.03704470339599,2024-12-10,350297,2024-12-10 00:11:56 UTC,,,,2023-08-24,,,,,J1772 J1772COMBO,US,,,,Public,,public,,,,,,,,,,,,,,,,,,,,,,,,,,,,,false,
ELEC,OLMSTED COUNTY 2122-01,2122 Campus Dr SE,,Rochester,MN,55904,,888-758-4389,E,,Public,24 hours daily,,,,,,2,,,ChargePoint Network,http://www.chargepoint.com/,GPS,44.024366,-92.431237,2024-12-10,350519,2024-12-10 02:11:40 UTC,,,,2024-07-13,,,,,J1772,US,,,,Public,,public,,,,,,,,,,,,,,,,,,,,,,,,,,,,,false,
ELEC,OLMSTED COUNTY 2117-01,2117 Campus Dr SE,,Rochester,MN,55904,,888-758-4389,E,,Public,24 hours daily,,,,,,2,,,ChargePoint Network,http://www.chargepoint.com/,GPS,44.022313,-92.43007,2024-12-10,350520,2024-12-10 02:11:40 UTC,,,,2024-07-13,,,,,J1772,US,,,,Public,,public,,,,,,,,,,,,,,,,,,,,,,,,,,,,,false,
ELEC,OLMSTED COUNTY 2100-01,2100 Campus Dr SE,,Rochester,MN,55904,,888-758-4389,E,,Public,24 hours daily,,,,,,2,,,ChargePoint Network,http://www.chargepoint.com/,GPS,44.022216,-92.433903,2024-12-10,350521,2024-12-10 02:11:41 UTC,,,,2024-07-13,,,,,J1772,US,,,,Public,,public,,,,,,,,,,,,,,,,,,,,,,,,,,,,,false,
ELEC,Children's Museum of Southern Minnesota,224 Lamm Street,,Mankato,MN,56001,,1-888-493-3638,E,,Public,,,,,,,2,,,ZEFNET,https://www.zefenergy.com,GPS,44.16177,-94.01349,2024-12-09,350596,2024-12-09 04:03:19 UTC,,,,2024-07-16,,,,,J1772,US,,,,Public,,public,,,,,,,,,,,,,,,,,,,,,,,,,,,,,false,
ELEC,Bloomington Chrysler Jeep Dodge Ram,8000 Penn Ave S,,Bloomington,MN,55431,,313-262-6722,E,,Public - Call ahead,24 hours daily; call ahead,A D Debit M V,,,,,,2,,RED_E,https://www.redecharge.com/,GPS,44.85827736,-93.30925434,2024-11-06,351285,2024-11-06 19:40:58 UTC,P,,,2024-07-16,,,,,J1772COMBO,US,,,,Public - Appeler à l'avance,,public,CALL,,CAR_DEALER,,,,,,,$0.40 per kWh,,,,,,,,,,true,,,,,,,,LD,false,
ELEC,Walser Chrysler Jeep Dodge Ram Hopkins,314 Main St,,Hopkins,MN,55343,,313-262-6722,E,,Public - Call ahead,24 hours daily; call ahead,A D Debit M V,,,,,,2,,RED_E,https://www.redecharge.com/,GPS,44.92418903,-93.40491434,2024-11-06,351286,2024-11-06 19:40:58 UTC,P,,,2024-07-17,,,,,J1772COMBO,US,,,,Public - Appeler à l'avance,,public,CALL,,CAR_DEALER,,,,,,,$0.40 per kWh,,,,,,,,,,true,,,,,,,,LD,false,
ELEC,Inver Grove Honda,4605 S Robert Trl,,Inver Grove Heights,MN,55077,,,E,,Private,24 hours daily,A D Debit M V,,,,,,2,,RED_E,https://www.redecharge.com/,GPS,44.88260826,-93.08224985,2024-11-06,351287,2024-11-06 19:40:58 UTC,P,,,2024-07-17,,,,,J1772COMBO,US,,,,Privé,,private,,,CAR_DEALER,,,,,,,$0.40 per kWh,,,,,,,,,,,,,,,,,,LD,false,
ELEC,OLMSTED COUNTY 2118-01,2118 Campus Dr SE,,Rochester,MN,55904,,888-758-4389,E,,Public,24 hours daily,,,,,,2,,,ChargePoint Network,http://www.chargepoint.com/,GPS,44.023113,-92.431644,2024-12-10,351336,2024-12-10 02:11:44 UTC,,,,2024-07-23,,,,,J1772,US,,,,Public,,public,,,,,,,,,,,,,,,,,,,,,,,,,,,,,false,
ELEC,Cornerstone Ford - Level 2,17219 U.S. 10 NW,,Elk River,MN,55330,,888-998-2546,E,,Public,24 hours daily,,,,,,5,,,Blink Network,http://www.blinkcharging.com/,GPS,45.28347838869316,-93.54862509996872,2024-12-10,351372,2024-12-10 00:27:20 UTC,,,,2024-07-23,,,,,J1772,US,,,,Public,,public,,,,,,,,,,,,,,,,,,,,,,,,,,,,,false,
ELEC,ELEMENTS ELEMENTS 1,4535 France Ave S,,Minneapolis,MN,55410,,888-758-4389,E,,Public,24 hours daily,,,,,,2,,,ChargePoint Network,http://www.chargepoint.com/,GPS,44.920236,-93.328571,2024-12-10,351454,2024-12-10 02:01:33 UTC,,,,2024-07-25,,,,,J1772,US,,,,Public,,public,,,,,,,,,,,,,,,,,,,,,,,,,,,,,false,
ELEC,ELEMENTS ELEMENTS 2,4535 France Ave S,,Minneapolis,MN,55410,,888-758-4389,E,,Public,24 hours daily,,,,,,2,,,ChargePoint Network,http://www.chargepoint.com/,GPS,44.920231,-93.328587,2024-12-10,351455,2024-12-10 02:01:33 UTC,,,,2024-07-25,,,,,J1772,US,,,,Public,,public,,,,,,,,,,,,,,,,,,,,,,,,,,,,,false,
ELEC,City of Granite Falls,142 U.S. 212,,Granite Falls,MN,56241,,1-888-493-3638,E,,Public,,,,,,,2,2,,ZEFNET,https://www.zefenergy.com,GPS,44.80576,-95.53962,2024-12-09,351525,2024-12-09 04:03:29 UTC,,,,2024-07-25,,,,,CHADEMO J1772 J1772COMBO,US,,,,Public,,public,,,,,,,,,,,,,,,,,,,,,,,,,,,,,false,
ELEC,Austin Ford,2701 Oakland Ave W,,Austin,MN,55912,,313-262-6722,E,,Public,24 hours daily,A D Debit M V,,,,,4,4,,RED_E,https://www.redecharge.com/,GPS,43.66627836,-93.01253281,2024-11-06,351681,2024-11-06 19:40:58 UTC,P,,,2024-07-24,,,,,J1772 J1772COMBO,US,,,,Public,,public,,,CAR_DEALER,,,,,,,$0.60 per kWh,,,,,,,,,,true,,,,,,,,LD,false,
ELEC,Lilac Hill,502 Three Oaks Drive,,Northfield,MN,55057,,888-998-2546,E,,Public,24 hours daily,,,,,,1,,,Blink Network,http://www.blinkcharging.com/,GPS,44.464280069003514,-93.15048256195146,2024-12-10,351856,2024-12-10 00:23:17 UTC,,,,2024-07-30,,,,,J1772,US,,,,Public,,public,,,,,,,,,,,,,,,,,,,,,,,,,,,,,false,
ELEC,4400 Baker Rd,4400 Baker Road,,MINNETNKA MLS,MN,55343,,888-998-2546,E,,Public,24 hours daily,,,,,,1,,,Blink Network,http://www.blinkcharging.com/,GPS,44.922225632732726,-93.44892130670118,2024-12-10,351966,2024-12-10 00:11:16 UTC,,,,2024-07-30,,,,,J1772,US,,,,Public,,public,,,,,,,,,,,,,,,,,,,,,,,,,,,,,false,
ELEC,BEST BUY RETAIL LANCASTER DDC 4,7601 Penn Ave S,,Minneapolis,MN,55423,,888-758-4389,E,,Public,24 hours daily,,,,,,2,,,ChargePoint Network,http://www.chargepoint.com/,GPS,44.864497,-93.305264,2024-12-10,351992,2024-12-10 02:11:50 UTC,,,,2024-08-02,,,,,J1772,US,,,,Public,,public,,,,,,,,,,,,,,,,,,,,,,,,,,,,,false,
ELEC,BEST BUY RETAIL LANCASTER DDC 2,7601 Penn Ave S,,Minneapolis,MN,55423,,888-758-4389,E,,Public,24 hours daily,,,,,,2,,,ChargePoint Network,http://www.chargepoint.com/,GPS,44.864474,-93.30521,2024-12-10,351993,2024-12-10 02:11:50 UTC,,,,2024-08-02,,,,,J1772,US,,,,Public,,public,,,,,,,,,,,,,,,,,,,,,,,,,,,,,false,
ELEC,BEST BUY RETAIL LANCASTER DDC 1,7601 Penn Ave S,,Minneapolis,MN,55423,,888-758-4389,E,,Public,24 hours daily,,,,,,2,,,ChargePoint Network,http://www.chargepoint.com/,GPS,44.864504,-93.305028,2024-12-10,351994,2024-12-10 02:11:50 UTC,,,,2024-08-02,,,,,J1772,US,,,,Public,,public,,,,,,,,,,,,,,,,,,,,,,,,,,,,,false,
ELEC,BEST BUY RETAIL LANCASTER DDC 3,7601 Penn Ave S,,Minneapolis,MN,55423,,888-758-4389,E,,Public,24 hours daily,,,,,,2,,,ChargePoint Network,http://www.chargepoint.com/,GPS,44.864497,-93.305135,2024-12-10,351995,2024-12-10 02:11:51 UTC,,,,2024-08-02,,,,,J1772,US,,,,Public,,public,,,,,,,,,,,,,,,,,,,,,,,,,,,,,false,
ELEC,Lake Isabelle Flats,412 3rd Street East,,Hastings,MN,55033,,888-998-2546,E,,Public,24 hours daily,,,,,,2,,,Blink Network,http://www.blinkcharging.com/,GPS,44.74305093413038,-92.84776073141809,2024-12-10,352085,2024-12-10 00:05:45 UTC,,,,2024-04-17,,,,,J1772,US,,,,Public,,public,,,,,,,,,,,,,,,,,,,,,,,,,,,,,false,
ELEC,DAKOTA COUNTY NSC,1 Mendota Rd,,West Saint Paul,MN,55118,,888-758-4389,E,,Public,24 hours daily,,,,,,2,,,ChargePoint Network,http://www.chargepoint.com/,GPS,44.884722,-93.088105,2024-12-10,352206,2024-12-10 02:12:45 UTC,,,,2024-08-08,,,,,J1772,US,,,,Public,,public,,,,,,,,,,,,,,,,,,,,,,,,,,,,,false,
ELEC,Luther Westside Volkswagen - DCFC,2370 S Hwy 100,,St. Louis Park,MN,55416,,888-998-2546,E,,Public,24 hours daily,,,,,,,2,,Blink Network,http://www.blinkcharging.com/,GPS,44.96009499729604,-93.34690337717123,2024-12-10,352242,2024-12-10 00:05:58 UTC,,,,2024-06-25,,,,,J1772COMBO,US,,,,Public,,public,,,,,,,,,,,,,,,,,,,,,,,,,,,,,false,
ELEC,Cornerstone Ford - DCFC,17219 U.S. 10 NW,,Elk River,MN,55330,,888-998-2546,E,,Public,24 hours daily,,,,,,,2,,Blink Network,http://www.blinkcharging.com/,GPS,45.28347838869316,-93.54862509996872,2024-12-10,352243,2024-12-10 00:09:23 UTC,,,,2024-07-23,,,,,J1772COMBO,US,,,,Public,,public,,,,,,,,,,,,,,,,,,,,,,,,,,,,,false,
ELEC,Harrison Ford of Mankato - DCFC,1935 Madison Avenue,,Mankato,MN,56001,,888-998-2546,E,,Public,24 hours daily,,,,,,,1,,Blink Network,http://www.blinkcharging.com/,GPS,44.165453,-93.945785,2024-12-10,352374,2024-12-10 00:20:12 UTC,,,,2023-12-08,,,,,J1772COMBO,US,,,,Public,,public,,,,,,,,,,,,,,,,,,,,,,,,,,,,,false,
ELEC,HUCK APARTMENTS STATION 1,410 NE 2nd St,NE corner of building parking garage,Minneapolis,MN,55413,,888-758-4389,E,,Public,24 hours daily,,,,,,2,,,ChargePoint Network,http://www.chargepoint.com/,GPS,44.992049,-93.261321,2024-12-10,352654,2024-12-10 01:53:28 UTC,,,,2024-08-15,,,,,J1772,US,,,,Public,,public,,,,,,,,,,,,,,,,,,,,,,,,,,,,,false,
ELEC,HUCK APARTMENTS STATION 2,410 NE 2nd St,NE corner of building parking garage,Minneapolis,MN,55413,,888-758-4389,E,,Public,24 hours daily,,,,,,2,,,ChargePoint Network,http://www.chargepoint.com/,GPS,44.99205,-93.261422,2024-12-10,352655,2024-12-10 01:53:28 UTC,,,,2024-08-15,,,,,J1772,US,,,,Public,,public,,,,,,,,,,,,,,,,,,,,,,,,,,,,,false,
ELEC,Bloomington Acura,7801 Lyndale Avenue South,,Bloomington,MN,55420,,888-998-2546,E,,Public,24 hours daily,,,,,,3,,,Blink Network,http://www.blinkcharging.com/,GPS,44.86051287489448,-93.287542182902,2024-12-10,352975,2024-12-10 00:16:09 UTC,,,,2023-09-14,,,,,J1772,US,,,,Public,,public,,,,,,,,,,,,,,,,,,,,,,,,,,,,,false,
ELEC,Luther Audi Rochester,2828 U.S. 52 N,,Rochester,MN,55901,,888-998-2546,E,,Public,24 hours daily,,,,,,,1,,Blink Network,http://www.blinkcharging.com/,GPS,44.054142032378316,-92.49314549348858,2024-12-10,353148,2024-12-10 00:19:45 UTC,,,,2024-02-01,,,,,J1772COMBO,US,,,,Public,,public,,,,,,,,,,,,,,,,,,,,,,,,,,,,,false,
ELEC,Ken Waschke Auto Plaza,501 9TH ST N,,VIRGINIA,MN,55792,,866-816-7584,E,,Public,24 hours daily,,,,,,,1,,EV Connect,http://evconnect.com/,GPS,47.531581,-92.540091,2024-12-09,353736,2024-12-09 03:13:55 UTC,,,,2024-08-23,,,,,J1772COMBO,US,,,,Public,,public,,,,,,,,,,,,,,,,,,,,,,,,,,,,,false,
ELEC,Dairy Queen Grill & Chill - Tesla Destination,1441 E Sheridan St,,Ely,MN,55731,,877-798-3752,E,,Public,,A D Debit M V,,,,,6,,,Tesla Destination,https://www.tesla.com/destination-charging,GPS,47.903376,-91.844615,2024-07-01,353842,2024-10-16 16:58:41 UTC,P,,,2024-07-23,,,,,J1772 TESLA,US,,,,Public,,public,,,RESTAURANT,,,,,,,Free,,,,,,,,,,false,,,,,,,,LD,false,
ELEC,DAKOTA COUNTY NSC 2,1 Mendota Rd,,West Saint Paul,MN,55118,,888-758-4389,E,,Public,24 hours daily,,,,,,2,,,ChargePoint Network,http://www.chargepoint.com/,GPS,44.884726,-93.088343,2024-12-10,353955,2024-12-10 02:12:45 UTC,,,,2024-08-27,,,,,J1772,US,,,,Public,,public,,,,,,,,,,,,,,,,,,,,,,,,,,,,,false,
ELEC,AR MPLS SN 2954 EXPRESS 250,1820 Quentin Avenue,East Parking Lot,St. Louis Park,MN,55416,,888-758-4389,E,,Public,24 hours daily,,,,,,,1,,ChargePoint Network,http://www.chargepoint.com/,GPS,44.963532,-93.342584,2024-12-10,354358,2024-12-10 02:13:53 UTC,,,,2024-08-29,,,,,CHADEMO J1772COMBO,US,,,,Public,,public,,,,,,,,,,,,,,,,,,,,,,,,,,,,,false,
ELEC,"Simon Albertville Premium Outlets (Albertville, MN)",6415 Labeaux Ave Ne,,Albertville,MN,55301,,833-632-2778,E,,Public,24 hours daily,,,,,,,6,,Electrify America,https://www.electrifyamerica.com/,GPS,45.24445,-93.66541,2024-12-09,354369,2024-12-09 03:00:37 UTC,,,,2024-08-29,,,,,J1772COMBO,US,,,,Public,,public,,,,,,,,,,,,,,,,,,,,,,,,,,,,,false,
ELEC,McDonalds #7056 Rogers,21300 Rogers Dr,,"Rogers, MN 55374",MN,55374,,877-455-3833,E,,Public,24 hours daily,,,,,,,6,,eVgo Network,https://www.evgo.com/,GPS,45.195626,-93.549357,2024-12-09,354692,2024-12-10 00:00:33 UTC,,,,2024-08-31,,,,,J1772COMBO,US,,,,Public,,public,,,,,,,,,,,,,,,,,,,,,,,,,,,,,false,
ELEC,ST LOUIS PARK MSC STATION,7305 Oxford St,MSC Visitor Lot,St. Louis Park,MN,55426,,888-758-4389,E,,Public,24 hours daily,,,,,,2,,,ChargePoint Network,http://www.chargepoint.com/,GPS,44.930924,-93.371792,2024-12-10,354735,2024-12-10 02:14:02 UTC,,,,2024-08-31,,,,,J1772,US,,,,Public,,public,,,,,,,,,,,,,,,,,,,,,,,,,,,,,false,
ELEC,1600 SPRUCETREE 1600SPRUCETREE2,1600 University Avenue West,,Saint Paul,MN,55104,,888-758-4389,E,,Public,24 hours daily,,,,,,2,,,ChargePoint Network,http://www.chargepoint.com/,GPS,44.955074,-93.168105,2024-12-10,354827,2024-12-10 02:14:06 UTC,,,,2024-09-05,,,,,J1772,US,,,,Public,,public,,,,,,,,,,,,,,,,,,,,,,,,,,,,,false,
ELEC,North Country Ford S7's,10401 Woodcrest Drive Northwest,,Minneapolis,MN,55433,,888-998-2546,E,,Public,Mon 7:00am - 8:00pm; Tue 7:00am - 8:00pm; Wed 7:00am - 8:00pm; Thu 7:00am - 8:00pm; Fri 7:00am - 6:00pm; Sat 7:00am - 6:00pm; Sun 12:00am - 12:00am,,,,,,3,,,Blink Network,http://www.blinkcharging.com/,GPS,45.1594554481442,-93.28386596773068,2024-12-10,355067,2024-12-10 00:21:19 UTC,,,,2024-06-04,,,,,J1772,US,,,,Public,,public,,,,,,,,,,,,,,,,,,,,,,,,,,,,,false,
ELEC,St. Cloud City Hall,7th Street South,,St. Cloud,MN,56301,,888-998-2546,E,,Public,24 hours daily,,,,,,1,,,Blink Network,http://www.blinkcharging.com/,GPS,45.553291391881004,-94.16471871954543,2024-12-10,355072,2024-12-10 00:27:06 UTC,,,,2024-08-08,,,,,J1772,US,,,,Public,,public,,,,,,,,,,,,,,,,,,,,,,,,,,,,,false,
ELEC,WHITEKNIGHT EAST HEIGHTS 1,125 Roosevelt Cir,,Mankato,MN,56001,,888-758-4389,T,2024-11-27,TEMPORARILY UNAVAILABLE (Public),24 hours daily,,,,,,2,,,ChargePoint Network,http://www.chargepoint.com/,GPS,44.170956,-93.94218,2024-12-10,355156,2024-12-10 01:57:26 UTC,,,,2024-09-07,,,,,J1772,US,,,,TEMPORAIREMENT SUSPENDU (Public),,public,,,,,,,,,,,,,,,,,,,,,,,,,,,,,false,
ELEC,WHITEKNIGHT WEST HEIGHTS 1,125 Roosevelt Cir,NW Parking Lot,Mankato,MN,56001,,888-758-4389,E,,Public,24 hours daily,,,,,,2,,,ChargePoint Network,http://www.chargepoint.com/,GPS,44.170899,-93.942339,2024-12-10,355157,2024-12-10 01:57:30 UTC,,,,2024-09-07,,,,,J1772,US,,,,Public,,public,,,,,,,,,,,,,,,,,,,,,,,,,,,,,false,
ELEC,Metropolitan Ford - DCFC,12477 Plaza Dr,,Eden Prairie,MN,55344,,888-998-2546,E,,Public,24 hours daily,,,,,,,2,,Blink Network,http://www.blinkcharging.com/,GPS,44.86693024987832,-93.43399088806625,2024-12-10,355190,2024-12-10 00:17:26 UTC,,,,2024-09-06,,,,,J1772COMBO,US,,,,Public,,public,,,,,,,,,,,,,,,,,,,,,,,,,,,,,false,
ELEC,Kinseth Hospitality Co,230 Allan Avenue SW,,Owatonna,MN,55060,,888-998-2546,E,,Public,24 hours daily,,,,,,1,,,Blink Network,http://www.blinkcharging.com/,GPS,44.08275463712669,-93.2443846061219,2024-12-10,355200,2024-12-10 00:21:18 UTC,,,,2024-09-09,,,,,J1772,US,,,,Public,,public,,,,,,,,,,,,,,,,,,,,,,,,,,,,,false,
ELEC,JCHNATURECENTER CSN-01654351,1304 21st St NE,,Austin,MN,55912,,888-758-4389,E,,Public,24 hours daily,,,,,,2,,,ChargePoint Network,http://www.chargepoint.com/,GPS,43.678917,-92.939556,2024-12-10,355260,2024-12-10 00:45:09 UTC,,,,2024-09-11,,,,,J1772,US,,,,Public,,public,,,,,,,,,,,,,,,,,,,,,,,,,,,,,false,
ELEC,Houston CC EV Charger 1,111 West Cedar Street,,Houston,MN,55943,,1-888-493-3638,E,,Public,,,,,,,2,,,ZEFNET,https://www.zefenergy.com,GPS,43.76345,-91.56991,2024-12-09,355541,2024-12-09 04:03:35 UTC,,,,2024-09-12,,,,,J1772,US,,,,Public,,public,,,,,,,,,,,,,,,,,,,,,,,,,,,,,false,
ELEC,BELW GIANT BLUE EARTH ST 1,1134 Giant Dr,Behind the welcome center,Blue Earth,MN,56013,,888-758-4389,E,,Public,24 hours daily,,,,,,,1,,ChargePoint Network,http://www.chargepoint.com/,GPS,43.651444,-94.095869,2024-12-10,355569,2024-12-10 02:12:58 UTC,,,,2024-09-13,,,,,CHADEMO J1772COMBO,US,,,,Public,,public,,,,,,,,,,,,,,,,,,,,,,,,,,,,,false,EVC-RAA
ELEC,RIZE OPUS PARK STATION 2,10101 Bren Road East,,Hopkins,MN,55343,,888-758-4389,E,,Public,24 hours daily,,,,,,2,,,ChargePoint Network,http://www.chargepoint.com/,GPS,44.894858,-93.407125,2024-12-10,355832,2024-12-10 02:13:32 UTC,,,,2024-09-18,,,,,J1772,US,,,,Public,,public,,,,,,,,,,,,,,,,,,,,,,,,,,,,,false,
ELEC,RIZE OPUS PARK STATION 1,10101 Bren Road East,,Hopkins,MN,55343,,888-758-4389,E,,Public,24 hours daily,,,,,,2,,,ChargePoint Network,http://www.chargepoint.com/,GPS,44.894797,-93.407119,2024-12-10,355835,2024-12-10 02:13:58 UTC,,,,2024-09-18,,,,,J1772,US,,,,Public,,public,,,,,,,,,,,,,,,,,,,,,,,,,,,,,false,
ELEC,RIZE OPUS PARK STATION 3,10101 Bren Road East,,Hopkins,MN,55343,,888-758-4389,E,,Public,24 hours daily,,,,,,2,,,ChargePoint Network,http://www.chargepoint.com/,GPS,44.894715,-93.407117,2024-12-10,355836,2024-12-10 02:13:58 UTC,,,,2024-09-18,,,,,J1772,US,,,,Public,,public,,,,,,,,,,,,,,,,,,,,,,,,,,,,,false,
ELEC,National Sports Village,2180 105th Avenue Northeast,,Blaine,MN,55449,,1-888-493-3638,E,,Public,,,,,,,4,,,ZEFNET,https://www.zefenergy.com,GPS,45.16048,-93.21524,2024-12-09,355985,2024-12-09 04:03:10 UTC,,,,2024-09-19,,,,,J1772,US,,,,Public,,public,,,,,,,,,,,,,,,,,,,,,,,,,,,,,false,
ELEC,Luther Infiniti of Bloomington - Series,1500 West 81st Street,,Bloomington,MN,55431,,888-998-2546,E,,Public,24 hours daily,,,,,,2,,,Blink Network,http://www.blinkcharging.com/,GPS,44.85835995899854,-93.29920145852797,2024-12-10,355993,2024-12-10 00:17:33 UTC,,,,2024-09-19,,,,,J1772,US,,,,Public,,public,,,,,,,,,,,,,,,,,,,,,,,,,,,,,false,
ELEC,ST LOUIS PARK CITY HALL,5005 Minnetonka Blvd,City Hall Parking Lot,St. Louis Park,MN,55416,,888-758-4389,E,,Public,24 hours daily,,,,,,2,,,ChargePoint Network,http://www.chargepoint.com/,GPS,44.94809,-93.3429,2024-12-10,356364,2024-12-10 02:14:58 UTC,,,,2024-09-25,,,,,J1772,US,,,,Public,,public,,,,,,,,,,,,,,,,,,,,,,,,,,,,,false,
ELEC,"McDonalds #12407, Maple Grove",13595 83rd Way,,Maple Grove,MN,55369,,877-455-3833,E,,Public,24 hours daily,,,,,,,4,,eVgo Network,https://www.evgo.com/,GPS,45.10532,-93.45243,2024-12-09,356384,2024-12-09 23:57:22 UTC,,,,2024-09-25,,,,,J1772COMBO,US,,,,Public,,public,,,,,,,,,,,,,,,,,,,,,,,,,,,,,false,
ELEC,University Avenue at 1919,1919 University Avenue West,,Saint Paul,MN,55104,,888-998-2546,E,,Public,24 hours daily,,,,,,2,,,Blink Network,http://www.blinkcharging.com/,GPS,44.958365029571496,-93.18008734743275,2024-12-10,356392,2024-12-10 00:16:10 UTC,,,,2024-09-25,,,,,J1772,US,,,,Public,,public,,,,,,,,,,,,,,,,,,,,,,,,,,,,,false,
ELEC,COONRAPIDS STATION 1,3188 Northdale Blvd NW,,Coon Rapids,MN,55433,,888-758-4389,E,,Public,24 hours daily,,,,,,2,,,ChargePoint Network,http://www.chargepoint.com/,GPS,45.196811,-93.347526,2024-12-10,357212,2024-12-10 01:19:56 UTC,,,,2024-09-28,,,,,J1772,US,,,,Public,,public,,,,,,,,,,,,,,,,,,,,,,,,,,,,,false,
ELEC,COONRAPIDS STATION 2,3188 Northdale Blvd NW,,Coon Rapids,MN,55433,,888-758-4389,E,,Public,24 hours daily,,,,,,2,,,ChargePoint Network,http://www.chargepoint.com/,GPS,45.197012,-93.347101,2024-12-10,357213,2024-12-10 01:19:56 UTC,,,,2024-09-28,,,,,J1772,US,,,,Public,,public,,,,,,,,,,,,,,,,,,,,,,,,,,,,,false,
ELEC,SLP 8221-8231 STATION 1,8223 MN-7,,St. Louis Park,MN,55426,,888-758-4389,E,,Public,24 hours daily,,,,,,2,,,ChargePoint Network,http://www.chargepoint.com/,GPS,44.935403,-93.383965,2024-12-10,357216,2024-12-10 01:58:08 UTC,,,,2024-09-28,,,,,J1772,US,,,,Public,,public,,,,,,,,,,,,,,,,,,,,,,,,,,,,,false,
ELEC,UNIV ST THOMAS TOMMIE 7,3618 Grand Ave,Garage level 1,Saint Paul,MN,55105,,888-758-4389,E,,Public,24 hours daily,,,,,,2,,,ChargePoint Network,http://www.chargepoint.com/,GPS,44.940042,-93.192404,2024-12-10,357330,2024-12-10 02:11:34 UTC,,,,2024-10-02,,,,,J1772,US,,,,Public,,public,,,,,,,,,,,,,,,,,,,,,,,,,,,,,false,
ELEC,95 E 7TH STATION 1,95 East 7th Street,Level 1,Saint Paul,MN,55101,,888-758-4389,E,,Public,24 hours daily,,,,,,2,,,ChargePoint Network,http://www.chargepoint.com/,GPS,44.949973,-93.093511,2024-12-10,357936,2024-12-10 02:15:33 UTC,,,,2024-10-12,,,,,J1772,US,,,,Public,,public,,,,,,,,,,,,,,,,,,,,,,,,,,,,,false,
ELEC,95 E 7TH STATION 2,95 East 7th Street,Level 1,Saint Paul,MN,55101,,888-758-4389,E,,Public,24 hours daily,,,,,,2,,,ChargePoint Network,http://www.chargepoint.com/,GPS,44.950021,-93.093506,2024-12-10,357937,2024-12-10 02:15:34 UTC,,,,2024-10-12,,,,,J1772,US,,,,Public,,public,,,,,,,,,,,,,,,,,,,,,,,,,,,,,false,
ELEC,145 E 7TH 145 STATION 1,145 East 7th Street,Level 1,Saint Paul,MN,55101,,888-758-4389,E,,Public,24 hours daily,,,,,,2,,,ChargePoint Network,http://www.chargepoint.com/,GPS,44.950992,-93.092671,2024-12-10,357939,2024-12-10 02:15:40 UTC,,,,2024-10-12,,,,,J1772,US,,,,Public,,public,,,,,,,,,,,,,,,,,,,,,,,,,,,,,false,
ELEC,145 E 7TH 145 STATION 2,145 East 7th Street,Chargers are on lower level towards the Jackson st side of the parking.,Saint Paul,MN,55101,,888-758-4389,E,,Public,24 hours daily,,,,,,2,,,ChargePoint Network,http://www.chargepoint.com/,GPS,44.950557,-93.092005,2024-12-10,357940,2024-12-10 02:15:41 UTC,,,,2024-10-12,,,,,J1772,US,,,,Public,,public,,,,,,,,,,,,,,,,,,,,,,,,,,,,,false,
ELEC,Ford Charge - Anderson & Koch Ford,5577 St Croix Trail,,North Branch,MN,55056,,888-357-1009,E,,Public,7:30am-4:30pm M-Sat,A D Debit M V,,,,,,6,,FORD_CHARGE,https://www.ford.com/support/category/electric-vehicle/charging/public-charging/,GPS,45.50936865,-92.9951544,2024-11-06,358378,2024-11-06 19:40:58 UTC,P,,,2024-10-08,,,,,J1772COMBO,US,,,,Public,,public,,,CAR_DEALER,,,,,,,$0.35 per kWh,,,,,,,,,,false,,,,,,,,LD,false,
ELEC,Ford Charge - Lundgren Ford,900 Old Hwy 53,,Eveleth,MN,55734,,888-357-1009,E,,Public,24 hours daily,A D Debit M V,,,,,,2,,FORD_CHARGE,https://www.ford.com/support/category/electric-vehicle/charging/public-charging/,GPS,47.4788303,-92.53139445,2024-11-06,358379,2024-11-06 19:40:58 UTC,P,,,2024-10-08,,,,,J1772COMBO,US,,,,Public,,public,,,CAR_DEALER,,,,,,,$0.45 per kWh,,,,,,,,,,false,,,,,,,,LD,false,
ELEC,Ford Charge - Chuck Spaeth Ford,1224 N Broadway St,,New Ulm,MN,56073,,888-357-1009,E,,Public,24 hours daily,A D Debit M V,,,,,,4,,FORD_CHARGE,https://www.ford.com/support/category/electric-vehicle/charging/public-charging/,GPS,44.32498998,-94.47181783,2024-11-06,358380,2024-11-06 19:40:58 UTC,P,,,2024-10-08,,,,,J1772COMBO,US,,,,Public,,public,,,CAR_DEALER,,,,,,,$0.39 per kWh,,,,,,,,,,false,,,,,,,,LD,false,
ELEC,Ford Charge - Atwater Ford,507 Pleasant Ave,,Atwater,MN,56209,,888-357-1009,E,,Public,24 hours daily,A D Debit M V,,,,,,2,,FORD_CHARGE,https://www.ford.com/support/category/electric-vehicle/charging/public-charging/,GPS,45.13866239,-94.7837098,2024-11-06,358381,2024-11-06 19:40:58 UTC,P,,,2024-10-08,,,,,J1772COMBO,US,,,,Public,,public,,,CAR_DEALER,,,,,,,,,,,,,,,,,false,,,,,,,,LD,false,
ELEC,Ford Charge - Kruse Ford Lincoln,1651 E College Dr,,Marshall,MN,56258,,888-357-1009,E,,Public,24 hours daily,A D Debit M V,,,,,,2,,FORD_CHARGE,https://www.ford.com/support/category/electric-vehicle/charging/public-charging/,GPS,44.45150677,-95.75121936,2024-11-06,358382,2024-11-06 19:40:58 UTC,P,,,2024-10-08,,,,,J1772COMBO,US,,,,Public,,public,,,CAR_DEALER,,,,,,,$0.60 per kWh,,,,,,,,,,false,,,,,,,,LD,false,
ELEC,Ford Charge - Weelborg Ford,1307 E Bridge St,,Redwood Falls,MN,56283,,888-357-1009,E,,Public,24 hours daily,A D Debit M V,,,,,,4,,FORD_CHARGE,https://www.ford.com/support/category/electric-vehicle/charging/public-charging/,GPS,44.54185982,-95.09211866,2024-11-06,358383,2024-11-06 19:40:58 UTC,P,,,2024-10-08,,,,,J1772COMBO,US,,,,Public,,public,,,CAR_DEALER,,,,,,,$0.50 per kWh,,,,,,,,,,false,,,,,,,,LD,false,
ELEC,LUNDS FOODS LUND PENFIELD 2,501 Robert St N,Located within customer parking ramp.  Enter ramp from Robert Street.  Station located on south wall inside ramp,St Paul,MN,55101,,888-758-4389,T,2024-12-10,TEMPORARILY UNAVAILABLE (Public),Mon 6:00am - 8:00pm; Tue 6:00am - 8:00pm; Wed 6:00am - 8:00pm; Thu 6:00am - 8:00pm; Fri 6:00am - 8:00pm; Sat 6:00am - 8:00pm; Sun 6:00am - 8:00pm,,,,,,2,,,ChargePoint Network,http://www.chargepoint.com/,GPS,44.951462,-93.094966,2024-12-10,358446,2024-12-10 00:32:30 UTC,,,,2024-10-16,,,,,J1772,US,,,,TEMPORAIREMENT SUSPENDU (Public),,public,,,,,,,,,,,,,,,,,,,,,,,,,,,,,false,
ELEC,LUNDS FOODS STATION 2,7171 France Ave S,,Minneapolis,MN,55435,,888-758-4389,E,,Public,Mon 6:00am - 8:00pm; Tue 6:00am - 8:00pm; Wed 6:00am - 8:00pm; Thu 6:00am - 8:00pm; Fri 6:00am - 8:00pm; Sat 6:00am - 8:00pm; Sun 6:00am - 8:00pm,,,,,,2,,,ChargePoint Network,http://www.chargepoint.com/,GPS,44.873084,-93.327998,2024-12-10,358447,2024-12-10 00:32:31 UTC,,,,2024-10-16,,,,,J1772,US,,,,Public,,public,,,,,,,,,,,,,,,,,,,,,,,,,,,,,false,
ELEC,LUNDS FOODS STATION 1,7171 France Ave S,,Minneapolis,MN,55435,,888-758-4389,E,,Public,Mon 6:00am - 8:00pm; Tue 6:00am - 8:00pm; Wed 6:00am - 8:00pm; Thu 6:00am - 8:00pm; Fri 6:00am - 8:00pm; Sat 6:00am - 8:00pm; Sun 6:00am - 8:00pm,,,,,,2,,,ChargePoint Network,http://www.chargepoint.com/,GPS,44.873061,-93.32817,2024-12-10,358448,2024-12-10 00:32:57 UTC,,,,2024-10-16,,,,,J1772,US,,,,Public,,public,,,,,,,,,,,,,,,,,,,,,,,,,,,,,false,
ELEC,LUNDS FOODS LUNDS PENFIELD,501-517 Robert St N,Located within customer parking ramp.  Enter ramp from Robert Street.  Station located on south wall inside ramp,St Paul,MN,55101,,888-758-4389,T,2024-12-10,TEMPORARILY UNAVAILABLE (Public),Mon 6:00am - 8:00pm; Tue 6:00am - 8:00pm; Wed 6:00am - 8:00pm; Thu 6:00am - 8:00pm; Fri 6:00am - 8:00pm; Sat 6:00am - 8:00pm; Sun 6:00am - 8:00pm,,,,,,2,,,ChargePoint Network,http://www.chargepoint.com/,GPS,44.951523,-93.095084,2024-12-10,358449,2024-12-10 00:33:00 UTC,,,,2024-10-16,,,,,J1772,US,,,,TEMPORAIREMENT SUSPENDU (Public),,public,,,,,,,,,,,,,,,,,,,,,,,,,,,,,false,
ELEC,Element by Westin Mall of America - Tesla Destination,2400 E 82nd St,,Bloomington,MN,55425,,877-798-3752,E,,Public,,,,,,,4,,,Tesla Destination,https://www.tesla.com/destination-charging,GPS,44.85572,-93.237112,2024-07-01,358652,2024-12-02 21:45:51 UTC,P,,,2024-07-01,,,,,TESLA,US,,,,Public,,public,,,,,,,,,,Free,,,,,,,,,,,,,,,,,,,false,
ELEC,"Richfield, MN - Tesla Destination",7601  Penn Ave S,,Richfield,MN,55423,,877-798-3752,E,,Private,,,,,,,12,,,Non-Networked,,GPS,44.8641,-93.30556,2024-07-01,358657,2024-10-16 16:58:41 UTC,P,,,,,,,,J1772,US,,,,Privé,,private,,,,,,,,,,Free,,,,,,,,,,,,,,,,,,,false,
ELEC,Hertz Local Edition #7016 - Tesla Destination,2630 Coon Rapids Blvd,,Coon Rapids,MN,55433,,877-798-3752,E,,Private,,,,,,,2,,,Tesla Destination,https://www.tesla.com/destination-charging,GPS,45.169097,-93.334271,2024-07-01,359298,2024-12-02 21:45:51 UTC,P,,,2024-07-01,,,,,TESLA,US,,,,Privé,,private,,,,,,,,,,Free,,,,,,,,,,,,,,,,,,,false,
ELEC,The Hotel Landing - Tesla Destination,925 Lake St E,,Wayzata,MN,55391,,877-798-3752,E,,Public,,,,,,,3,,,Non-Networked,,GPS,44.967921,-93.505591,2024-07-01,359413,2024-10-16 16:58:41 UTC,P,,,,,,,,J1772,US,,,,Public,,public,,,,,,,,,,Free,,,,,,,,,,,,,,,,,,,false,
ELEC,Apadana Solar Technologies - Tesla Destination,3401 Nevada Ave N,,New Hope,MN,55427,,877-798-3752,E,,Private,,,,,,,1,,,Non-Networked,,GPS,45.019266,-93.374233,2024-07-01,359490,2024-10-16 16:58:41 UTC,P,,,,,,,,J1772,US,,,,Privé,,private,,,,,,,,,,Free,,,,,,,,,,,,,,,,,,,false,
ELEC,"Edina, MN (Pay to Park) - Tesla Destination",6400 France Ave S,,Edina,MN,55435,,877-798-3752,E,,Public,,,,,,,12,,,Non-Networked,,GPS,44.886355,-93.329387,2024-07-01,359679,2024-10-16 16:58:41 UTC,P,,,,,,,,J1772,US,,,,Public,,public,,,,,,,,,,Free,,,,,,,,,,,,,,,,,,,false,
ELEC,"Hampton Inn Eden Prairie Minneapolis, Mn - Tesla Destination",11825 Technology Dr.,,Eden Prairie,MN,55344,,877-798-3752,E,,Public,,,,,,,6,,,Tesla Destination,https://www.tesla.com/destination-charging,GPS,44.861408,-93.426688,2024-07-01,359755,2024-12-02 21:45:51 UTC,P,,,2024-07-01,,,,,J1772 TESLA,US,,,,Public,,public,,,,,,,,,,Free,,,,,,,,,,,,,,,,,,,false,
ELEC,Carpenter St. Croix Valley Nature Center Minnesota Campus - Tesla Destination,12805 St Croix Trail S,,Hastings,MN,55033,,877-798-3752,E,,Public,,,,,,,2,,,Tesla Destination,https://www.tesla.com/destination-charging,GPS,44.766526,-92.814444,2024-07-01,359777,2024-12-02 21:45:51 UTC,P,,,2024-07-01,,,,,J1772 TESLA,US,,,,Public,,public,,,,,,,,,,Free,,,,,,,,,,,,,,,,,,,false,
ELEC,The Colonnade - Tesla Destination,5500 Wayzata,,Golden Valley,MN,55416,,877-798-3752,E,,Public,,,,,,,6,,,Tesla Destination,https://www.tesla.com/destination-charging,GPS,44.971416,-93.35029,2024-07-01,359823,2024-12-02 21:45:51 UTC,P,,,2024-07-01,,,,,J1772 TESLA,US,,,,Public,,public,,,,,,,,,,Free,,,,,,,,,,,,,,,,,,,false,
ELEC,Best Western Plus Isanti - Tesla Destination,409 Main St E,,Isanti,MN,55040,,877-798-3752,E,,Public,,,,,,,1,,,Non-Networked,,GPS,45.489675,-93.238039,2024-07-01,359864,2024-10-16 16:58:41 UTC,P,,,,,,,,J1772,US,,,,Public,,public,,,,,,,,,,Free,,,,,,,,,,,,,,,,,,,false,
ELEC,Charger #1,12110 73rd St NE,,Otsego,MN,55330,,1-800-636-0986,E,,Public,,,,,,,2,,,CHARGELAB,http://www.chargelab.co/,GPS,45.25805683,-93.64099562,2024-12-09,360074,2024-12-09 04:16:58 UTC,,,,2024-10-17,,,,,J1772,US,,,,Public,,public,,,,,,,,,,,,,,,,,,,,,,,,,,,,,false,
ELEC,US LED,2890 Vicksburg Lane North,,Plymouth,MN,55447,,1-800-636-0986,E,,Public,,,,,,,1,,,CHARGELAB,http://www.chargelab.co/,GPS,45.01409687,-93.48110173,2024-12-09,360168,2024-12-09 04:17:25 UTC,,,,2024-10-17,,,,,J1772,US,,,,Public,,public,,,,,,,,,,,,,,,,,,,,,,,,,,,,,false,
ELEC,City of Duluth Medical District Ramp #1,302 East 1st Street,,Duluth,MN,55805,,1-888-493-3638,E,,Public,,,,,,,1,,,ZEFNET,https://www.zefenergy.com,GPS,46.79053,-92.09494,2024-12-09,360865,2024-12-09 04:03:17 UTC,,,,2024-10-26,,,,,J1772,US,,,,Public,,public,,,,,,,,,,,,,,,,,,,,,,,,,,,,,false,
ELEC,HENNEPIN COUNTY MAPLEGROVELIB 1,8001 Main St,,Maple Grove,MN,55369,,888-758-4389,E,,Public,24 hours daily,,,,,,2,,,ChargePoint Network,http://www.chargepoint.com/,GPS,45.102563,-93.44104,2024-12-10,360913,2024-12-10 02:16:24 UTC,,,,2024-10-29,,,,,J1772,US,,,,Public,,public,,,,,,,,,,,,,,,,,,,,,,,,,,,,,false,
ELEC,HENNEPIN COUNTY MAPLEGROVELIB 2,8001 Main St,,Maple Grove,MN,55369,,888-758-4389,E,,Public,24 hours daily,,,,,,2,,,ChargePoint Network,http://www.chargepoint.com/,GPS,45.102576,-93.440937,2024-12-10,360914,2024-12-10 02:16:24 UTC,,,,2024-10-29,,,,,J1772,US,,,,Public,,public,,,,,,,,,,,,,,,,,,,,,,,,,,,,,false,
ELEC,Bloomington Acura - DCFC,7801 Lyndale Avenue South,,Bloomington,MN,55420,,888-998-2546,E,,Public,24 hours daily,,,,,,,1,,Blink Network,http://www.blinkcharging.com/,GPS,44.86051287489448,-93.287542182902,2024-12-10,361065,2024-12-10 00:21:02 UTC,,,,2024-08-21,,,,,J1772COMBO,US,,,,Public,,public,,,,,,,,,,,,,,,,,,,,,,,,,,,,,false,
ELEC,Dave Syverson Ford,2310 East Main Street,,Albert Lea,MN,56007,,888-998-2546,T,2024-11-22,TEMPORARILY UNAVAILABLE (Public),24 hours daily,,,,,,,1,,Blink Network,http://www.blinkcharging.com/,GPS,43.655986311288636,-93.33423626113974,2024-12-10,361066,2024-12-10 00:25:22 UTC,,,,2024-10-30,,,,,J1772COMBO,US,,,,TEMPORAIREMENT SUSPENDU (Public),,public,,,,,,,,,,,,,,,,,,,,,,,,,,,,,false,
ELEC,League of Minnesota cities - Series,145 University Avenue West,,Saint Paul,MN,55103,,888-998-2546,E,,Public,24 hours daily,,,,,,1,,,Blink Network,http://www.blinkcharging.com/,GPS,44.9562497041027,-93.10652423223544,2024-12-10,361134,2024-12-10 00:09:26 UTC,,,,2024-10-31,,,,,J1772,US,,,,Public,,public,,,,,,,,,,,,,,,,,,,,,,,,,,,,,false,
ELEC,VLR Building B - Garage,720 Vikings Parkway,,Eagan,MN,55121,,855-885-9571,E,,Public,,,,,,,6,,,OpConnect,https://opconnect-ev.com,GPS,44.85714,-93.12496,2024-12-09,361192,2024-12-09 03:07:25 UTC,,,,2024-11-01,,,,,J1772,US,,,,Public,,public,,,,,,,,,,,,,,,,,,,,,,,,,,,,,false,
ELEC,VLR Building C - Garage,700 Vikings Parkway,,Eagan,MN,55121,,855-885-9571,E,,Public,,,,,,,6,,,OpConnect,https://opconnect-ev.com,GPS,44.85796,-93.12267,2024-12-09,361193,2024-12-09 03:07:25 UTC,,,,2024-11-01,,,,,J1772,US,,,,Public,,public,,,,,,,,,,,,,,,,,,,,,,,,,,,,,false,
ELEC,Luther Infiniti of Bloomington - DCFC,1500 West 81st Street,,Bloomington,MN,55431,,888-998-2546,E,,Public,24 hours daily,,,,,,,1,,Blink Network,http://www.blinkcharging.com/,GPS,44.85835995899854,-93.29920145852797,2024-12-10,361681,2024-12-10 00:11:12 UTC,,,,2024-11-04,,,,,J1772COMBO,US,,,,Public,,public,,,,,,,,,,,,,,,,,,,,,,,,,,,,,false,
ELEC,OLMSTED COUNTY PWSC-01,1188 50th Street SE,,Rochester,MN,55902,,888-758-4389,E,,Public,24 hours daily,,,,,,2,,,ChargePoint Network,http://www.chargepoint.com/,GPS,43.948787,-92.443275,2024-12-10,361810,2024-12-10 02:16:48 UTC,,,,2024-11-06,,,,,J1772,US,,,,Public,,public,,,,,,,,,,,,,,,,,,,,,,,,,,,,,false,
ELEC,McD #671 Jefferson,551 Jefferson St,,St. Paul,MN,55102,,877-455-3833,E,,Public,24 hours daily,,,,,,,4,,eVgo Network,https://www.evgo.com/,GPS,44.931107,-93.122372,2024-12-10,367658,2024-12-10 00:01:35 UTC,,,,2024-11-08,,,,,J1772COMBO,US,,,,Public,,public,,,,,,,,,,,,,,,,,,,,,,,,,,,,,false,
ELEC,MALL OF AMERICA MOA EAST P1 S,60 East Broadway East Parking Garage,,Bloomington,MN,55425,,888-758-4389,E,,Public,24 hours daily,,,,,,2,,,ChargePoint Network,http://www.chargepoint.com/,GPS,44.855003,-93.239362,2024-12-10,367700,2024-12-10 02:16:52 UTC,,,,2024-11-08,,,,,J1772,US,,,,Public,,public,,,,,,,,,,,,,,,,,,,,,,,,,,,,,false,
ELEC,MALL OF AMERICA MOA EAST P4 S,60 East Broadway East Parking Garage,,Bloomington,MN,55425,,888-758-4389,E,,Public,24 hours daily,,,,,,2,,,ChargePoint Network,http://www.chargepoint.com/,GPS,44.854908,-93.239368,2024-12-10,367701,2024-12-10 02:16:52 UTC,,,,2024-11-08,,,,,J1772,US,,,,Public,,public,,,,,,,,,,,,,,,,,,,,,,,,,,,,,false,
ELEC,MALL OF AMERICA MOA WEST P1 S,60 East Broadway West Parking Garage,,Bloomington,MN,55425,,888-758-4389,E,,Public,24 hours daily,,,,,,2,,,ChargePoint Network,http://www.chargepoint.com/,GPS,44.854589,-93.245091,2024-12-10,367702,2024-12-10 02:16:53 UTC,,,,2024-11-08,,,,,J1772,US,,,,Public,,public,,,,,,,,,,,,,,,,,,,,,,,,,,,,,false,
ELEC,MALL OF AMERICA MOA WEST P1 N,60 E Broadway West Parking Garage,,Bloomington,MN,55425,,888-758-4389,E,,Public,24 hours daily,,,,,,2,,,ChargePoint Network,http://www.chargepoint.com/,GPS,44.854697,-93.245033,2024-12-10,367703,2024-12-10 02:16:53 UTC,,,,2024-11-08,,,,,J1772,US,,,,Public,,public,,,,,,,,,,,,,,,,,,,,,,,,,,,,,false,
ELEC,MALL OF AMERICA MOA WEST P4 N,60 East Broadway West Parking Garage,,Bloomington,MN,55425,,888-758-4389,E,,Public,24 hours daily,,,,,,2,,,ChargePoint Network,http://www.chargepoint.com/,GPS,44.854599,-93.244869,2024-12-10,367704,2024-12-10 02:16:53 UTC,,,,2024-11-08,,,,,J1772,US,,,,Public,,public,,,,,,,,,,,,,,,,,,,,,,,,,,,,,false,
ELEC,MALL OF AMERICA MOA WEST P4 S,60 East Broadway West Parking Garage,,Bloomington,MN,55425,,888-758-4389,E,,Public,24 hours daily,,,,,,2,,,ChargePoint Network,http://www.chargepoint.com/,GPS,44.854517,-93.244888,2024-12-10,367705,2024-12-10 02:16:53 UTC,,,,2024-11-08,,,,,J1772,US,,,,Public,,public,,,,,,,,,,,,,,,,,,,,,,,,,,,,,false,
ELEC,MALL OF AMERICA MOA EAST P4 N,60 East Broadway East Parking Garage,,Bloomington,MN,55425,,888-758-4389,E,,Public,24 hours daily,,,,,,2,,,ChargePoint Network,http://www.chargepoint.com/,GPS,44.854932,-93.239393,2024-12-10,367708,2024-12-10 02:16:54 UTC,,,,2024-11-08,,,,,J1772,US,,,,Public,,public,,,,,,,,,,,,,,,,,,,,,,,,,,,,,false,
ELEC,ZEST ZEST 2,5426 Nicollet Avenue,Garage Spots 45 and 46,Minneapolis,MN,55419,,888-758-4389,E,,Public,24 hours daily,,,,,,2,,,ChargePoint Network,http://www.chargepoint.com/,GPS,44.90472,-93.27865,2024-12-10,367769,2024-12-10 02:01:37 UTC,,,,2024-11-09,,,,,J1772,US,,,,Public,,public,,,,,,,,,,,,,,,,,,,,,,,,,,,,,false,
ELEC,MARTINBLU SPOTS 201 & 202,14301 Martin Drive,Spots 201 & 202,Eden Prairie,MN,55344,,888-758-4389,E,,Public,24 hours daily,,,,,,2,,,ChargePoint Network,http://www.chargepoint.com/,GPS,44.863917,-93.458159,2024-12-10,367770,2024-12-10 02:01:58 UTC,,,,2024-11-09,,,,,J1772,US,,,,Public,,public,,,,,,,,,,,,,,,,,,,,,,,,,,,,,false,
ELEC,MARTINBLU SPOTS 142 & 144,14301 Martin Drive,Spots 142 & 144,Eden Prairie,MN,55344,,888-758-4389,E,,Public,24 hours daily,,,,,,2,,,ChargePoint Network,http://www.chargepoint.com/,GPS,44.863869,-93.458179,2024-12-10,367771,2024-12-10 02:02:48 UTC,,,,2024-11-09,,,,,J1772,US,,,,Public,,public,,,,,,,,,,,,,,,,,,,,,,,,,,,,,false,
ELEC,MARTINBLU SPOTS 203 & 204,14301 Martin Drive,Spots 203 & 204,Eden Prairie,MN,55344,,888-758-4389,E,,Public,24 hours daily,,,,,,2,,,ChargePoint Network,http://www.chargepoint.com/,GPS,44.864013,-93.458212,2024-12-10,367772,2024-12-10 02:02:49 UTC,,,,2024-11-09,,,,,J1772,US,,,,Public,,public,,,,,,,,,,,,,,,,,,,,,,,,,,,,,false,
ELEC,"Menards Alexandria 3183 (Alexandria, MN)",215 50th Ave W,,Alexandria,MN,56308,,833-632-2778,E,,Public,24 hours daily,,,,,,,6,,Electrify America,https://www.electrifyamerica.com/,GPS,45.84646,-95.38148,2024-12-09,367927,2024-12-09 03:00:47 UTC,,,,2024-11-14,,,,,J1772COMBO,US,,,,Public,,public,,,,,,,,,,,,,,,,,,,,,,,,,,,,,false,
ELEC,SOUTH 1,375 5th Avenue Northwest,PENTAIR EMPLOYEES ONLY,New Brighton,MN,55112,,888-758-4389,E,,Public,24 hours daily,,,,,,1,,,ChargePoint Network,http://www.chargepoint.com/,GPS,45.054775,-93.19261,2024-12-10,371400,2024-12-10 02:15:38 UTC,,,,2024-11-16,,,,,J1772,US,,,,Public,,public,,,,,,,,,,,,,,,,,,,,,,,,,,,,,false,
ELEC,3M 236 STATION #3,240 Avenue K,,Maplewood,MN,55119,,888-758-4389,E,,Public,24 hours daily,,,,,,2,,,ChargePoint Network,http://www.chargepoint.com/,GPS,44.954259,-92.987674,2024-12-10,371422,2024-12-10 02:17:00 UTC,,,,2024-11-16,,,,,J1772,US,,,,Public,,public,,,,,,,,,,,,,,,,,,,,,,,,,,,,,false,
ELEC,DAIKIN APPLIED DAIKIN 4,13600 Industrial Park Blvd,,Plymouth,MN,55441,,888-758-4389,E,,Public,24 hours daily,,,,,,2,,,ChargePoint Network,http://www.chargepoint.com/,GPS,45.0038,-93.452962,2024-12-10,371714,2024-12-10 00:48:29 UTC,,,,2024-11-21,,,,,J1772,US,,,,Public,,public,,,,,,,,,,,,,,,,,,,,,,,,,,,,,false,
ELEC,DAIKIN APPLIED DAIKIN 5,13600 Industrial Park Blvd,,Plymouth,MN,55441,,888-758-4389,E,,Public,24 hours daily,,,,,,2,,,ChargePoint Network,http://www.chargepoint.com/,GPS,45.00375,-93.452923,2024-12-10,371715,2024-12-10 00:48:31 UTC,,,,2024-11-21,,,,,J1772,US,,,,Public,,public,,,,,,,,,,,,,,,,,,,,,,,,,,,,,false,
ELEC,DAIKIN APPLIED DAIKIN 3,13600 Industrial Park Blvd,,Plymouth,MN,55441,,888-758-4389,E,,Public,24 hours daily,,,,,,2,,,ChargePoint Network,http://www.chargepoint.com/,GPS,45.003828,-93.452902,2024-12-10,371716,2024-12-10 00:48:31 UTC,,,,2024-11-21,,,,,J1772,US,,,,Public,,public,,,,,,,,,,,,,,,,,,,,,,,,,,,,,false,
ELEC,DAIKIN APPLIED DAIKIN 1,13600 Industrial Park Blvd,,Minneapolis,MN,55441,,888-758-4389,E,,Public,24 hours daily,,,,,,2,,,ChargePoint Network,http://www.chargepoint.com/,GPS,45.00453,-93.45237,2024-12-10,371717,2024-12-10 00:49:18 UTC,,,,2024-11-21,,,,,J1772,US,,,,Public,,public,,,,,,,,,,,,,,,,,,,,,,,,,,,,,false,
ELEC,DAIKIN APPLIED DAIKIN 2,13600 Industrial Park Blvd,,Plymouth,MN,55441,,888-758-4389,E,,Public,24 hours daily,,,,,,2,,,ChargePoint Network,http://www.chargepoint.com/,GPS,45.003787,-93.452875,2024-12-10,371718,2024-12-10 00:49:49 UTC,,,,2024-11-21,,,,,J1772,US,,,,Public,,public,,,,,,,,,,,,,,,,,,,,,,,,,,,,,false,
ELEC,PARKING LOT LSC WEST,2450 Sioux Trail Northwest,This station is on the north side of the south parking lot.,Prior Lake,MN,55372,,888-758-4389,E,,Public,24 hours daily,,,,,,2,,,ChargePoint Network,http://www.chargepoint.com/,GPS,44.736414,-93.47561,2024-12-10,371792,2024-12-10 02:16:44 UTC,,,,2024-11-22,,,,,J1772,US,,,,Public,,public,,,,,,,,,,,,,,,,,,,,,,,,,,,,,false,
ELEC,Mill on Main,704 1st Drive Northwest,,Austin,MN,55912,,888-998-2546,E,,Public,24 hours daily,,,,,,2,,,Blink Network,http://www.blinkcharging.com/,GPS,43.672647473972916,-92.9761352620058,2024-12-10,371854,2024-12-10 00:12:47 UTC,,,,2024-04-17,,,,,J1772,US,,,,Public,,public,,,,,,,,,,,,,,,,,,,,,,,,,,,,,false,
ELEC,PARKING LOT HOCOKATA TI LLE,2300 Tiwahe Circle,This station is on the south side of the lower parking lot.,Shakopee,MN,55379,,888-758-4389,E,,Public,Mon 6:00am - 8:00pm; Tue 6:00am - 8:00pm; Wed 6:00am - 8:00pm; Thu 6:00am - 8:00pm; Fri 6:00am - 8:00pm; Sat 6:00am - 8:00pm; Sun 6:00am - 8:00pm,,,,,,2,,,ChargePoint Network,http://www.chargepoint.com/,GPS,44.758759,-93.46322,2024-12-10,372004,2024-12-10 02:16:45 UTC,,,,2024-11-27,,,,,J1772,US,,,,Public,,public,,,,,,,,,,,,,,,,,,,,,,,,,,,,,false,
ELEC,PARKING LOT HOCOKATA TI LLW,2300 Tiwahe Circle,This station is on the south side of the lower parking lot.,Shakopee,MN,55379,,888-758-4389,E,,Public,Mon 6:00am - 8:00pm; Tue 6:00am - 8:00pm; Wed 6:00am - 8:00pm; Thu 6:00am - 8:00pm; Fri 6:00am - 8:00pm; Sat 6:00am - 8:00pm; Sun 6:00am - 8:00pm,,,,,,2,,,ChargePoint Network,http://www.chargepoint.com/,GPS,44.758738,-93.463293,2024-12-10,372005,2024-12-10 02:16:45 UTC,,,,2024-11-27,,,,,J1772,US,,,,Public,,public,,,,,,,,,,,,,,,,,,,,,,,,,,,,,false,
ELEC,EPCC-1 CITY DC FAST 2,8080 Mitchell Rd,,Eden Prairie,MN,55344,,888-758-4389,T,2024-12-08,TEMPORARILY UNAVAILABLE (Public),24 hours daily,,,,,,,1,,ChargePoint Network,http://www.chargepoint.com/,GPS,44.855735,-93.462115,2024-12-10,372532,2024-12-10 02:17:04 UTC,,,,2024-12-06,,,,,CHADEMO J1772COMBO,US,,,,TEMPORAIREMENT SUSPENDU (Public),,public,,,,,,,,,,,,,,,,,,,,,,,,,,,,,false,
ELEC,EPCC-1 CITY DC FAST 1,8080 Mitchell Rd,,Eden Prairie,MN,55344,,888-758-4389,E,,Public,24 hours daily,,,,,,,1,,ChargePoint Network,http://www.chargepoint.com/,GPS,44.855739,-93.462063,2024-12-10,372533,2024-12-10 02:17:04 UTC,,,,2024-12-06,,,,,CHADEMO J1772COMBO,US,,,,Public,,public,,,,,,,,,,,,,,,,,,,,,,,,,,,,,false,
ELEC,AU Office Lvl 2,1908 14th Street Northeast,,Austin,MN,55912,,1-888-493-3638,E,,Public,,,,,,,1,,,ZEFNET,https://www.zefenergy.com,GPS,43.68694,-92.95303,2024-12-09,372586,2024-12-09 04:03:49 UTC,,,,2024-12-06,,,,,J1772,US,,,,Public,,public,,,,,,,,,,,,,,,,,,,,,,,,,,,,,false,
ELEC,BIGOS EV CT4000,200 University Ave SE,Inside Garage,Minneapolis,MN,55414,,888-758-4389,E,,Public,24 hours daily,,,,,,2,,,ChargePoint Network,http://www.chargepoint.com/,GPS,44.98595,-93.253257,2024-12-10,372619,2024-12-10 01:17:56 UTC,,,,2024-12-07,,,,,J1772,US,,,,Public,,public,,,,,,,,,,,,,,,,,,,,,,,,,,,,,false,
ELEC,PARKING LOT HOCOKATA TI ULW,2300 Tiwahe Cir,Cultural Center Upper Lot N,Shakopee,MN,55379,,888-758-4389,E,,Public,Mon 6:00am - 8:00pm; Tue 6:00am - 8:00pm; Wed 6:00am - 8:00pm; Thu 6:00am - 8:00pm; Fri 6:00am - 8:00pm; Sat 6:00am - 8:00pm; Sun 6:00am - 8:00pm,,,,,,2,,,ChargePoint Network,http://www.chargepoint.com/,GPS,44.758509,-93.463325,2024-12-10,372697,2024-12-10 02:17:38 UTC,,,,2024-12-10,,,,,J1772,US,,,,Public,,public,,,,,,,,,,,,,,,,,,,,,,,,,,,,,false,
ELEC,PARKING LOT HOCOKATA TI ULE,2300 Tiwahe Cir,Cultural Center Upper Lot S,Shakopee,MN,55379,,888-758-4389,E,,Public,Mon 6:00am - 8:00pm; Tue 6:00am - 8:00pm; Wed 6:00am - 8:00pm; Thu 6:00am - 8:00pm; Fri 6:00am - 8:00pm; Sat 6:00am - 8:00pm; Sun 6:00am - 8:00pm,,,,,,2,,,ChargePoint Network,http://www.chargepoint.com/,GPS,44.758453,-93.463293,2024-12-10,372698,2024-12-10 02:17:39 UTC,,,,2024-12-10,,,,,J1772,US,,,,Public,,public,,,,,,,,,,,,,,,,,,,,,,,,,,,,,false,
ELEC,ST LOUIS PARK AQUILA PARK STN,8400 W 33rd St,,St. Louis Park,MN,55426,,888-758-4389,E,,Public,24 hours daily,,,,,,2,,,ChargePoint Network,http://www.chargepoint.com/,GPS,44.945734,-93.385942,2024-12-10,372701,2024-12-10 02:17:40 UTC,,,,2024-12-10,,,,,J1772,US,,,,Public,,public,,,,,,,,,,,,,,,,,,,,,,,,,,,,,false,
