Fuel Type Code,Station Name,Street Address,City,State,ZIP,Station Phone,Groups With Access Code,Access Days Time,EV Network,Latitude,Longitude,Status Code
ELEC,City of Champaign - Hill Street Parking Deck,123 W Hill St,Champaign,IL,61820,217-403-4700,Public,24 hours daily; pay lot,Non-Networked,40.119161,-88.244185,E
ELEC,INTERPARK 50 EAST OHIO 2,50 E Ohio St,Chicago,IL,60611,888-758-4389,TEMPORARILY UNAVAILABLE (Public),24 hours daily; Drivers must bring their own J1772 cordset for Level 1 charging,ChargePoint Network,41.892757,-87.626038,T
ELEC,City Hall Annex - Town of Normal,100 E Phoenix Ave,Normal,IL,61761,309-454-2444,Public,24 hours daily,Non-Networked,40.507796,-88.982897,E
ELEC,College Avenue Parking Deck,101 W Mulberry St,Normal,IL,61761,309-454-2444,Public,24 hours daily; parking fee,Non-Networked,40.511172,-88.984985,E
ELEC,State of Illinois - Governor's Mansion,401-499 E Edwards St,Springfield,IL,62703,,Private,For state vehicle use only,Non-Networked,39.79628,-89.6504,E
ELEC,O'Hare Airport,10000 W O'Hare Ave,Chicago,IL,60666,800-832-6352,Public - Credit card at all times,24 hours daily; pay lots,Non-Networked,41.97850582311076,-87.90328000006105,E
ELEC,Town of Normal - Fire Department Headquarters,606 S Main St,Normal,IL,61761,,Private,,Non-Networked,40.505132,-88.994211,E
ELEC,Town of Normal - Public Works Department,1301 Warriner,Normal,IL,61761,309-454-9590,Public,24 hours daily,Non-Networked,40.496969,-89.004735,E
ELEC,Beaufort Street Parking Deck,211 W Beaufort St,Normal,IL,61761,309-454-9590,Public,24 hours daily; pay lot; Drivers must bring their own J1772 cordset for Level 1 charging,Non-Networked,40.507954,-88.986429,E
ELEC,Heartland Community College - Workforce Development Center,1500 W Raab Rd,Normal,IL,61761,309-268-8000,Public,Restricted to College hours,Non-Networked,40.535456,-89.013791,E
ELEC,Heartland Community College - Astroth Community Education Center,1500 W Raab Rd,Normal,IL,61761,309-268-8000,Public,College business hours,Non-Networked,40.534785,-89.011493,E
ELEC,Great Escape Restaurant,9540 W Irving Park Rd,Schiller Park,IL,60176,847-671-7171,Public,Restaurant business hours; customer use only,Non-Networked,41.955233,-87.865268,E
ELEC,City of Rock Island Parking Ramp,16th St & 3rd Ave,Rock Island,IL,61201,309-732-2200,TEMPORARILY UNAVAILABLE (Public),Garage business hours; pay lot,Non-Networked,41.509406,-90.577025,T
ELEC,Mike Miller Mitsubishi,2007 W Pioneer Pkwy,Peoria,IL,61615,877-273-0662,Public - Call ahead,Dealership business hours; Mitsubishi vehicle use only,Non-Networked,40.784164,-89.623657,E
ELEC,Arlington Nissan,1100 W Dundee Rd,Arlington Heights,IL,60004,847-590-6100,Public - Call ahead,Dealership business hours,Non-Networked,42.139843,-87.996655,E
ELEC,Arlington Nissan,1100 W Dundee Rd,Arlington Heights,IL,60004,847-590-6100,Private,,Non-Networked,42.139843,-87.996655,E
ELEC,O'Brien Nissan,2029 Ireland Grove Rd,Bloomington,IL,61704,309-664-1222,Public - Call ahead,Dealership business hours,Non-Networked,40.459154,-88.966191,E
ELEC,O'Brien Nissan,2029 Ireland Grove Rd,Bloomington,IL,61704,309-664-1222,Private,,Non-Networked,40.459154,-88.966191,E
ELEC,Hove Buick-Nissan,1405 N Kinzie,Bradley,IL,60915,815-932-8600,Private,,Non-Networked,41.154031,-87.851483,E
ELEC,Monken Nissan - Centralia,1739 W McCord St,Centralia,IL,62801,618-545-5100,Public - Call ahead,Dealership business hours,Non-Networked,38.533452,-89.172979,E
ELEC,Continental Nissan,5750 S La Grange Rd,Countryside,IL,60525,708-352-9200,Public - Call ahead,Dealership business hours,Non-Networked,41.78586,-87.8685,E
ELEC,Continental Nissan,5750 S La Grange Rd,Countryside,IL,60525,708-352-9200,Private,,Non-Networked,41.78586,-87.8685,E
ELEC,Jim M'Lady Nissan,5656 Northwest Hwy,Crystal Lake,IL,60014,,Public - Call ahead,Dealership business hours; contact 815-459-2288 for more information,Non-Networked,42.226647,-88.306745,E
ELEC,Jim M'Lady Nissan,5656 Northwest Hwy,Crystal Lake,IL,60014,,Private,,Non-Networked,42.226647,-88.306745,E
ELEC,Crown Nissan - Decatur,165 W Pershing Rd,Decatur,IL,62526,217-877-4440,Public - Call ahead,Dealership business hours,Non-Networked,39.876,-88.95908,E
ELEC,Crown Nissan - Decatur,165 W Pershing Rd,Decatur,IL,62526,217-877-4440,Private,,Non-Networked,39.876,-88.95908,E
ELEC,Ken Nelson Auto Plaza,928 N Galena Ave,Dixon,IL,61021,815-288-4455,Public - Call ahead,Dealership business hours,Non-Networked,41.856583,-89.489398,E
ELEC,Bill Kay's Nissan - Downers Grove,1601 Ogden Ave,Downers Grove,IL,60515,630-969-3200,Public - Call ahead,Dealership business hours,Non-Networked,41.807887,-88.024848,E
ELEC,Bill Kay's Nissan - Downers Grove,1601 Ogden Ave,Downers Grove,IL,60515,630-969-3200,Private,,Non-Networked,41.807887,-88.024848,E
ELEC,McGrath Nissan,945 E Chicago St,Elgin,IL,60120,847-888-2030,Public - Call ahead,Dealership business hours,Non-Networked,42.033769,-88.255193,E
ELEC,McGrath Nissan,945 E Chicago St,Elgin,IL,60120,847-888-2030,Private,,Non-Networked,42.033769,-88.255193,E
ELEC,The Autobarn Nissan,1012 Chicago Ave,Evanston,IL,60202,847-475-8200,Private,,Non-Networked,42.03616,-87.680149,E
ELEC,Galesburg Nissan,2080 N Henderson St,Galesburg,IL,61401,309-342-4121,Public - Call ahead,Dealership business hours,Non-Networked,40.973058,-90.383695,E
ELEC,KANE COUNTY KANE COURTHOUSE,100 S 3rd St,Geneva,IL,60134,888-758-4389,Public,24 hours daily,ChargePoint Network,41.886523,-88.309239,E
ELEC,Glendale Nissan,484 North Ave,Glendale Heights,IL,60139,630-469-6100,Public - Call ahead,Dealership business hours,Non-Networked,41.904021,-88.068043,E
ELEC,Glendale Nissan,484 North Ave,Glendale Heights,IL,60139,630-469-6100,Private,,Non-Networked,41.904021,-88.068043,E
ELEC,Gerald Nissan - North Aurora,213 Hansen Blvd,North Aurora,IL,60542,630-907-0800,Public - Call ahead,Dealership business hours,Non-Networked,41.79828,-88.37145,E
ELEC,Gerald Nissan - North Aurora,213 Hansen Blvd,North Aurora,IL,60542,630-907-0800,Private,,Non-Networked,41.79828,-88.37145,E
ELEC,Nissan of St Charles,2535 E Main St,St. Charles,IL,60174,630-584-3900,Public - Call ahead,Dealership business hours,Non-Networked,41.920486,-88.284011,E
ELEC,Nissan of St Charles,2535 E Main St,St. Charles,IL,60174,630-584-3900,Private,,Non-Networked,41.920486,-88.284011,E
ELEC,Carle BroMenn Medical Center,610 W Virginia Ave,Normal,IL,61761,309-454-1400,Public,24 hours daily; see front desk to access,Non-Networked,40.49813,-88.991628,E
ELEC,Martin Nissan,5240 Golf Rd,Skokie,IL,60077,847-965-3460,Public - Call ahead,Dealership business hours,Non-Networked,42.05569,-87.75808,E
ELEC,Martin Nissan,5240 Golf Rd,Skokie,IL,60077,847-965-3460,Private,,Non-Networked,42.05569,-87.75808,E
ELEC,Nissan of South Holland,16269 Van Dam Rd,South Holland,IL,60473,708-333-2000,Public - Call ahead,Dealership business hours,Non-Networked,41.598505,-87.5824,E
ELEC,Nissan of South Holland,16269 Van Dam Rd,South Holland,IL,60473,708-333-2000,Private,,Non-Networked,41.598505,-87.5824,E
ELEC,Green Nissan,4801 W Wabash Ave,Springfield,IL,62711,217-787-7620,Public - Call ahead,Dealership business hours,Non-Networked,39.757002,-89.740821,E
ELEC,Green Nissan,4801 W Wabash Ave,Springfield,IL,62711,217-787-7620,Private,,Non-Networked,39.757002,-89.740821,E
ELEC,Woodfield Nissan,700 W Higgins Rd,Hoffman Estates,IL,60169,847-310-1900,Public - Call ahead,Dealership business hours,Non-Networked,42.050116,-88.097379,E
ELEC,Woodfield Nissan,700 W Higgins Rd,Hoffman Estates,IL,60169,847-310-1900,Private,,Non-Networked,42.050116,-88.097379,E
ELEC,Thomas Nissan - Joilet,1421 N Larkin Ave,Joliet,IL,60435,815-741-5353,Public - Call ahead,Dealership business hours,Non-Networked,41.548858,-88.12682,E
ELEC,Thomas Nissan - Joilet,1421 N Larkin Ave,Joliet,IL,60435,815-741-5353,Private,,Non-Networked,41.548858,-88.12682,E
ELEC,Liberty Nissan,920 S Milwaukee Ave,Libertyville,IL,60048,847-680-8000,Public - Call ahead,Dealership business hours,Non-Networked,42.271355,-87.949478,E
ELEC,Liberty Nissan,920 S Milwaukee Ave,Libertyville,IL,60048,847-680-8000,Private,,Non-Networked,42.271355,-87.949478,E
ELEC,Anderson Nissan,6555 E State St,Rockford,IL,61108,815-633-3460,Public - Call ahead,Dealership business hours,Non-Networked,42.267854,-88.98865,E
ELEC,Nissan of Marian,3209 Banterra Dr,Marion,IL,62959,618-993-5000,Private,,Non-Networked,37.74626,-88.985731,E
ELEC,Hawkinson Nissan,5513 Miller Cir Dr,Matteson,IL,60443,708-720-4800,Public - Call ahead,Dealership business hours,Non-Networked,41.505031,-87.748285,E
ELEC,Hawkinson Nissan,5513 Miller Cir Dr,Matteson,IL,60443,708-720-4800,Private,,Non-Networked,41.505031,-87.748285,E
ELEC,KC Summers Nissan,2404 Lake Land Blvd,Mattoon,IL,61938,217-235-4136,Public - Call ahead,Dealership business hours,Non-Networked,39.45973,-88.37647,E
ELEC,KC Summers Nissan,2404 Lake Land Blvd,Mattoon,IL,61938,217-235-4136,Private,,Non-Networked,39.45973,-88.37647,E
ELEC,Al Piemonte Nissan,1600 W North Ave,Melrose Park,IL,60160,708-343-3800,Public - Call ahead,Dealership business hours,Non-Networked,41.90699,-87.85403,E
ELEC,Al Piemonte Nissan,1600 W North Ave,Melrose Park,IL,60160,708-343-3800,Private,,Non-Networked,41.90699,-87.85403,E
ELEC,Courtesy Car City,2301 39th Ave,Moline,IL,61265,309-764-6700,Public - Call ahead,Dealership business hours,Non-Networked,41.473755,-90.504579,E
ELEC,Courtesy Car City,2301 39th Ave,Moline,IL,61265,309-764-6700,Private,,Non-Networked,41.473755,-90.504579,E
ELEC,Gerald Nissan,1575 W Ogden Ave,Naperville,IL,60540,630-355-3337,Public - Call ahead,Dealership business hours,Non-Networked,41.76702,-88.18772,E
ELEC,Gerald Nissan,1575 W Ogden Ave,Naperville,IL,60540,630-355-3337,Private,,Non-Networked,41.76702,-88.18772,E
ELEC,Star Nissan,5757 W Touhy Ave,Niles,IL,60714,847-647-1555,Public - Call ahead,Dealership business hours,Non-Networked,42.01155,-87.771151,E
ELEC,Star Nissan,5757 W Touhy Ave,Niles,IL,60714,847-647-1555,Private,,Non-Networked,42.01155,-87.771151,E
ELEC,Kelly Nissan,4300 W 95th St,Oak Lawn,IL,60453,708-499-1000,Public - Call ahead,Dealership business hours,Non-Networked,41.720728,-87.728594,E
ELEC,Kelly Nissan,4300 W 95th St,Oak Lawn,IL,60453,708-499-1000,Private,,Non-Networked,41.720728,-87.728594,E
ELEC,Orland Park Nissan,8550 W 159th St,Orland Park,IL,60462,708-403-1300,Public - Call ahead,Dealership business hours,Non-Networked,41.602458,-87.827796,E
ELEC,Orland Park Nissan,8550 W 159th St,Orland Park,IL,60462,708-403-1300,Private,,Non-Networked,41.602458,-87.827796,E
ELEC,Uftring Nissan,7400 N Allen Rd,Peoria,IL,61614,309-690-6200,Public - Call ahead,Dealership business hours,Non-Networked,40.777601,-89.630469,E
ELEC,JP Motors,3675 Frontage Rd,Peru,IL,61354,815-223-7000,Public - Call ahead,Dealership business hours,Non-Networked,41.35242,-89.12457,E
ELEC,JP Motors,3675 Frontage Rd,Peru,IL,61354,815-223-7000,Private,,Non-Networked,41.35242,-89.12457,E
ELEC,Autocenters Nissan,1825 E Edwardsville Rd,Wood River,IL,62095,618-251-3000,Public - Call ahead,Dealership business hours,Non-Networked,38.85882,-90.06678,E
ELEC,Vision Care Associates,4933 Benchmark Centre Dr,Swansea,IL,62226,,Private,For client use only,Non-Networked,38.571138,-89.96433,E
ELEC,Lang's Auto Service,4947 Main St,Downers Grove,IL,60515,,Private,,Non-Networked,41.796821,-88.010142,E
ELEC,Prairie Trail School,13600 W Wadsworth Rd,Wadsworth,IL,60083,847-623-4333,TEMPORARILY UNAVAILABLE (Public),24 hours daily,Non-Networked,42.432421,-87.896197,T
ELEC,City of Alton - City Hall,101 E 3rd St,Alton,IL,62002,618-463-3500,Public,24 hours daily,Non-Networked,38.890647,-90.183944,E
ELEC,Libertyville Mitsubishi,1119 S Milwaukee Ave,Libertyville,IL,60048,,Private,Dealership business hours; for service use only,Non-Networked,42.26795,-87.950908,E
ELEC,City of Bloomington - Lincoln Parking Deck,105 E Front,Bloomington,IL,61701,309-434-2220,Public,24 hours daily; pay lot,Non-Networked,40.478605,-88.993139,E
ELEC,Vogler Motor Co,1170 E Main St,Carbondale,IL,62901,618-457-8135,Public - Call ahead,Dealership business hours; contact in advance,Non-Networked,37.730396,-89.19403,E
ELEC,Uptown Station Parking Deck,11 Uptown Cir,Normal,IL,61761,309-454-9590,Public,24 hours daily; pay lot,Non-Networked,40.508628,-88.984814,E
ELEC,FVRC UNIT 1 CAROL STREAM PK,910 N Gary Ave,Carol Stream,IL,60188,888-758-4389,Public,24 hours daily,ChargePoint Network,41.928005,-88.121847,E
ELEC,ABT ELECTRONICS ABT #1,1200 Milwaukee Ave,Glenview,IL,60025,888-758-4389,Public,24 hours daily,ChargePoint Network,42.078903,-87.863167,E
ELEC,Lewis & Clark Community College,5800 Godfrey Rd,Godfrey,IL,62035,618-468-2782,Public,24 hours daily; visit security desk after normal business hours to use,Non-Networked,38.950131,-90.195222,E
ELEC,CITYHPIL PORT CLINTON SQ,600 Central Ave,Highland Park,IL,60035,888-758-4389,Public,24 hours daily,ChargePoint Network,42.184825,-87.799718,E
ELEC,VILLAGE STATION SEARLE PARKWAY,8156 Skokie Blvd,Skokie,IL,60077,888-758-4389,Public,24 hours daily,ChargePoint Network,42.029866,-87.747938,E
ELEC,Golf Mill Ford,9401 N Milwaukee Ave,Niles,IL,60714,847-470-9800,Public - Call ahead,Dealership business hours,Non-Networked,42.051495,-87.833913,E
ELEC,LF CITY HALL CITY HALL LOT,220 E Deerpath Rd,Lake Forest,IL,60045,888-758-4389,Public,24 hours daily,ChargePoint Network,42.251844,-87.842189,E
ELEC,JT JR COLLEGE STATION 01,Joliet Jr College,Joliet,IL,60431,888-758-4389,Public,24 hours daily,ChargePoint Network,41.504261,-88.177527,E
ELEC,900 SELF PARK PLUG AND SHOP 2,911 N. Rush St.,Chicago,IL,60611,888-758-4389,Public,24 hours daily,ChargePoint Network,41.89976,-87.626372,E
ELEC,ASF-KEYSTONE AMSTED RAIL,1000-1080 Niedringhaus Ave,Granite City,IL,62040,888-758-4389,Public,24 hours daily,ChargePoint Network,38.701351,-90.160186,E
ELEC,EVSP WALGREENS STORE 15364,635 Chicago Ave,Evanston,IL,60202,888-758-4389,Public,24 hours daily,ChargePoint Network,42.03007,-87.678149,E
ELEC,3RD FLOOR GREENWAY-3,60 W Kinzie St,Chicago,IL,60661,888-758-4389,Public,24 hours daily,ChargePoint Network,41.889356,-87.630403,E
ELEC,"EVANSTON, IL MAPLE AV GARAGE",1810 Maple Ave,Evanston,IL,60202,888-758-4389,Public,24 hours daily,ChargePoint Network,42.050171,-87.685127,E
ELEC,BILL JACOBS BMW STATION 01,2495 Aurora Ave,Naperville,IL,60540,888-758-4389,Public,24 hours daily,ChargePoint Network,41.76393,-88.19425,E
ELEC,PARKING A MAIN GARAGE,5841 S Maryland Ave,Chicago,IL,60637,888-758-4389,Public,24 hours daily,ChargePoint Network,41.78872,-87.60502,E
ELEC,PARKING A DREXEL GARAGE,6054-6098 S Drexel Ave,Chicago,IL,60637,888-758-4389,Public,24 hours daily,ChargePoint Network,41.784474,-87.604518,E
ELEC,Kankakee Community College - North Extension Center,450 N Kinzie Ave,Bradley,IL,60915,815-802-8100,Public,24 hours daily,Non-Networked,41.150316,-87.850309,E
ELEC,Western Avenue Nissan,7410 S Western Ave,Chicago,IL,60636,773-776-8200,Public - Call ahead,Dealership business hours,Non-Networked,41.758552,-87.683346,E
ELEC,PARKING GARAGE 111SW STATION 2,111 S Wacker Dr,Chicago,IL,60606,888-758-4389,TEMPORARILY UNAVAILABLE (Public),24 hours daily,ChargePoint Network,41.880164,-87.636483,T
ELEC,FVIA FVIA,1996 S Kirk Rd,Geneva,IL,60134,888-758-4389,TEMPORARILY UNAVAILABLE (Public),24 hours daily,ChargePoint Network,41.872216,-88.279761,T
ELEC,HOOTERS COUNTRYSIDE,5925 South La Grange Road,Countryside,IL,60525,888-758-4389,Public,24 hours daily,ChargePoint Network,41.781666,-87.867545,E
ELEC,Illinois State University - Bone Center,100 N University St,Normal,IL,61761,309-438-4636,Public,24 hours daily,Non-Networked,40.511327,-88.992281,E
ELEC,Illinois State University - Science Lab,342 W North St,Normal,IL,61761,309-438-2111,Public,24 hours daily,Non-Networked,40.509949,-88.987348,E
ELEC,Illinois State University - The Alamo,319 W North St,Normal,IL,61761,309-452-7400,Public,24 hours daily,Non-Networked,40.509305,-88.988675,E
ELEC,City of Bloomington - Pepsi Ice Center,201 S Roosevelt Ave,Bloomington,IL,61701,309-434-2737,Public,24 hours daily,Non-Networked,40.477258,-88.996413,E
ELEC,McLean County,201 E Washington St,Bloomington,IL,61701,812-349-3400,Public,24 hours daily,Non-Networked,40.479431,-88.992463,E
ELEC,McLean County - Chamber of Commerce,2203 E Empire St,Bloomington,IL,61704,309-829-6324,Public,24 hours daily,Non-Networked,40.487971,-88.945226,E
ELEC,Illinois Wesleyan University,1211 N Park St,Bloomington,IL,61701,309-556-1000,Public,24 hours daily,Non-Networked,40.489833,-88.989421,E
ELEC,Commerce Bank,1500 E College,Normal,IL,61761,800-453-2265,Public,24 hours daily,Non-Networked,40.510935,-88.960112,E
ELEC,Holiday Inn Express,1715 Parkway Plaza,Normal,IL,61761,309-862-1800,Public,24 hours daily; guest use only,Non-Networked,40.513574,-88.949758,E
ELEC,Carle BroMenn,1304 Franklin,Normal,IL,61761,309-454-0755,Public,24 hours daily,Non-Networked,40.496332,-88.99096,E
ELEC,Carle BroMenn,1304 Franklin,Normal,IL,61761,309-454-0755,Private,Employee use only,Non-Networked,40.496332,-88.99096,E
ELEC,Westminster Village,2025 E Lincoln,Bloomington,IL,61701,309-663-6474,Public,24 hours daily,Non-Networked,40.466548,-88.960584,E
ELEC,Marriott Hotel and Conference Center,201 Broadway Ave,Normal,IL,61761,309-862-9000,Public,24 hours daily; guest use only; parking fee,Non-Networked,40.508519,-88.985983,E
ELEC,Twin City Wood Recycling,1606 W Oakland Ave,Bloomington,IL,61701,309-827-9663,Public,24 hours daily,Non-Networked,40.473049,-89.016574,E
ELEC,BMW NORTHFIELD STATION 01,700 Frontage Rd,Northfield,IL,60093,888-758-4389,Public,24 hours daily,ChargePoint Network,42.111071,-87.775361,E
ELEC,Illini Nissan,615 W Marketview Dr,Champaign,IL,61822,217-352-8910,Public - Call ahead,Dealership business hours,Non-Networked,40.136567,-88.2538,E
ELEC,Illini Nissan,615 W Marketview Dr,Champaign,IL,61822,217-352-8910,Private,,Non-Networked,40.136567,-88.2538,E
ELEC,DUPAGE CO ADMIN 1,421 N County Farm Rd,Wheaton,IL,60187,888-758-4389,Public,24 hours daily,ChargePoint Network,41.867008,-88.141331,E
ELEC,DISTRICT 214 FVEC 3,2121 S Goebbert Rd,Arlington Heights,IL,60005,888-758-4389,Public,24 hours daily,ChargePoint Network,42.047317,-87.973312,E
ELEC,DISTRICT 214 BGHS 1,1100 W Dundee Rd,Buffalo Grove,IL,60089,888-758-4389,Public,24 hours daily,ChargePoint Network,42.141096,-87.982695,E
ELEC,ADVOCATE SHERMAN HOSP,1425 N Randall Rd,Elgin,IL,60123,888-758-4389,Public,24 hours daily,ChargePoint Network,42.071215,-88.331027,E
ELEC,Roesch Ford,333 W Grand Ave,Bensenville,IL,60106,630-279-6000,Public - Call ahead,Dealership business hours,Non-Networked,41.931594,-87.951098,E
ELEC,Sam Leman Ford,1508 Morrissey Dr,Bloomington,IL,61701,,Private,Dealership business hours; for customer use only,Non-Networked,40.460395,-88.971104,E
ELEC,National Great Rivers Research and Education Center,1 Confluence Way,East Alton,IL,62002,618-468-2782,TEMPORARILY UNAVAILABLE (Public),24 hours daily,Non-Networked,38.866724,-90.140662,T
ELEC,1000 LAKE SHORE 1000 LSD,130-138 E Oak St,Chicago,IL,60611,888-758-4389,Public,24 hours daily,ChargePoint Network,41.90085,-87.62452,E
ELEC,"CFP II, LLC 206",240 E Illinois St,Chicago,IL,60611,888-758-4389,Public,24 hours daily,ChargePoint Network,41.891113,-87.620957,E
ELEC,EV STATION 1 EV STATION 1,646 Lee St,Des Plaines,IL,60016,888-758-4389,Public,24 hours daily,ChargePoint Network,42.041197,-87.887838,E
ELEC,HY VEE BLMGTON NORTH,1403 N Veterans Pkwy,Bloomington,IL,61704,888-758-4389,Public,24 hours daily,ChargePoint Network,40.497299,-88.950601,E
ELEC,SW IL COLLEGE SWGCC,4950 Maryville Rd,Granite City,IL,62040,888-758-4389,Public,24 hours daily,ChargePoint Network,38.750344,-90.10092,E
ELEC,"EVANSTON, IL SHERMAN PLAZA 2",821 Davis St,Evanston,IL,60201,888-758-4389,Public,24 hours daily,ChargePoint Network,42.047287,-87.683069,E
ELEC,Western Illinois University - Spencer Recreation Center,1 University Cir,Macomb,IL,61455,309-298-1834 x245,Public,24 hours daily,Non-Networked,40.470868,-90.683902,E
ELEC,EV PILOT 3010 GRAND,3010 Grand Ave,Waukegan,IL,60085,888-758-4389,Public,24 hours daily,ChargePoint Network,42.37262,-87.875585,E
ELEC,North Central College - Old Main,30 N Brainard St,Naperville,IL,60540,,Public,"For employees, students, and campus visitors only",Non-Networked,41.7704,-88.146,E
ELEC,North Central College - Residence Hall and Recreation Center,440 S Brainard St,Naperville,IL,60540,,Public,"For employees, students, and campus visitors only",Non-Networked,41.770158,-88.144216,E
ELEC,Argonne National Laboratory,9700 S. Cass Avenue,Lemont,IL,60439,,Private,DOE fleet use only,Non-Networked,41.71298,-87.960781,E
ELEC,DISTRICT 214 JHHS 1,1900 E Thomas St,Arlington Heights,IL,60004,888-758-4389,Public,24 hours daily,ChargePoint Network,42.103029,-87.959151,E
ELEC,DISTRICT 214 PHS 1,801 W Kensington Rd,Mount Prospect,IL,60056,888-758-4389,Public,24 hours daily,ChargePoint Network,42.079464,-87.949087,E
ELEC,DISTRICT 214 EGHS 1,500 W Elk Grove Blvd,Elk Grove Village,IL,60007,888-758-4389,Public,24 hours daily,ChargePoint Network,42.01231,-87.997572,E
ELEC,DISTRICT 214 WHS 1,900 S Elmhurst Rd,Wheeling,IL,60090,888-758-4389,Public,24 hours daily,ChargePoint Network,42.126875,-87.937432,E
ELEC,DISTRICT 214 RMHS 1,2901 Central Rd,Rolling Meadows,IL,60008,888-758-4389,Public,24 hours daily,ChargePoint Network,42.065841,-88.016289,E
ELEC,Zeigler Nissan,18850 W Grand Ave,Lake Villa,IL,60046,,Public - Call ahead,Dealership business hours; contact 847-264-4572 for more information,Non-Networked,42.386748,-88.000335,E
ELEC,Zeigler Nissan,18850 W Grand Ave,Lake Villa,IL,60046,,Private,Service center use only,Non-Networked,42.386748,-88.000335,E
ELEC,ADVOCATE CHRIST_GARAGE A,9439 S Kostner Ave,Oak Lawn,IL,60453,888-758-4389,Public,24 hours daily,ChargePoint Network,41.721631,-87.731365,E
ELEC,"EVANSTON, IL CIVIC CENTER SO",2100 Ridge Ave,Evanston,IL,60201,888-758-4389,Public,24 hours daily,ChargePoint Network,42.056743,-87.687372,E
ELEC,IRVINE  CO  OFC 71SW L1 09-10,71 S Wacker Dr,Chicago,IL,60606,888-758-4389,Public,24 hours daily,ChargePoint Network,41.880947,-87.636038,E
ELEC,OMPE ONE MUSEUM PARK,1201 S Prairie Ave,Chicago,IL,60605,888-758-4389,Public,24 hours daily,ChargePoint Network,41.866571,-87.621756,E
ELEC,Monmouth College,700 E Broadway,Monmouth,IL,61462,309-457-2401,Public,24 hours daily,Non-Networked,40.9127485,-90.6387947,E
ELEC,Oakbrook Terrace Tower,1 Tower Ln,Oakbrook Terrace,IL,60181,,Private,24 hours daily; for employee and guest use only,Non-Networked,41.8579232,-87.9546118,E
ELEC,ComEd,2 Lincoln Center,Oakbrook Terrace,IL,60181,,Private,,Non-Networked,41.845827,-87.985467,E
ELEC,71086 900910,900 N Lake Shore Dr,Chicago,IL,60611,888-758-4389,Public,24 hours daily,ChargePoint Network,41.899474,-87.619448,E
ELEC,1KFULTON 1KFULTON,1000 W Fulton Market,Chicago,IL,60607,888-758-4389,Public,24 hours daily,ChargePoint Network,41.886859,-87.6525,E
ELEC,Nicholas Conservatory and Gardens,1354 N 2nd St,Rockford,IL,61107,815-987-8858,Public,24 hours daily,Non-Networked,42.283521,-89.06841,E
ELEC,Swedish American Hospital,1418 E State St,Rockford,IL,61104,815-968-4400,Public,24 hours daily,Non-Networked,42.266938,-89.07255,E
ELEC,JMM SERVICE,855 Rand Rd,Des Plaines,IL,60016,888-758-4389,Public,24 hours daily,ChargePoint Network,42.056564,-87.903563,E
ELEC,HY VEE SPRGFLD IL WEST,2115 S MacArthur Blvd,Springfield,IL,62704,888-758-4389,Public,24 hours daily,ChargePoint Network,39.775297,-89.669018,E
ELEC,PRUDENTIALPLAZA STATION 01,130 E Randolph St,Chicago,IL,60601,888-758-4389,Public,24 hours daily,ChargePoint Network,41.88536,-87.623191,E
ELEC,Veterans Administration - Illiana Health Care System,1900 E Main St,Danville,IL,61832,,Private - Government only,,Non-Networked,40.131991,-87.59227,E
ELEC,Veterans Administration - North Chicago,3001 Greenbay Rd N,North Chicago,IL,60064,,Private,,Non-Networked,42.308183,-87.862407,E
ELEC,BOLINGBROOK STATION#1,420 Remington Blvd,Bolingbrook,IL,60440,888-758-4389,Public,24 hours daily,ChargePoint Network,41.682163,-88.084096,E
ELEC,PARK FOREST EVS PARK FOREST EVS,367 artists walk,Park Forest,IL,60466,888-758-4389,Public,24 hours daily,ChargePoint Network,41.482352,-87.679954,E
ELEC,RPS ROGERS PARK SOL,7331 N Sheridan Rd,Chicago,IL,60626,888-758-4389,Public,24 hours daily,ChargePoint Network,42.014848,-87.664015,E
ELEC,540 W. MADISON LL1-4,13 N Jefferson St,Chicago,IL,60661,888-758-4389,Public,24 hours daily,ChargePoint Network,41.882368,-87.642179,E
ELEC,- NIU,175 Normal Rd,DeKalb,IL,60115,888-758-4389,Public,24 hours daily,ChargePoint Network,41.932405,-88.766603,E
ELEC,Waterway,2300 Waukegan Rd,Northbrook,IL,60062,847-849-1120,Public,24 hours daily,Non-Networked,42.11014,-87.802433,E
ELEC,EDENS OUTSIDE,630 Dundee Rd,Northbrook,IL,60062,888-758-4389,Public,24 hours daily,ChargePoint Network,42.139011,-87.797141,E
ELEC,ONE SOUTH WACKE OSW STATION #1,1 S Wacker Dr,Chicago,IL,60606,888-758-4389,Public,24 hours daily,ChargePoint Network,41.881597,-87.636514,E
ELEC,OAK PARK 1 LAKE FOREST 2,170 Forest Ave,Oak Park,IL,60301,888-758-4389,Public,24 hours daily,ChargePoint Network,41.889278,-87.7996,E
ELEC,LIBERTYVILLE W CHURCH,123 W Church St,Libertyville,IL,60048,888-758-4389,Public,24 hours daily,ChargePoint Network,42.286146,-87.95561,E
ELEC,ELECTRONIC THE BERNADIN,750 N Wabash Ave,Chicago,IL,60611,888-758-4389,Public,24 hours daily,ChargePoint Network,41.896407,-87.626875,E
ELEC,KANE COUNTY HEALTH DEPT,1240 N Highland Ave,Aurora,IL,60506,888-758-4389,Public,24 hours daily,ChargePoint Network,41.784525,-88.329587,E
ELEC,ESB LAW FIRM ESB LAW STATION,440 Central Ave,Highland Park,IL,60035,888-758-4389,TEMPORARILY UNAVAILABLE (Public),24 hours daily,ChargePoint Network,42.186114,-87.796535,T
ELEC,OAKTON COLLEGE1 LEE CENTER,Oakton Community College 1600 E. Golf Road,Des Plaines,IL,60016,888-758-4389,Public,24 hours daily,ChargePoint Network,42.063975,-87.878192,E
ELEC,CLC LOT 7 PARKING LOT 1,"Rotunda Way, N of Brae Loch Rd Parking Lot 1",Grayslake,IL,60030,888-758-4389,Public,24 hours daily,ChargePoint Network,42.353034,-88.011124,E
ELEC,OPTIMA LEVEL 2,220 E Illinois St,Chicago,IL,60611,888-758-4389,Public,24 hours daily,ChargePoint Network,41.891107,-87.62139,E
ELEC,MOMENT MOMENT 1,545 N McClurg Ct,Chicago,IL,60611,888-758-4389,Public,24 hours daily,ChargePoint Network,41.892047,-87.617241,E
ELEC,PARKING GARAGE GARAGE LEVEL 1,118 N Jefferson St,Chicago,IL,60661,888-758-4389,Public,24 hours daily,ChargePoint Network,41.883868,-87.642736,E
ELEC,PECK FARM EV STATION 01,4038 Kaneville Rd,Geneva,IL,60134,888-758-4389,Public,24 hours daily,ChargePoint Network,41.869504,-88.362638,E
ELEC,OAK PARK 1 HOLLY COURT 3B,1149 Holly Ct,Oak Park,IL,60301,888-758-4389,Public,24 hours daily,ChargePoint Network,41.889409,-87.804235,E
ELEC,KANE COUNTY STATION 1,719 S Batavia Ave,Geneva,IL,60134,888-758-4389,Public,24 hours daily,ChargePoint Network,41.879214,-88.308461,E
ELEC,NORTHWESTERN NORTH GARAGE 4,2311 N. Campus Dr,Evanston,IL,60208,888-758-4389,Public,24 hours daily,ChargePoint Network,42.059424,-87.674182,E
ELEC,NORTHWESTERN SOUTH GARAGE 1,1850 Campus Dr,Evanston,IL,60208,888-758-4389,Public,24 hours daily,ChargePoint Network,42.050577,-87.673523,E
ELEC,NORTHWESTERN SOUTH GARAGE 4,1841 Sheridan Rd,Evanston,IL,60208,888-758-4389,Public,24 hours daily,ChargePoint Network,42.050534,-87.67334,E
ELEC,GOVT. CENTER BATAVIA RIVERWA,Batavia Riverwalk,Batavia,IL,60510,888-758-4389,Public,24 hours daily,ChargePoint Network,41.851905,-88.308909,E
ELEC,ADVOCATE CHRIST GARAGE A,4440 95th St,Oak Lawn,IL,60453,888-758-4389,Public,24 hours daily,ChargePoint Network,41.721922,-87.732853,E
ELEC,Mariano's - Frankfort IL,21001 S LaGrange Rd,Frankfort,IL,60423,888-998-2546,Public,24 hours daily,Blink Network,41.509059,-87.848268,E
ELEC,The RDI Group,1025 W Thorndale Ave,Itasca,IL,60143,888-998-2546,Public,24 hours daily,Blink Network,41.983917,-88.028338,E
ELEC,McDonald's - Highland Park,1988 1st Street,Highland Park,IL,60035,888-998-2546,Public,24 hours daily,Blink Network,42.18876,-87.801595,E
ELEC,Berman Nissan - Chicago,3456 N Kedzie Ave,Chicago,IL,60618,773-295-4650,Public - Call ahead,Dealership business hours,Non-Networked,41.943587,-87.708212,E
ELEC,Berman Nissan - Chicago,3456 N Kedzie Ave,Chicago,IL,60618,773-295-4650,Private,,Non-Networked,41.943587,-87.708212,E
ELEC,ESPLANADE_LP ESPLANADE 2001,2001 Butterfield Rd,Downers Grove,IL,60515,888-758-4389,Public,24 hours daily,ChargePoint Network,41.830267,-88.032935,E
ELEC,HARPER COLLEGE LOT 1,Kris Howard Dr,Palatine,IL,60067,888-758-4389,Public,24 hours daily,ChargePoint Network,42.07948,-88.074352,E
ELEC,Woodman's Markets - Tesla Supercharger,151 Hansen Blvd,North Aurora,IL,60542,877-798-3752,Public,24 hours daily. Please check Tesla's online station map to see if an adapter is required at this location.,Tesla,41.802949,-88.370249,E
ELEC,Meijer - Tesla Supercharger,755 E. Boughton Road,Bolingbrook,IL,60440,877-798-3752,Public,24 hours daily. Please check Tesla's online station map to see if an adapter is required at this location.,Tesla,41.722171,-88.03744,E
ELEC,Meijer - Tesla Supercharger,2401 North Prospect Avenue,Champaign,IL,61822,877-798-3752,Public,24 hours daily. Please check Tesla's online station map to see if an adapter is required at this location.,Tesla,40.146204,-88.259828,E
ELEC,CherryVale Mall - Tesla Supercharger,7200 Harrison Ave,Cherry Valley,IL,61112,877-798-3752,Public,24 hours daily. Please check Tesla's online station map to see if an adapter is required at this location.,Tesla,42.243893,-88.978895,E
ELEC,The Maxwell - Tesla Supercharger,1100 South Canal Street,Chicago,IL,60607,877-798-3752,Public,24 hours daily. Please check Tesla's online station map to see if an adapter is required at this location.,Tesla,41.869126,-87.639971,E
ELEC,The Aqua at Lakeshore East - Tesla Supercharger,225 North Columbus Drive,Chicago,IL,60601,877-798-3752,Public,24 hours daily. Please check Tesla's online station map to see if an adapter is required at this location.,Tesla,41.88651,-87.61972,E
ELEC,3030 North Broadway - Tesla Supercharger,3030 North Broadway,Chicago,IL,60657,877-798-3752,Public,24 hours daily. Please check Tesla's online station map to see if an adapter is required at this location.,Tesla,41.937552,-87.644709,E
ELEC,Country Club Plaza - Tesla Supercharger,4201 167th St.,Country Club Hills,IL,60478,877-798-3752,Public,24 hours daily. Please check Tesla's online station map to see if an adapter is required at this location.,Tesla,41.585206,-87.721114,E
ELEC,Jack Flash - Effingham - Tesla Supercharger,1200 N. Keller Drive,Effingham,IL,62401,877-798-3752,Public,24 hours daily. Please check Tesla's online station map to see if an adapter is required at this location.,Tesla,39.137114,-88.563468,E
ELEC,Abt Electronics - Tesla Supercharger,1200 Milwaukee Avenue,Glenview,IL,60025,877-798-3752,Public,24 hours daily. Please check Tesla's online station map to see if an adapter is required at this location.,Tesla,42.0771634,-87.860828,E
ELEC,Holiday Inn Mt. Vernon - Tesla Supercharger,222 Potomac Blvd.,Mt. Vernon,IL,62864,877-798-3752,Public,24 hours daily. Please check Tesla's online station map to see if an adapter is required at this location.,Tesla,38.316292,-88.955923,E
ELEC,Hy-Vee - Tesla Supercharger,1651 Midtown Road,Peru,IL,61354,877-798-3752,Public,24 hours daily. Please check Tesla's online station map to see if an adapter is required at this location.,Tesla,41.348503,-89.126115,E
ELEC,Meijer - Tesla Supercharger,1301 Meijer Drive,Rolling Meadows,IL,60008,877-798-3752,Public,24 hours daily. Please check Tesla's online station map to see if an adapter is required at this location.,Tesla,42.049832,-87.994959,E
ELEC,Village Crossing - Tesla Supercharger,5507 Touhy Avenue,Skokie,IL,60077,877-798-3752,Public,24 hours daily. Please check Tesla's online station map to see if an adapter is required at this location.,Tesla,42.008864,-87.76335,E
ELEC,Legacy Pointe - Tesla Supercharger,3801 S. MacArthur Blvd.,Springfield,IL,62711,877-798-3752,Public,24 hours daily. Please check Tesla's online station map to see if an adapter is required at this location.,Tesla,39.748868,-89.67119,E
ELEC,Knox College,161 E Berrien St,Galesburg,IL,61401,309-341-7000,Public,7am-5pm M-F; for visitor use only,Non-Networked,40.942879,-90.368712,E
ELEC,Makanda Inn & Cottages,855 Old Lower Cobden Rd,Makanda,IL,62958,618-697-7929,Public - Call ahead,9am-7pm daily; non-guests call to arrange appointment,Non-Networked,37.609819,-89.210034,E
ELEC,ELGIN COMM COLL STATION 01,1801 Fleetwood Dr,Elgin,IL,60123,888-758-4389,Public,24 hours daily,ChargePoint Network,42.020479,-88.321994,E
ELEC,209 ELMHURST HAHN ST PARKING,123 Hahn St,Elmhurst,IL,60126,888-758-4389,Public,24 hours daily,ChargePoint Network,41.904521,-87.940415,E
ELEC,OZINGA MOKENA 1,19001 Old Lagrange Rd,Mokena,IL,60448,888-758-4389,Public,24 hours daily,ChargePoint Network,41.545497,-87.849527,E
ELEC,Lewis & Clark Community College - Weber Workforce Parking Lot,5800 Godfrey Rd,Godfrey,IL,62035,618-468-2782,Public,24 hours daily; visit security desk after normal business hours to use,Non-Networked,38.953293,-90.200095,E
ELEC,UNITED ORD LOT UNITED 7,5600 Bessie Coleman Dr,Chicago,IL,60666,888-758-4389,Public,24 hours daily,ChargePoint Network,41.981125,-87.88858,E
ELEC,AVANT1 NW AVANT EV,450 Warrenville Rd,Lisle,IL,60532,888-758-4389,TEMPORARILY UNAVAILABLE (Public),24 hours daily,ChargePoint Network,41.809503,-88.061736,T
ELEC,"Hilton Garden Inn, Addison - Tesla Destination",551 N Swift Rd,Addison,IL,60101,877-798-3752,Public,,Non-Networked,41.936447,-88.039074,E
ELEC,Best Western Premier Alton - St. Louis - Tesla Destination,3559 College Ave,Alton,IL,62002,877-798-3752,Public,,Tesla Destination,38.903655,-90.130905,E
ELEC,Prisco Community Center - Tesla Destination,150 W Illinois Ave,Aurora,IL,60506,877-798-3752,Public,,Non-Networked,41.770029,-88.312787,E
ELEC,Two Brothers Roundhouse - Tesla Destination,205 N Broadway,Aurora,IL,60505,877-798-3752,Public,,Tesla Destination,41.760295,-88.308792,E
ELEC,Vaughan Athletic Center - Tesla Destination,2121 W Indian Trl,Aurora,IL,60506,877-798-3752,Public,,Non-Networked,41.782147,-88.367321,E
ELEC,Eola Community Center - Tesla Destination,555 S Eola Rd,Aurora,IL,60504,877-798-3752,Public,,Non-Networked,41.745891,-88.24794,E
ELEC,Ohare Auto Body LTD - Tesla Destination,1316 W Irving Park Rd,Bensenville,IL,60106,877-798-3752,Public,,Tesla Destination,41.960695,-87.961703,E
ELEC,DoubleTree by Hilton Hotel Bloomington - Tesla Destination,10 Brickyard Dr,Bloomington,IL,61701,877-798-3752,Public,,Tesla Destination,40.461377,-88.967545,E
ELEC,Canton Harvester Inn - Tesla Destination,150 N Main St,Canton,IL,61520,877-798-3752,Public,,Non-Networked,40.557834,-90.035403,E
ELEC,Amy Home Services - Tesla Destination,39 N Western Ave,Carpentersville,IL,60110,877-798-3752,Public,,Tesla Destination,42.109924,-88.296276,E
ELEC,I Hotel and Conference Center - Tesla Destination,1900 S 1st St,Champaign,IL,61820,877-798-3752,Public,,Non-Networked,40.093459,-88.237783,E
ELEC,Home2 Suites By Hilton Champaign Urbana - Tesla Destination,2013 S Neil St,Champaign,IL,61820,877-798-3752,Public,,Tesla Destination,40.092644,-88.247187,E
ELEC,Hyatt Place Champaign/Urbana - Tesla Destination,217 N Neil St,Champaign,IL,61820,877-798-3752,Public,,Non-Networked,40.118077,-88.243875,E
ELEC,Campus Center Public Parking Deck - Tesla Destination,509 E Healey St,Champaign,IL,61820,877-798-3752,Public,,Tesla Destination,40.111195,-88.230716,E
ELEC,Grant Park North - Tesla Destination,25 N Michigan Ave,Chicago,IL,60602,877-798-3752,Public,,Non-Networked,41.882267,-87.624325,E
ELEC,Grant Park South - Tesla Destination,325 S Michigan Ave,Chicago,IL,60604,877-798-3752,Public,,Non-Networked,41.877475,-87.624245,E
ELEC,Loews Chicago Hotel - Tesla Destination,455 N Park Dr,Chicago,IL,60611,877-798-3752,Public,,Non-Networked,41.889755,-87.618659,E
ELEC,"The Guesthouse Hotel, a Select Registry Property - Tesla Destination",4872 N Clark St,Chicago,IL,60640,877-798-3752,Public,,Non-Networked,41.970814,-87.667752,E
ELEC,Millennium Parking Garage LLC - Tesla Destination,5 S Columbus Drive,Chicago,IL,60603,877-798-3752,Public,,Non-Networked,41.88172,-87.62056,E
ELEC,Millennium Parking Garage - Tesla Destination,5 S Columbus Dr,Chicago,IL,60601,877-798-3752,Public,,Non-Networked,41.881747,-87.620555,E
ELEC,Atlantic Aviation MDW - Tesla Destination,6150 S Laramie Ave,Chicago,IL,60638,877-798-3752,Public,,Non-Networked,41.780364,-87.752853,E
ELEC,AC Hotel Chicago Downtown - Tesla Destination,630 N Rush St,Chicago,IL,60611,877-798-3752,Public,,Tesla Destination,41.893499,-87.625498,E
ELEC,640 N LaSalle Parking Garage - Tesla Destination,640 N LaSalle St,Chicago,IL,60654,877-798-3752,Public,,Tesla Destination,41.893625,-87.633424,E
ELEC,Park Hyatt Chicago - Tesla Destination,800 N Michigan Ave,Chicago,IL,60611,877-798-3752,Public,,Tesla Destination,41.896792,-87.625142,E
ELEC,Wyndham Chicago O'Hare - Tesla Destination,1450 Touhy Ave,Des Plaines,IL,60018,877-798-3752,Public,,Tesla Destination,42.010381,-87.887338,E
ELEC,Comfort Inn O'Hare - Convention Center - Tesla Destination,2175 Touhy Ave,Des Plaines,IL,60018,877-798-3752,Public,,Non-Networked,42.009601,-87.870786,E
ELEC,Best Western O'Hare North/Elk Grove Hotel - Tesla Destination,100 Busse Rd,Elk Grove Village,IL,60007,877-798-3752,Public,,Non-Networked,42.024832,-87.960673,E
ELEC,Holiday Inn Chicago-Elk Grove - Tesla Destination,1000 Busse Rd,Elk Grove Village,IL,60007,877-798-3752,Public,,Non-Networked,42.010468,-87.960841,E
ELEC,Super 8 O'Hare Elk Grove - Tesla Destination,2951 Touhy Ave,Elk Grove Village,IL,60007,877-798-3752,Public,,Non-Networked,42.007289,-87.935931,E
ELEC,Clarion Inn Elmhurst - Oakbrook - Tesla Destination,933 S Riverside Dr,Elmhurst,IL,60126,877-798-3752,Public,,Tesla Destination,41.869944,-87.95672,E
ELEC,"Stone Terrace, a Select Registry Property - Tesla Destination",1622 Forest Pl,Evanston,IL,60201,877-798-3752,Public,,Non-Networked,42.045779,-87.674557,E
ELEC,Hilton Orrington/Evanston - Tesla Destination,1710 Orrington Ave,Evanston,IL,60201,877-798-3752,Public,,Tesla Destination,42.049151,-87.680426,E
ELEC,R Place - Tesla Destination,1527 Harlem Ave,Forest Park,IL,60130,877-798-3752,Public,,Non-Networked,41.858592,-87.804417,E
ELEC,Culver's of Galena - Tesla Destination,11371 Oldenburg Ln,Galena,IL,61036,877-798-3752,Public,,Tesla Destination,42.436394,-90.450359,E
ELEC,Galena Brewing Co - Tesla Destination,226 N Commerce St,Galena,IL,61036,877-798-3752,Public,,Non-Networked,42.41685,-90.426229,E
ELEC,Chestnut Mountain Resort - Tesla Destination,2577 South Blanding,Galena,IL,61036,877-798-3752,Public,,Non-Networked,42.318736,-90.393536,E
ELEC,Jail Hill Inn - Tesla Destination,319 Meeker St,Galena,IL,61036,877-798-3752,Public,,Non-Networked,42.418879,-90.42596,E
ELEC,Eagle Ridge Resort & Spa - Tesla Destination,444 Eagle Ridge Dr,Galena,IL,61036,877-798-3752,Public,,Non-Networked,42.405075,-90.337981,E
ELEC,Goldmoor Inn & Resort - Tesla Destination,9001 N Sand Hill Rd,Galena,IL,61036,877-798-3752,Public,,Non-Networked,42.333936,-90.396753,E
ELEC,The Herrington Inn and Spa - Tesla Destination,15 S River Ln,Geneva,IL,60134,877-798-3752,Public,,Non-Networked,41.886845,-88.303804,E
ELEC,Delta Hotels by Marriott Chicago North Shore Suites - Tesla Destination,1400 Milwaukee Ave,Glenview,IL,60025,877-798-3752,Public,,Non-Networked,42.079569,-87.865442,E
ELEC,Shawnee Forest Cabins - Tesla Destination,745 Garden of Gods,Herod,IL,62947,877-798-3752,Public,,Non-Networked,37.580718,-88.367418,E
ELEC,La Banque Hotel - Tesla Destination,2034 Ridge Rd,Homewood,IL,60430,877-798-3752,Public,,Tesla Destination,41.56213,-87.666663,E
ELEC,Eaglewood Resort & Spa - Tesla Destination,1401 Nordic Rd,Itasca,IL,60143,877-798-3752,Public,,Non-Networked,41.958133,-88.03931,E
ELEC,Pig Minds Brewing Co. - Tesla Destination,4080 Steele Dr,Machesney Park,IL,61115,877-798-3752,Public,,Non-Networked,42.369629,-89.019962,E
ELEC,Makanda Inn & Cottages - Tesla Destination,855 Old Lower Cobden Rd,Makanda,IL,62958,877-798-3752,Public,,Non-Networked,37.610802,-89.210313,E
ELEC,Comfort Suites Mount Vernon - Tesla Destination,404 S 44th St,Mt. Vernon,IL,62864,877-798-3752,Public,,Non-Networked,38.3109,-88.946784,E
ELEC,Hotel Indigo Naperville Riverwalk - Tesla Destination,120 Water St,Naperville,IL,60540,877-798-3752,Public,,Non-Networked,41.770698,-88.150252,E
ELEC,Wildwood Tavern - Tesla Destination,6480 W Touhy,Niles,IL,60714,877-798-3752,Public,,Non-Networked,42.012382,-87.78852,E
ELEC,Advantage Gallery - Tesla Destination,7850 N. Milwaukee Ave,Niles,IL,60714,877-798-3752,Public,,Tesla Destination,42.024061,-87.812999,E
ELEC,My Place Hotel - North Aurora - Tesla Destination,1000 Kilbery Ln,North Aurora,IL,60542,877-798-3752,Public,,Tesla Destination,41.81609,-88.351972,E
ELEC,Hardware Gastro Pub - Tesla Destination,2000 W Orchard Rd,North Aurora,IL,60542,877-798-3752,Public,,Non-Networked,41.817455,-88.350806,E
ELEC,Oak Brook Public Library - Tesla Destination,600 Oak Brook Rd,Oak Brook,IL,60523,877-798-3752,Public,,Non-Networked,41.833742,-87.937059,E
ELEC,Village of Oak Brook - Soccer Club Lot - Tesla Destination,700 Oak Brook Rd,Oak Brook,IL,60523,877-798-3752,Public,,Non-Networked,41.834286,-87.935472,E
ELEC,Quality Inn Georgio's Banquets - Tesla Destination,8800 W 159th St,Orland Park,IL,60462,877-798-3752,Public,,Non-Networked,41.602447,-87.834653,E
ELEC,One Technology Plaza Paking Deck - Tesla Destination,222 SW Adams St,Peoria,IL,61602,877-798-3752,Public,,Non-Networked,40.690319,-89.591638,E
ELEC,Machine Shed Restaurant Rockford - Tesla Destination,7475 E State St,Rockford,IL,61108,877-798-3752,Public,,Non-Networked,42.269632,-88.971292,E
ELEC,Thunder Bay Grille Rockford - Tesla Destination,7652 Potawatomi Trl,Rockford,IL,61107,877-798-3752,Public,,Non-Networked,42.271328,-88.968082,E
ELEC,Loews Chicago O'Hare - Tesla Destination,5300 N River Rd,Rosemont,IL,60018,877-798-3752,Public,,Non-Networked,41.9745,-87.862956,E
ELEC,Hyatt Regency O'Hare - Tesla Destination,9300 Bryn Mawr Ave,Rosemont,IL,60018,877-798-3752,Public,,Tesla Destination,41.981019,-87.85953,E
ELEC,Holiday Inn Express and Suites Salem - Tesla Destination,102 Holiday Ln,Salem,IL,62881,877-798-3752,Public,,Non-Networked,38.623,-88.970418,E
ELEC,Fairfield Inn & Suites by Marriott Chicago - Tesla Destination,700 National Pkwy,Schaumburg,IL,60173,877-798-3752,Public,,Tesla Destination,42.041363,-88.050941,E
ELEC,Homewood Suites Chicago-Schaumburg - Tesla Destination,815 American Ln,Schaumburg,IL,60173,877-798-3752,Public,,Non-Networked,42.047578,-88.05899,E
ELEC,Four Points by Sheraton Chicago O'Hare Airport - Tesla Destination,10249 W Irving Park Rd,Schiller Park,IL,60176,877-798-3752,Public,,Tesla Destination,41.955247,-87.882606,E
ELEC,Mantra by Indian Garden - Tesla Destination,9438 W Irving Park Rd,Schiller Park,IL,60176,877-798-3752,Public,,Tesla Destination,41.954697,-87.862552,E
ELEC,Waukegan National Airport - Tesla Destination,2601 W Plane Rest Dr,Waukegan,IL,60087,877-798-3752,Public,,Non-Networked,42.416877,-87.867277,E
ELEC,Waukegan Harbor & Marina - Tesla Destination,27 E Madison Ave,Waukegan,IL,60185,877-798-3752,Public,,Non-Networked,42.360536,-87.825102,E
ELEC,St. Andrews Golf Club - Tesla Destination,2241 IL-59,West Chicago,IL,60185,877-798-3752,Public,,Non-Networked,41.922426,-88.207392,E
ELEC,Public Parking Lot,246 SE Vine St,Atlanta,IL,61723,217-648-2351,Public,24 hours daily,Non-Networked,40.260478,-89.230861,E
ELEC,Fashion Outlets of Chicago - Tesla Supercharger,5220 Fashion Outlets Way,Rosemont,IL,60018,877-798-3752,Public,24 hours daily. Please check Tesla's online station map to see if an adapter is required at this location.,Tesla,41.975263,-87.866046,E
ELEC,WSB DARIEN,8001 Cass Avenue,Darien,IL,60561,888-758-4389,Public,24 hours daily,ChargePoint Network,41.741968,-87.973128,E
ELEC,PRAIRIE STATE PRAIRIE STATE,299 S Coolidge St,Chicago Heights,IL,60411,888-758-4389,Public,24 hours daily,ChargePoint Network,41.525678,-87.639803,E
ELEC,RUSH OAKBROOK RUSH OAKBROOK 2,2011 York Rd,Oak Brook,IL,60523,888-758-4389,Public,24 hours daily,ChargePoint Network,41.849572,-87.927321,E
ELEC,CRESCENT LOT GLEN ELLYN,505 Crescent Blvd,Glen Ellyn,IL,60137,888-758-4389,Public,24 hours daily,ChargePoint Network,41.876135,-88.067779,E
ELEC,Taylor Street Library and Apartments,1342 W Taylor St,Chicago,IL,60607,888-998-2546,TEMPORARILY UNAVAILABLE (Public),24 hours daily,Blink Network,41.8698,-87.6605,T
ELEC,Northwestern Memorial HealthCare,425 E Erie St,Chicago,IL,60611,,Private,,Non-Networked,41.894144,-87.617133,E
ELEC,Fashion Outlets of Chicago,5220 Fashion Outlets Way,Rosemont,IL,60018,888-264-2208,Public,Mon 6:00am - 11:59pm; Tue 6:00am - 11:59pm; Wed 6:00am - 11:59pm; Thu 6:00am - 11:59pm; Fri 6:00am - 11:59pm; Sat 6:00am - 11:59pm; Sun 6:00am - 11:59pm,SHELL_RECHARGE,41.974953,-87.867085,E
ELEC,B&B Auto Inc,913 Front St,McHenry,IL,60050,815-363-7560,Public,"8am-6pm M-F, 8am-3pm Sat",Non-Networked,42.341617,-88.274825,E
ELEC,Amazon Fresh at Harlem Irving Plaza,4201 Harlem Ave,Norridge,IL,60706,888-264-2208,Public,Mon 6:00am - 11:59pm; Tue 6:00am - 11:59pm; Wed 6:00am - 11:59pm; Thu 6:00am - 11:59pm; Fri 6:00am - 11:59pm; Sat 6:00am - 11:59pm; Sun 6:00am - 11:59pm,SHELL_RECHARGE,41.957395,-87.805945,E
ELEC,JMM SALES,1313 Rand Rd,Des Plaines,IL,60016,888-758-4389,TEMPORARILY UNAVAILABLE (Public),24 hours daily,ChargePoint Network,42.050349,-87.892333,T
ELEC,Whole Foods Market Park Ridge PRK,225 W. Touhy Ave,Park Ridge,IL,60068,888-264-2208,Public,Mon 6:00am - 11:59pm; Tue 6:00am - 11:59pm; Wed 6:00am - 11:59pm; Thu 6:00am - 11:59pm; Fri 6:00am - 11:59pm; Sat 6:00am - 11:59pm; Sun 6:00am - 11:59pm,SHELL_RECHARGE,42.010581,-87.824809,E
ELEC,LAKE ZURICH VILLAGE HALL,70 E Main St,Lake Zurich,IL,60047,888-758-4389,Public,24 hours daily,ChargePoint Network,42.197709,-88.09147,E
ELEC,One Bennett Park,456 E Illinois St,Chicago,IL,60611,888-998-2546,Public,24 hours daily,Blink Network,41.891466,-87.616338,E
ELEC,AAMCO EV 2020 OGDEN,2020 Ogden Ave,Lisle,IL,60532,888-758-4389,Public,24 hours daily,ChargePoint Network,41.799419,-88.09316,E
ELEC,"Sams Club 8297 (Rockford, IL)",7151 Walton St,Rockford,IL,61108,833-632-2778,Public,24 hours daily,Electrify America,42.26657,-88.97829,E
ELEC,"Target T1167 - Glenview, IL",2241 Willow Rd,Glenview,IL,60025,833-632-2778,Public,24 hours daily,Electrify America,42.10326,-87.81453,E
ELEC,"Target T0866 (Woodridge, IL)",2333 63rd St,Woodridge,IL,60517,833-632-2778,Public,24 hours daily,Electrify America,41.77151,-88.0381,E
ELEC,"Walmart 1256 - Joliet, IL",2424 W Jefferson St,Joliet,IL,60435,833-632-2778,Public,24 hours daily,Electrify America,41.52061,-88.14111,E
ELEC,Casey's Geneseo,100 E Bestor Dr,Geneseo,IL,61254,833-632-2778,Public,24 hours daily,Electrify America,41.43266,-90.15709,E
ELEC,"Walmart 3459 - Bloomington, IL",2225 W Market St,Bloomington,IL,61705,833-632-2778,Public,24 hours daily,Electrify America,40.48811,-89.04125,E
ELEC,Walmart 3602 Springfield,1100 Lejune Dr,Springfield,IL,62703,833-632-2778,Public,24 hours daily,Electrify America,39.74575,-89.64086,E
ELEC,Walmart 361 Collinsville,1040 Collinsville Crossing Blvd,Collinsville,IL,62234,833-632-2778,Public,24 hours daily,Electrify America,38.67575,-90.01758,E
ELEC,CARLE FOUNDATIO CATF ADMIN,3310 Fields S Dr,Champaign,IL,61822,888-758-4389,Public,24 hours daily,ChargePoint Network,40.072484,-88.308255,E
ELEC,Naval Facilities Engineering Command - Naval Training Center - Building 11,2601 E Paul Jones St,Great Lakes,IL,60091,,Private,Fleet use only,Non-Networked,42.313411,-87.831183,E
ELEC,Naval Facilities Engineering Command - Naval Station Great Lakes - Building 1506,2601 E Paul Jones St,Great Lakes,IL,60094,,Private,Fleet use only,Non-Networked,42.315152,-87.849921,E
ELEC,Naval Facilities Engineering Command - Naval Station Great Lakes - Building 1H,2601 E Paul Jones St,Great Lakes,IL,60100,,Private,Fleet use only,Non-Networked,42.308057,-87.837036,E
ELEC,Naval Facilities Engineering Command - Naval Station Great Lakes - Building 3,2601E Paul Jones St,Great Lakes,IL,60104,,Private,Fleet use only,Non-Networked,42.313597,-87.83765,E
ELEC,Naval Facilities Engineering Command - Naval Station Great Lakes - Building 68,2601 E Paul Jones St,Great Lakes,IL,60108,,Private,Fleet use only,Non-Networked,42.310693,-87.835616,E
ELEC,NEWCITY - Tesla Supercharger,1457 North Halstead Ave,Chicago,IL,60610,877-798-3752,Public,24 hours daily. Please check Tesla's online station map to see if an adapter is required at this location.,Tesla,41.908065,-87.646836,E
ELEC,Uptown Station Parking Deck - Tesla Supercharger,"11 Uptown Cir, 3rd Floor",Normal,IL,61761,877-798-3752,Public,24 hours daily. Please check Tesla's online station map to see if an adapter is required at this location.,Tesla,40.508562,-88.984738,E
ELEC,Fast Park & Relax Chicago MDW - Tesla Destination,5230 S Cicero,Chicago,IL,60638,877-798-3752,Public,,Non-Networked,41.79721,-87.74639,E
ELEC,Johnny's Italian Steakhouse - Tesla Destination,101 Holiday St,East Peoria,IL,61611,877-798-3752,Public,,Non-Networked,40.672956,-89.587645,E
ELEC,OAK PARK 1 LAKE FOREST 1,158 Forest Ave,Oak Park,IL,60301,888-758-4389,Public,24 hours daily,ChargePoint Network,41.889317,-87.799924,E
ELEC,HARPER COLLEGE LOT 14 UNIT,1200 Algonquin Rd,Palatine,IL,60067,888-758-4389,Public,24 hours daily,ChargePoint Network,42.082653,-88.073981,E
ELEC,"Target T0843 - Hodgkins, IL",9250 Joliet Rd,Hodgkins,IL,60525,833-632-2778,Public,24 hours daily,Electrify America,41.78151,-87.86105,E
ELEC,Sloan Valve Co,10500 Seymour Ave,Franklin Park,IL,60131,,Private,For employee use only,Non-Networked,41.952171,-87.8889,E
ELEC,JLR SCHAUMBURG CPF25-SHOP 2,920 W Golf Rd,Schaumburg,IL,60194,888-758-4389,TEMPORARILY UNAVAILABLE (Public),24 hours daily,ChargePoint Network,42.049316,-88.103707,T
ELEC,SP PLUS CORP MCCORMICK 2,2301 S Prairie Ave,Chicago,IL,60616,888-758-4389,Public,24 hours daily,ChargePoint Network,41.851167,-87.620557,E
ELEC,HF HF-1,3740 N Halsted St,Chicago,IL,60613,888-758-4389,Public,24 hours daily,ChargePoint Network,41.95056,-87.649867,E
ELEC,Lincolnwood Town Center,3333 W Touhy Ave.,Lincolnwood,IL,60712,833-632-2778,Public,24 hours daily,Electrify America,42.00976,-87.71181,E
ELEC,WHEELING METRA WEST LOT3,101 Wheeling Rd,Wheeling,IL,60090,888-758-4389,Public,24 hours daily,ChargePoint Network,42.136441,-87.930212,E
ELEC,ADVOCATE GOOD SHEPHERD 2,450 W State Rte 22,Tower Lakes,IL,60010,888-758-4389,Public,24 hours daily,ChargePoint Network,42.196775,-88.173699,E
ELEC,ARBORS CONDOS ARBORS,6 Oak Creek Dr,Buffalo Grove,IL,60089,888-758-4389,Public,24 hours daily,ChargePoint Network,42.140125,-87.96329,E
ELEC,ADVOCATE GOODSAMARITAN 2,3815 Highland Ave,Downers Grove,IL,60515,888-758-4389,Public,24 hours daily,ChargePoint Network,41.817062,-88.008468,E
ELEC,WOODMAN'S STORE 43 EAST,27555 IL RTE 120,Lakemoor,IL,60051,888-758-4389,Public,24 hours daily,ChargePoint Network,42.3301,-88.177505,E
ELEC,Conrad's Harley-Davidson,19356 NE Frontage Rd,Shorewood,IL,60404,815-725-2000,TEMPORARILY UNAVAILABLE (Public),24 hours daily,Non-Networked,41.521922,-88.186571,T
ELEC,ESPLANADE_LP ESPLANADE 1901,1901 Butterfield Rd,Downers Grove,IL,60515,888-758-4389,Public,24 hours daily,ChargePoint Network,41.829945,-88.031852,E
ELEC,5252 S CORNELL 5252 APARTMENTS,1600 E 53rd St,Chicago,IL,60615,888-758-4389,Public,24 hours daily,ChargePoint Network,41.799683,-87.586296,E
ELEC,"Target T2781 - Chicago, IL",1101 W Jackson Blvd.,Chicago,IL,60607,833-632-2778,Public,24 hours daily,Electrify America,41.8768,-87.6554,E
ELEC,CVHL 1FL CITY VIEW APTS,2720 S Highland Ave,Lombard,IL,60148,888-758-4389,Public,24 hours daily,ChargePoint Network,41.83851,-88.015536,E
ELEC,300PARK 300 PARK #2,300 Park Blvd,Itasca,IL,60143,888-758-4389,Public,24 hours daily,ChargePoint Network,41.99021,-88.021897,E
ELEC,SOLDIER FIELD STATION 02,1410 Museum Campus Dr,Chicago,IL,60605,888-758-4389,Public,24 hours daily,ChargePoint Network,41.863703,-87.616745,E
ELEC,RICKY ROCKETS RR EV 02,2580 W Golf Rd,Hoffman Estates,IL,60169,888-758-4389,Public,24 hours daily,ChargePoint Network,42.047355,-88.143513,E
ELEC,GVC PARKING G 01,250 S. Grove Ave.,Elgin,IL,60120,888-758-4389,Public,24 hours daily,ChargePoint Network,42.032051,-88.278123,E
ELEC,HY VEE PEORIA 2 EAST,7610 N Orange Prairie Rd,Peoria,IL,61615,888-758-4389,Public,24 hours daily,ChargePoint Network,40.78013,-89.677891,E
ELEC,HY VEE BLMGTON SOUTH,1407 N Veterans Pkwy,Bloomington,IL,61704,888-758-4389,Public,24 hours daily,ChargePoint Network,40.497761,-88.950623,E
ELEC,SIUE LOT A,Lot A (North of Lovejoy Library),Edwardsville,IL,62025,888-758-4389,Public,24 hours daily,ChargePoint Network,38.794579,-89.997475,E
ELEC,MEIJER STORES 228 RLLG MEAD 2,1301 Meijer Dr,Rolling Meadows,IL,60008,888-758-4389,Public,24 hours daily,ChargePoint Network,42.04827,-87.994591,E
ELEC,Algonquin Township Road District,3702 U.S. Highway 14,Crystal Lake,IL,60014,800-663-5633,Public,24 hours daily,Blink Network,42.223611509022,-88.268998861313,E
ELEC,1350 Touhy Plaza,1350 E. Touhy Avenue #155W,Des Plaines,IL,60018,800-663-5633,TEMPORARILY UNAVAILABLE (Public),24 hours daily,Blink Network,42.0104297,-87.890169,T
ELEC,LPC,2330 North Clifton Avenue,Chicago,IL,60614,800-663-5633,Public,24 hours daily,Blink Network,41.9245874,-87.657365,E
ELEC,EnV Chicago,161 W Kinzie St,Chicago,IL,60654,800-663-5633,TEMPORARILY UNAVAILABLE (Public),24 hours daily,Blink Network,41.8889472,-87.6336346,T
ELEC,Lake Shore Drive Garage,509 North Peshtigo Court,Chicago,IL,60611,800-663-5633,TEMPORARILY UNAVAILABLE (Public),24 hours daily,Blink Network,41.8915069,-87.6150303,T
ELEC,One Eleven,111 W Wacker Dr,Chicago,IL,60601,800-663-5633,Public,24 hours daily,Blink Network,41.8865153,-87.6314343,E
ELEC,530207  Aon Center Parking Garage,200 E. Randolph Street,Chicago,IL,60601,800-663-5633,Public,24 hours daily,Blink Network,41.884798,-87.6215123,E
ELEC,430204  X Chicago Apartments,710 West 14th Street,Chicago,IL,60607,800-663-5633,Public,24 hours daily,Blink Network,41.863604,-87.6453386,E
ELEC,Argonne National Labs,"Building 46, 9700 S Cass Avenue",Lemont,IL,60439,800-663-5633,TEMPORARILY UNAVAILABLE (Public),24 hours daily,Blink Network,41.7106632,-87.9609911,T
ELEC,CMT,2750 West Washington Street,Springfield,IL,62702,800-663-5633,TEMPORARILY UNAVAILABLE (Public),24 hours daily,Blink Network,39.8007924,-89.7036427,T
ELEC,Meijer - Tesla Supercharger,9200 South Western Avenue,Evergreen Park,IL,60805,877-798-3752,Public,24 hours daily. Please check Tesla's online station map to see if an adapter is required at this location.,Tesla,41.725337,-87.683546,E
ELEC,Illinois Institute of Technology,3201 S State St,Chicago,IL,60616,312-567-8968,Private,For fleet and employee use only,Non-Networked,41.83545303,-87.62598419,E
ELEC,MONTGOMERY VH MONTGOMERY HALL,200 N River Street,Montgomery,IL,60538,888-758-4389,Public,24 hours daily,ChargePoint Network,41.72909,-88.34178,E
ELEC,"Target T2613 - Chicago, IL",1200 N Larrabee St,Chicago,IL,60610,833-632-2778,Public,24 hours daily,Electrify America,41.90421,-87.64352,E
ELEC,WINNETKA 820 ELM STREET,820 Elm St,Winnetka,IL,60093,888-758-4389,Public,24 hours daily,ChargePoint Network,42.10574,-87.73594,E
ELEC,Hampton Inn Decatur Mt. Zion - Tesla Destination,4855 E Evergreen Ct,Decatur,IL,62521,877-798-3752,Public,,Non-Networked,39.81597,-88.879021,E
ELEC,Greenway Parking Garage - Tesla Destination,60 W Kinzie,Chicago,IL,60654,877-798-3752,Public,,Tesla Destination,41.889236,-87.630247,E
ELEC,Embassy Suites by Hilton Chicago Naperville - Tesla Destination,1823 Abriter Ct,Naperville,IL,65063,877-798-3752,Public,,Non-Networked,41.803822,-88.129871,E
ELEC,Holiday Inn & Suites East Peoria - Tesla Destination,101 Holiday St,East Peoria,IL,61611,877-798-3752,Public,,Non-Networked,40.672956,-89.587645,E
ELEC,Village of Oak Brook - Bath and Tennis Club - Tesla Destination,800 Oak Brook Rd,Oak Brook,IL,60523,877-798-3752,Public,,Non-Networked,41.832924,-87.941815,E
ELEC,Village of Oak Brook - Village Hall - Tesla Destination,1200 Oak Brook Rd,Oak Brook,IL,60523,877-798-3752,Public,,Non-Networked,41.833081,-87.947854,E
ELEC,MOTORWERKS1475 STATION 8,1475 Barrington Rd,Barrington,IL,60010,888-758-4389,Public,24 hours daily,ChargePoint Network,42.129088,-88.135725,E
ELEC,Ridge Plaza,800 W Dundee Rd,Arlington Heights,IL,60004,888-264-2208,Public,Mon 8:00am - 10:00pm; Tue 8:00am - 10:00pm; Wed 8:00am - 10:00pm; Thu 8:00am - 10:00pm; Fri 8:00am - 10:00pm; Sat 8:00am - 10:00pm; Sun 8:00am - 10:00pm,SHELL_RECHARGE,42.140419,-87.991762,E
ELEC,Fox Valley Mall Macys,195 Fox Valley Center,Aurora,IL,60504,888-264-2208,Public,Mon 6:00am - 11:59pm; Tue 6:00am - 11:59pm; Wed 6:00am - 11:59pm; Thu 6:00am - 11:59pm; Fri 6:00am - 11:59pm; Sat 6:00am - 11:59pm; Sun 6:00am - 11:59pm,SHELL_RECHARGE,41.757861,-88.214658,E
ELEC,The Promenade at Bolingbrook East Entrance,631 E Boughton Rd,Bolingbrook,IL,60440,888-264-2208,Public,Mon 6:00am - 11:59pm; Tue 6:00am - 11:59pm; Wed 6:00am - 11:59pm; Thu 6:00am - 11:59pm; Fri 6:00am - 11:59pm; Sat 6:00am - 11:59pm; Sun 6:00am - 11:59pm,SHELL_RECHARGE,41.718311,-88.040375,E
ELEC,Burr Ridge Village Center,701 Village Center Drive,Burr Ridge,IL,60527,888-264-2208,Public,Mon 6:00am - 11:59pm; Tue 6:00am - 11:59pm; Wed 6:00am - 11:59pm; Thu 6:00am - 11:59pm; Fri 6:00am - 11:59pm; Sat 6:00am - 11:59pm; Sun 6:00am - 11:59pm,SHELL_RECHARGE,41.75186,-87.913089,E
ELEC,The Maxwell,1100 S Canal St,Chicago,IL,60607,888-264-2208,TEMPORARILY UNAVAILABLE (Public),Mon 6:00am - 11:59pm; Tue 6:00am - 11:59pm; Wed 6:00am - 11:59pm; Thu 6:00am - 11:59pm; Fri 6:00am - 11:59pm; Sat 6:00am - 11:59pm; Sun 6:00am - 11:59pm,SHELL_RECHARGE,41.86891,-87.640039,T
ELEC,Walgreens at 111 S Halsted St Chicago,111 S Halsted St,Chicago,IL,60661,888-264-2208,Public,Mon 12:00am - 11:59pm; Tue 12:00am - 11:59pm; Wed 12:00am - 11:59pm; Thu 12:00am - 11:59pm; Fri 12:00am - 11:59pm; Sat 12:00am - 11:59pm; Sun 12:00am - 11:59pm,SHELL_RECHARGE,41.880205,-87.647049,E
ELEC,Loyola University,1110 West Sheridan Rd,Chicago,IL,60660,888-264-2208,Public,Mon 6:00am - 11:59pm; Tue 6:00am - 11:59pm; Wed 6:00am - 11:59pm; Thu 6:00am - 11:59pm; Fri 6:00am - 11:59pm; Sat 6:00am - 11:59pm; Sun 6:00am - 11:59pm,SHELL_RECHARGE,41.998868,-87.659012,E
ELEC,New City Development,1457 N Halsted,Chicago,IL,60642,888-264-2208,Public,Mon 6:00am - 11:59pm; Tue 6:00am - 11:59pm; Wed 6:00am - 11:59pm; Thu 6:00am - 11:59pm; Fri 6:00am - 11:59pm; Sat 6:00am - 11:59pm; Sun 6:00am - 11:59pm,SHELL_RECHARGE,41.908476,-87.647665,E
ELEC,Blackhawk on Halsted,1460 N Halsted,Chicago,IL,60642,888-264-2208,Public,Mon 6:00am - 11:59pm; Tue 6:00am - 11:59pm; Wed 6:00am - 11:59pm; Thu 6:00am - 11:59pm; Fri 6:00am - 11:59pm; Sat 6:00am - 11:59pm; Sun 6:00am - 11:59pm,SHELL_RECHARGE,41.907878,-87.649333,E
ELEC,Government Center Self Park,181 North Clark,Chicago,IL,60601,888-264-2208,TEMPORARILY UNAVAILABLE (Public),Mon 6:00am - 11:59pm; Tue 6:00am - 11:59pm; Wed 6:00am - 11:59pm; Thu 6:00am - 11:59pm; Fri 6:00am - 11:59pm; Sat 6:00am - 11:59pm; Sun 6:00am - 11:59pm,SHELL_RECHARGE,41.885613,-87.630756,T
ELEC,United Center South Entrance,1901 West Madison St,Chicago,IL,60612,888-264-2208,Public,Mon 6:00am - 11:59pm; Tue 6:00am - 11:59pm; Wed 6:00am - 11:59pm; Thu 6:00am - 11:59pm; Fri 6:00am - 11:59pm; Sat 6:00am - 11:59pm; Sun 6:00am - 11:59pm,SHELL_RECHARGE,41.879903,-87.67415,E
ELEC,Walgreens at 316 W Cermak Rd Chicago,316 W Cermak Rd,Chicago,IL,60616,888-264-2208,TEMPORARILY UNAVAILABLE (Public),Mon 8:00am - 7:00pm; Tue 8:00am - 11:59pm; Wed 8:00am - 11:59pm; Thu 8:00am - 11:59pm; Fri 8:00am - 11:59pm; Sat 8:00am - 11:59pm; Sun 8:00am - 11:59pm,SHELL_RECHARGE,41.853059,-87.635359,T
ELEC,Jewel Osco 3514 3531 Broadway Chicago IL,3531 North Broadway,Chicago,IL,60657,888-264-2208,Public,Mon 6:00am - 11:59pm; Tue 6:00am - 11:59pm; Wed 6:00am - 11:59pm; Thu 6:00am - 11:59pm; Fri 6:00am - 11:59pm; Sat 6:00am - 11:59pm; Sun 6:00am - 11:59pm,SHELL_RECHARGE,41.946946,-87.646538,E
ELEC,Addison and Clark,3554 N Sheffield Ave,Chicago,IL,60613,888-264-2208,Public,Mon 6:00am - 11:59pm; Tue 6:00am - 11:59pm; Wed 6:00am - 11:59pm; Thu 6:00am - 11:59pm; Fri 6:00am - 11:59pm; Sat 6:00am - 11:59pm; Sun 6:00am - 11:59pm,SHELL_RECHARGE,41.946911,-87.654816,E
ELEC,Jewel Osco 4250 N Lincoln Chicago IL,4250 N Lincoln,Chicago,IL,60618,888-264-2208,Public,Mon 6:00am - 11:59pm; Tue 6:00am - 11:59pm; Wed 6:00am - 11:59pm; Thu 6:00am - 11:59pm; Fri 6:00am - 11:59pm; Sat 6:00am - 11:59pm; Sun 6:00am - 11:59pm,SHELL_RECHARGE,41.95874,-87.682646,E
ELEC,AMC Ford City 14,4700 W 77Th St,Chicago,IL,60652,888-264-2208,Public,Mon 6:00am - 11:59pm; Tue 6:00am - 11:59pm; Wed 6:00am - 11:59pm; Thu 6:00am - 11:59pm; Fri 6:00am - 11:59pm; Sat 6:00am - 11:59pm; Sun 6:00am - 11:59pm,SHELL_RECHARGE,41.753993,-87.733809,E
ELEC,Walgreens at 501 W Roosevelt Rd Chicago,501 W Roosevelt Rd,Chicago,IL,60607,888-264-2208,Public,Mon 7:30am - 10:00pm; Tue 7:30am - 10:00pm; Wed 7:30am - 10:00pm; Thu 7:30am - 10:00pm; Fri 7:30am - 10:00pm; Sat 7:30am - 10:00pm; Sun 7:30am - 10:00pm,SHELL_RECHARGE,41.86692,-87.639553,E
ELEC,The Shops at North Bridge Rush St,520 N Michigan Ave,Chicago,IL,60611,888-264-2208,TEMPORARILY UNAVAILABLE (Public),24 hours daily,SHELL_RECHARGE,41.89111,-87.625614,T
ELEC,Jewel Osco 5516 N Clark St Chicago IL,5516 North Clark St,Chicago,IL,60640,888-264-2208,Public,Mon 6:00am - 11:59pm; Tue 6:00am - 11:59pm; Wed 6:00am - 11:59pm; Thu 6:00am - 11:59pm; Fri 6:00am - 11:59pm; Sat 6:00am - 11:59pm; Sun 6:00am - 11:59pm,SHELL_RECHARGE,41.982498,-87.669138,E
ELEC,Medical Campus Parking B,5656 S. Maryland Ave,Chicago,IL,60637,888-264-2208,Public,Mon 12:00am - 11:59pm; Tue 12:00am - 11:59pm; Wed 12:00am - 11:59pm; Thu 12:00am - 11:59pm; Fri 12:00am - 11:59pm; Sat 12:00am - 11:59pm; Sun 12:00am - 11:59pm,SHELL_RECHARGE,41.792357,-87.605923,E
ELEC,Whole Foods Market Chicago Edgewater EWR,6009 North Broadway,Chicago,IL,60660,888-264-2208,Public,Mon 12:00am - 11:59pm; Tue 12:00am - 11:59pm; Wed 12:00am - 11:59pm; Thu 12:00am - 11:59pm; Fri 12:00am - 11:59pm; Sat 12:00am - 11:59pm; Sun 12:00am - 11:59pm,SHELL_RECHARGE,41.991563,-87.659774,E
ELEC,Water Tower Place Garage Level 1,835 N Michigan Ave,Chicago,IL,60611,888-264-2208,Public,Mon 6:00am - 11:59pm; Tue 6:00am - 11:59pm; Wed 6:00am - 11:59pm; Thu 6:00am - 11:59pm; Fri 6:00am - 11:59pm; Sat 6:00am - 11:59pm; Sun 6:00am - 11:59pm,SHELL_RECHARGE,41.898107,-87.62289,E
ELEC,Chicago Ridge Mall,444 Chicago Ridge Mall,Chicago Ridge,IL,60415,888-264-2208,Public,Mon 6:00am - 11:59pm; Tue 6:00am - 11:59pm; Wed 6:00am - 11:59pm; Thu 6:00am - 11:59pm; Fri 6:00am - 11:59pm; Sat 6:00am - 11:59pm; Sun 6:00am - 11:59pm,SHELL_RECHARGE,41.716515,-87.783417,E
ELEC,Baker Hill,836 Roosevelt Rd,Glen Ellyn,IL,60137,888-264-2208,Public,Mon 6:00am - 11:59pm; Tue 6:00am - 11:59pm; Wed 6:00am - 11:59pm; Thu 6:00am - 11:59pm; Fri 6:00am - 11:59pm; Sat 6:00am - 11:59pm; Sun 6:00am - 11:59pm,SHELL_RECHARGE,41.860425,-88.049036,E
ELEC,Whole Foods Kildeer KLD,20281 N Rand Rd,Kildeer,IL,60074,888-264-2208,Public,Mon 6:00am - 11:59pm; Tue 6:00am - 11:59pm; Wed 6:00am - 11:59pm; Thu 6:00am - 11:59pm; Fri 6:00am - 11:59pm; Sat 6:00am - 11:59pm; Sun 6:00am - 11:59pm,SHELL_RECHARGE,42.159163,-88.044557,E
ELEC,Yorktown Center Von Maur,203 Yorktown Shopping Center,Lombard,IL,60148,888-264-2208,TEMPORARILY UNAVAILABLE (Public),Mon 6:00am - 11:59pm; Tue 6:00am - 11:59pm; Wed 6:00am - 11:59pm; Thu 6:00am - 11:59pm; Fri 6:00am - 11:59pm; Sat 6:00am - 11:59pm; Sun 6:00am - 11:59pm,SHELL_RECHARGE,41.839207,-88.005285,T
ELEC,Yorktown Center HM,203 Yorktown Shopping Center,Lombard,IL,60148,888-264-2208,Public,Mon 6:00am - 11:59pm; Tue 6:00am - 11:59pm; Wed 6:00am - 11:59pm; Thu 6:00am - 11:59pm; Fri 6:00am - 11:59pm; Sat 6:00am - 11:59pm; Sun 6:00am - 11:59pm,SHELL_RECHARGE,41.839369,-88.008937,E
ELEC,Fox Run Square,1212 S Naper Blvd,Naperville,IL,60540,888-264-2208,Public,Mon 6:00am - 11:59pm; Tue 6:00am - 11:59pm; Wed 6:00am - 11:59pm; Thu 6:00am - 11:59pm; Fri 6:00am - 11:59pm; Sat 6:00am - 11:59pm; Sun 6:00am - 11:59pm,SHELL_RECHARGE,41.750269,-88.113358,E
ELEC,Naperville Crossing AMC,2832 Illinois Route 59,Naperville,IL,60564,888-264-2208,Public,Mon 6:00am - 11:59pm; Tue 6:00am - 11:59pm; Wed 6:00am - 11:59pm; Thu 6:00am - 11:59pm; Fri 6:00am - 11:59pm; Sat 6:00am - 11:59pm; Sun 6:00am - 11:59pm,SHELL_RECHARGE,41.712776,-88.208411,E
ELEC,Village Square of Northbrook,127 Skokie Blvd,Northbrook,IL,60062,888-264-2208,Public,Mon 6:00am - 11:59pm; Tue 6:00am - 11:59pm; Wed 6:00am - 11:59pm; Thu 6:00am - 11:59pm; Fri 6:00am - 11:59pm; Sat 6:00am - 11:59pm; Sun 6:00am - 11:59pm,SHELL_RECHARGE,42.150522,-87.79915,E
ELEC,Northbrook Court Corner Bakery,2171 Northbrook Court,Northbrook,IL,60062,888-264-2208,Public,Mon 6:00am - 11:59pm; Tue 6:00am - 11:59pm; Wed 6:00am - 11:59pm; Thu 6:00am - 11:59pm; Fri 6:00am - 11:59pm; Sat 6:00am - 11:59pm; Sun 6:00am - 11:59pm,SHELL_RECHARGE,42.149615,-87.818162,E
ELEC,Oakbrook Center Orange Garage Ground Level,100 Oakbrook Center,Oak Brook,IL,60523,888-264-2208,Public,Mon 6:00am - 11:59pm; Tue 6:00am - 11:59pm; Wed 6:00am - 11:59pm; Thu 6:00am - 11:59pm; Fri 6:00am - 11:59pm; Sat 6:00am - 11:59pm; Sun 6:00am - 11:59pm,SHELL_RECHARGE,41.85101,-87.95349,E
ELEC,Shorewood Crossing,994 Brook Forest Ave,Shorewood,IL,60404,888-264-2208,Public,Mon 6:00am - 11:59pm; Tue 6:00am - 11:59pm; Wed 6:00am - 11:59pm; Thu 6:00am - 11:59pm; Fri 6:00am - 11:59pm; Sat 6:00am - 11:59pm; Sun 6:00am - 11:59pm,SHELL_RECHARGE,41.537363,-88.197599,E
ELEC,Westfield Old Orchard,4905 Old Orchard Center,Skokie,IL,60077,888-264-2208,Public,Mon 6:00am - 11:59pm; Tue 6:00am - 11:59pm; Wed 6:00am - 11:59pm; Thu 6:00am - 11:59pm; Fri 6:00am - 11:59pm; Sat 6:00am - 11:59pm; Sun 6:00am - 11:59pm,SHELL_RECHARGE,42.059207,-87.750711,E
ELEC,Village Crossing,5425 Touhy Ave,Skokie,IL,60077,888-264-2208,Public,Mon 6:00am - 11:59pm; Tue 6:00am - 11:59pm; Wed 6:00am - 11:59pm; Thu 6:00am - 11:59pm; Fri 6:00am - 11:59pm; Sat 6:00am - 11:59pm; Sun 6:00am - 11:59pm,SHELL_RECHARGE,42.010915,-87.763768,E
ELEC,The Arboretum of South Barrington,100 W Higgins Rd,South Barrington,IL,60010,888-264-2208,Public,Mon 6:00am - 11:59pm; Tue 6:00am - 11:59pm; Wed 6:00am - 11:59pm; Thu 6:00am - 11:59pm; Fri 6:00am - 11:59pm; Sat 6:00am - 11:59pm; Sun 6:00am - 11:59pm,SHELL_RECHARGE,42.074883,-88.184326,E
ELEC,Hawthorn Mall SE Entrance,122 Hawthorn Center,Vernon Hills,IL,60061,888-264-2208,Public,Mon 6:00am - 11:59pm; Tue 6:00am - 11:59pm; Wed 6:00am - 11:59pm; Thu 6:00am - 11:59pm; Fri 6:00am - 11:59pm; Sat 6:00am - 11:59pm; Sun 6:00am - 11:59pm,SHELL_RECHARGE,42.242204,-87.948445,E
ELEC,Hinsdale Lake Commons whole foods market,6300 Kingery Hwy #126,Willowbrook,IL,60527,888-264-2208,Public,Mon 6:00am - 11:59pm; Tue 6:00am - 11:59pm; Wed 6:00am - 11:59pm; Thu 6:00am - 11:59pm; Fri 6:00am - 11:59pm; Sat 6:00am - 11:59pm; Sun 6:00am - 11:59pm,SHELL_RECHARGE,41.772945,-87.94883,E
ELEC,Willowbrook Town Center,7185 Kingery Hwy,Willowbrook,IL,60527,888-264-2208,Public,Mon 6:00am - 11:59pm; Tue 6:00am - 11:59pm; Wed 6:00am - 11:59pm; Thu 6:00am - 11:59pm; Fri 6:00am - 11:59pm; Sat 6:00am - 11:59pm; Sun 6:00am - 11:59pm,SHELL_RECHARGE,41.759225,-87.943585,E
ELEC,Walgreens at 3035 Book Rd Naperville,3035 Book Rd,Naperville,IL,60564,888-264-2208,Public,Mon 7:00am - 10:00pm; Tue 7:00am - 10:00pm; Wed 7:00am - 10:00pm; Thu 7:00am - 10:00pm; Fri 7:00am - 10:00pm; Sat 8:00am - 10:00pm; Sun 8:00am - 10:00pm,SHELL_RECHARGE,41.709624,-88.186748,E
ELEC,Walgreens at 2100 W State St Geneva,2100 W State St,Geneva,IL,60134,888-264-2208,Public,Mon 6:00am - 11:59pm; Tue 6:00am - 11:59pm; Wed 6:00am - 11:59pm; Thu 6:00am - 11:59pm; Fri 6:00am - 11:59pm; Sat 6:00am - 11:59pm; Sun 6:00am - 11:59pm,SHELL_RECHARGE,41.897485,-88.332011,E
ELEC,Walgreens at 15 N Buffalo Grove Rd Buffalo Grove,15 N Buffalo Grove,Buffalo Grove,IL,60089,888-264-2208,Public,Mon 12:00am - 11:59pm; Tue 12:00am - 11:59pm; Wed 12:00am - 11:59pm; Thu 12:00am - 11:59pm; Fri 12:00am - 11:59pm; Sat 12:00am - 11:59pm; Sun 12:00am - 11:59pm,SHELL_RECHARGE,42.153671,-87.961713,E
ELEC,Walgreens at 7200 W North Ave Elmwood Park,7200 W North Ave,Elmwood Park,IL,60302,888-264-2208,Public,Mon 12:00am - 11:59pm; Tue 12:00am - 11:59pm; Wed 12:00am - 11:59pm; Thu 12:00am - 11:59pm; Fri 12:00am - 11:59pm; Sat 12:00am - 11:59pm; Sun 12:00am - 11:59pm,SHELL_RECHARGE,41.909227,-87.806047,E
ELEC,Walgreens at 1225 W Dundee Rd Buffalo Grove,1225 W Dundee Rd,Buffalo Grove,IL,60089,888-264-2208,Public,Mon 7:00am - 10:00pm; Tue 7:00am - 10:00pm; Wed 7:00am - 10:00pm; Thu 7:00am - 10:00pm; Fri 7:00am - 10:00pm; Sat 8:00am - 10:00pm; Sun 8:00am - 10:00pm,SHELL_RECHARGE,42.138564,-87.986826,E
ELEC,Cinemark Melrose Park,1001 W North Ave,Melrose Park,IL,60160,888-264-2208,Public,Mon 6:00am - 11:59pm; Tue 6:00am - 11:59pm; Wed 6:00am - 11:59pm; Thu 6:00am - 11:59pm; Fri 6:00am - 11:59pm; Sat 6:00am - 11:59pm; Sun 6:00am - 11:59pm,SHELL_RECHARGE,41.909776,-87.845872,E
ELEC,AMC CLASSIC Galewood Crossings 14,5530 W Homer St,Chicago,IL,60639,888-264-2208,Public,Mon 6:00am - 11:59pm; Tue 6:00am - 11:59pm; Wed 6:00am - 11:59pm; Thu 6:00am - 11:59pm; Fri 6:00am - 11:59pm; Sat 6:00am - 11:59pm; Sun 6:00am - 11:59pm,SHELL_RECHARGE,41.915516,-87.764428,E
ELEC,Fox Valley Mall NW entrance,195 Fox Valley Center,Aurora,IL,60504,888-264-2208,Public,Mon 6:00am - 11:59pm; Tue 6:00am - 11:59pm; Wed 6:00am - 11:59pm; Thu 6:00am - 11:59pm; Fri 6:00am - 11:59pm; Sat 6:00am - 11:59pm; Sun 6:00am - 11:59pm,SHELL_RECHARGE,41.759287,-88.214534,E
ELEC,The Promenade at Bolingbrook North West,631 E Boughton Rd,Bolingbrook,IL,60440,888-264-2208,Public,Mon 6:00am - 11:59pm; Tue 6:00am - 11:59pm; Wed 6:00am - 11:59pm; Thu 6:00am - 11:59pm; Fri 6:00am - 11:59pm; Sat 6:00am - 11:59pm; Sun 6:00am - 11:59pm,SHELL_RECHARGE,41.720928,-88.041228,E
ELEC,The Promenade at Bolingbrook Macys,631 E Boughton Rd,Bolingbrook,IL,60440,888-264-2208,Public,Mon 6:00am - 11:59pm; Tue 6:00am - 11:59pm; Wed 6:00am - 11:59pm; Thu 6:00am - 11:59pm; Fri 6:00am - 11:59pm; Sat 6:00am - 11:59pm; Sun 6:00am - 11:59pm,SHELL_RECHARGE,41.71999,-88.042607,E
ELEC,United Center East Entrance,1901 West Madison St,Chicago,IL,60612,888-264-2208,Public,Mon 6:00am - 11:59pm; Tue 6:00am - 11:59pm; Wed 6:00am - 11:59pm; Thu 6:00am - 11:59pm; Fri 6:00am - 11:59pm; Sat 6:00am - 11:59pm; Sun 6:00am - 11:59pm,SHELL_RECHARGE,41.880715,-87.672479,E
ELEC,Northbrook Court DCFC,2171 Northbrook Court,Northbrook,IL,60062,888-264-2208,TEMPORARILY UNAVAILABLE (Public),24 hours daily,SHELL_RECHARGE,42.150306,-87.814139,T
ELEC,Northbrook Court California Pizza Kitchen,2171 Northbrook Court,Northbrook,IL,60062,888-264-2208,Public,Mon 6:00am - 11:59pm; Tue 6:00am - 11:59pm; Wed 6:00am - 11:59pm; Thu 6:00am - 11:59pm; Fri 6:00am - 11:59pm; Sat 6:00am - 11:59pm; Sun 6:00am - 11:59pm,SHELL_RECHARGE,42.150978,-87.817464,E
ELEC,Northbrook Court East Entrance,2171 Northbrook Court,Northbrook,IL,60062,888-264-2208,Public,Mon 6:00am - 11:59pm; Tue 6:00am - 11:59pm; Wed 6:00am - 11:59pm; Thu 6:00am - 11:59pm; Fri 6:00am - 11:59pm; Sat 6:00am - 11:59pm; Sun 6:00am - 11:59pm,SHELL_RECHARGE,42.1512,-87.815432,E
ELEC,Northbrook Court AMC,2171 Northbrook Court,Northbrook,IL,60062,888-264-2208,Public,Mon 6:00am - 11:59pm; Tue 6:00am - 11:59pm; Wed 6:00am - 11:59pm; Thu 6:00am - 11:59pm; Fri 6:00am - 11:59pm; Sat 6:00am - 11:59pm; Sun 6:00am - 11:59pm,SHELL_RECHARGE,42.149339,-87.816136,E
ELEC,Hawthorn Mall NW Entrance,122 Hawthorn Center,Vernon Hills,IL,60061,888-264-2208,Public,Mon 6:00am - 11:59pm; Tue 6:00am - 11:59pm; Wed 6:00am - 11:59pm; Thu 6:00am - 11:59pm; Fri 6:00am - 11:59pm; Sat 6:00am - 11:59pm; Sun 6:00am - 11:59pm,SHELL_RECHARGE,42.243072,-87.952099,E
ELEC,Hawthorn Mall Macys,122 Hawthorn Center,Vernon Hills,IL,60061,888-264-2208,Public,Mon 6:00am - 11:59pm; Tue 6:00am - 11:59pm; Wed 6:00am - 11:59pm; Thu 6:00am - 11:59pm; Fri 6:00am - 11:59pm; Sat 6:00am - 11:59pm; Sun 6:00am - 11:59pm,SHELL_RECHARGE,42.241709,-87.951947,E
ELEC,Hawthorn Mall AMC Theater,122 Hawthorn Center,Vernon Hills,IL,60061,888-264-2208,Public,Mon 6:00am - 11:59pm; Tue 6:00am - 11:59pm; Wed 6:00am - 11:59pm; Thu 6:00am - 11:59pm; Fri 6:00am - 11:59pm; Sat 6:00am - 11:59pm; Sun 6:00am - 11:59pm,SHELL_RECHARGE,42.244167,-87.948819,E
ELEC,Oakbrook Center The Clubhouse,100 Oakbrook Center,Oak Brook,IL,60523,888-264-2208,Public,Mon 6:00am - 11:59pm; Tue 6:00am - 11:59pm; Wed 6:00am - 11:59pm; Thu 6:00am - 11:59pm; Fri 6:00am - 11:59pm; Sat 6:00am - 11:59pm; Sun 6:00am - 11:59pm,SHELL_RECHARGE,41.848438,-87.951323,E
ELEC,Oakbrook Center Crate and Barrel,100 Oakbrook Center,Oak Brook,IL,60523,888-264-2208,Public,Mon 6:00am - 11:59pm; Tue 6:00am - 11:59pm; Wed 6:00am - 11:59pm; Thu 6:00am - 11:59pm; Fri 6:00am - 11:59pm; Sat 6:00am - 11:59pm; Sun 6:00am - 11:59pm,SHELL_RECHARGE,41.850431,-87.955097,E
ELEC,Oakbrook Center Purple Garage Level 3,100 Oakbrook Center,Oak Brook,IL,60523,888-264-2208,Public,Mon 6:00am - 11:59pm; Tue 6:00am - 11:59pm; Wed 6:00am - 11:59pm; Thu 6:00am - 11:59pm; Fri 6:00am - 11:59pm; Sat 6:00am - 11:59pm; Sun 6:00am - 11:59pm,SHELL_RECHARGE,41.852164,-87.953359,E
ELEC,Oakbrook Center Blue Garage 1st floor,100 Oakbrook Center,Oak Brook,IL,60523,888-264-2208,Public,Mon 6:00am - 11:59pm; Tue 6:00am - 11:59pm; Wed 6:00am - 11:59pm; Thu 6:00am - 11:59pm; Fri 6:00am - 11:59pm; Sat 6:00am - 11:59pm; Sun 6:00am - 11:59pm,SHELL_RECHARGE,41.851726,-87.951798,E
ELEC,Oakbrook Center Macys,100 Oakbrook Center,Oak Brook,IL,60523,888-264-2208,Public,Mon 6:00am - 11:59pm; Tue 6:00am - 11:59pm; Wed 6:00am - 11:59pm; Thu 6:00am - 11:59pm; Fri 6:00am - 11:59pm; Sat 6:00am - 11:59pm; Sun 6:00am - 11:59pm,SHELL_RECHARGE,41.848346,-87.953987,E
ELEC,Oakbrook Center Nordstrom,100 Oakbrook Center,Oak Brook,IL,60523,888-264-2208,Public,Mon 6:00am - 11:59pm; Tue 6:00am - 11:59pm; Wed 6:00am - 11:59pm; Thu 6:00am - 11:59pm; Fri 6:00am - 11:59pm; Sat 6:00am - 11:59pm; Sun 6:00am - 11:59pm,SHELL_RECHARGE,41.851774,-87.950973,E
ELEC,University of Illinois - 760 W Taylor St,760 W Taylor St,Chicago,IL,60607,888-998-2546,Public,24 hours daily,Blink Network,41.864511,-87.645224,E
ELEC,University of Illinois - 915 S Paulina St,915 S Paulina St,Chicago,IL,60612,888-998-2546,Public,24 hours daily,Blink Network,41.864575,-87.645374,E
ELEC,ADVOCATE SHEP FITNESS,1301 S Barrington Rd,Barrington,IL,60010,888-758-4389,Public,24 hours daily,ChargePoint Network,42.134235,-88.134815,E
ELEC,COUNTRYSIDE EAST #1,803 Joliet Rd,Countryside,IL,60525,888-758-4389,Public,24 hours daily,ChargePoint Network,41.77491,-87.87812,E
ELEC,Tinseltown USA North Aurora,320 S Lincolnway St,North Aurora,IL,60542,888-264-2208,Public,Mon 6:00am - 11:59pm; Tue 6:00am - 11:59pm; Wed 6:00am - 11:59pm; Thu 6:00am - 11:59pm; Fri 6:00am - 11:59pm; Sat 6:00am - 11:59pm; Sun 6:00am - 11:59pm,SHELL_RECHARGE,41.791653,-88.324257,E
ELEC,Walgreens at 3351 W Main St St Charles,3351 W Main St,St. Charles,IL,60175,888-264-2208,Public,Mon 7:00am - 10:00pm; Tue 7:00am - 10:00pm; Wed 7:00am - 10:00pm; Thu 7:00am - 10:00pm; Fri 7:00am - 10:00pm; Sat 7:00am - 10:00pm; Sun 7:00am - 10:00pm,SHELL_RECHARGE,41.918021,-88.359036,E
ELEC,Walgreens at 1295 Lily Cache Ln Bolingbrook,1295 Lily Cache Ln,Bolingbrook,IL,60490,888-264-2208,Public,Mon 8:00am - 11:59pm; Tue 8:00am - 11:59pm; Wed 8:00am - 11:59pm; Thu 8:00am - 11:59pm; Fri 8:00am - 11:59pm; Sat 8:00am - 11:59pm; Sun 8:00am - 11:59pm,SHELL_RECHARGE,41.689284,-88.125262,E
ELEC,Walgreens at 1303 Wehrli Rd Naperville,1303 Wehrli Rd,Naperville,IL,60565,888-264-2208,Public,Mon 7:00am - 10:00pm; Tue 7:00am - 10:00pm; Wed 7:00am - 10:00pm; Thu 7:00am - 10:00pm; Fri 7:00am - 10:00pm; Sat 8:00am - 10:00pm; Sun 8:00am - 10:00pm,SHELL_RECHARGE,41.748634,-88.103853,E
ELEC,Walgreens at 1779 Sequoia Rd Naperville,1779 Sequoia Rd,Naperville,IL,60540,888-264-2208,Public,Mon 8:00am - 10:00pm; Tue 8:00am - 10:00pm; Wed 8:00am - 10:00pm; Thu 8:00am - 10:00pm; Fri 8:00am - 10:00pm; Sat 8:00am - 10:00pm; Sun 8:00am - 10:00pm,SHELL_RECHARGE,41.758241,-88.186414,E
ELEC,Walgreens at 1770 N Milwaukee Rd Libertyville,1770 N Milwaukee,Libertyville,IL,60048,888-264-2208,Public,Mon 7:00am - 10:00pm; Tue 7:00am - 10:00pm; Wed 7:00am - 10:00pm; Thu 7:00am - 10:00pm; Fri 7:00am - 10:00pm; Sat 8:00am - 10:00pm; Sun 8:00am - 10:00pm,SHELL_RECHARGE,42.305149,-87.9591,E
ELEC,Walgreens at 910 N Rand Rd Lake Zurich,910 N Rand Rd,Lake Zurich,IL,60047,888-264-2208,Public,Mon 7:00am - 10:00pm; Tue 7:00am - 10:00pm; Wed 7:00am - 10:00pm; Thu 7:00am - 10:00pm; Fri 7:00am - 10:00pm; Sat 8:00am - 10:00pm; Sun 8:00am - 10:00pm,SHELL_RECHARGE,42.212272,-88.110971,E
ELEC,222 N LaSalle Parking Garage,222 N La Salle St,Chicago,IL,60601,855-900-7584,Public,24 hours daily,SHELL_RECHARGE,41.886578,-87.632776,E
ELEC,Willow Festival - Tesla Supercharger,840-109 Willow Road,Northbrook,IL,60062,877-798-3752,Public,24 hours daily. Please check Tesla's online station map to see if an adapter is required at this location.,Tesla,42.107547,-87.802407,E
ELEC,500 Lake Shore Drive,517 N Peshtigo Ct,Chicago,IL,60611,888-998-2546,Public,24 hours daily,Blink Network,41.891568,-87.614945,E
ELEC,Walgreens at 2719 Hassert Blvd Naperville,2719 Hassert Blvd,Naperville,IL,60564,888-264-2208,Public,Mon 8:00am - 10:00pm; Tue 8:00am - 10:00pm; Wed 8:00am - 10:00pm; Thu 8:00am - 10:00pm; Fri 8:00am - 10:00pm; Sat 8:00am - 10:00pm; Sun 8:00am - 10:00pm,SHELL_RECHARGE,41.681033,-88.202974,E
ELEC,AMC Lake In The Hills 12,311 Randall Rd,Lake in the Hills,IL,60156,888-264-2208,Public,Mon 6:00am - 11:59pm; Tue 6:00am - 11:59pm; Wed 6:00am - 11:59pm; Thu 6:00am - 11:59pm; Fri 6:00am - 11:59pm; Sat 6:00am - 11:59pm; Sun 6:00am - 11:59pm,SHELL_RECHARGE,42.179863,-88.333437,E
ELEC,SCATCHELL'S CHARGER #1,4700 W Cermak Rd,Cicero,IL,60804,888-758-4389,Public,24 hours daily,ChargePoint Network,41.851536,-87.74217,E
ELEC,K & H Travel Plaza - Tesla Supercharger,1043 South Crescent Street,Gilman,IL,60938,877-798-3752,Public,24 hours daily. Please check Tesla's online station map to see if an adapter is required at this location.,Tesla,40.752202,-87.996464,E
ELEC,Walton on the Park Underground Garage,2 W. Delaware Place,Chicago,IL,60610,888-998-2546,Public,24 hours daily,Blink Network,41.899409,-87.62879,E
ELEC,Silvis Public Library,806 1st Ave,Silvis,IL,61282,309-755-3393,Public,24 hours daily,Non-Networked,41.512087,-90.416615,E
ELEC,Silvis City Hall,1100 1st Ave,Silvis,IL,61282,309-792-9181,Public,24 hours daily,Non-Networked,41.51124,-90.412852,E
ELEC,Walgreens L2,1520 W Fullerton Ave,Chicago,IL,60614,773-929-6968,TEMPORARILY UNAVAILABLE (Public),24 hours daily,Non-Networked,41.925715,-87.666226,T
ELEC,Hove Nissan,1405 N Kinzie Ave,Bourbonnais,IL,60914,855-464-0621,Public,Dealership business hours,Non-Networked,41.165404,-87.85026,E
ELEC,Riverside Medical Center,350 N Wall St,Kankakee,IL,60901,815-933-1671,Public,24 hours daily,Non-Networked,41.125554,-87.881668,E
ELEC,Illini Union Hotel,1401 W Green St,Urbana,IL,61801,217-333-1241,Public,24 hours daily; guest use only; see front desk for access,Non-Networked,40.109651,-88.226594,E
ELEC,John Deere Technology and Innovation Center,2021 S 1st St,Champaign,IL,61820,217-693-6925,Public,24 hours daily,Non-Networked,40.088819,-88.239863,E
ELEC,Hampton Inn Champaign Southwest,3308 Mission Dr,Champaign,IL,61822,217-356-0726,Public,24 hours daily; guest use only,Non-Networked,40.072306,-88.311422,E
ELEC,Hampton Inn Champaign Southwest - Tesla,3308 Mission Dr,Champaign,IL,61822,217-356-0726,Public,24 hours daily; guest use only,Non-Networked,40.072306,-88.311422,E
ELEC,Best Western Monticello Gateway Inn,805 Iron Horse Pl,Monticello,IL,61856,217-762-9436,Public,24 hours daily; guest use only,Non-Networked,40.050206,-88.565834,E
ELEC,Suite Dreams Hotel,300 Broadway Ave E,Mattoon,IL,61938,217-234-8600,Public,24 hours daily; for customer use only,Non-Networked,39.482993,-88.34533,E
ELEC,Lake Land College,5001 Lake Land Blvd,Mattoon,IL,61938,217-234-5253,Public,24 hours daily,Non-Networked,39.418845,-88.386345,E
ELEC,Ameren Illinois - Pawnee Training Center,2105 IL-104,Pawnee,IL,62558,,Private,24 hours daily,Non-Networked,39.594543,-89.606847,E
ELEC,Memorial Center for Learning and Innovation,228 W Miller St,Springfield,IL,62702,217-788-3000,Public,24 hours daily,Non-Networked,39.807992,-89.656367,E
ELEC,Memorial Medical Center Garage,751 N Rutledge St,Springfield,IL,62781,217-788-3000,Public,24 hours daily,Non-Networked,39.809445,-89.657248,E
ELEC,Springfield Clinic Parking,936 N 1st St,Springfield,IL,62702,217-528-7541,Public,24 hours daily; for employees only,Non-Networked,39.811266,-89.654267,E
ELEC,Police Department - Town of Normal,100 E Phoenix Ave,Normal,IL,61761,309-454-2444,Public,24 hours daily,Non-Networked,40.507053,-88.983546,E
ELEC,Schnucks Normal,1750 Bradford Ln,Normal,IL,61761,309-451-7100,Public,Store hours,Non-Networked,40.53328,-88.991532,E
ELEC,Best Western Plus Bloomington East Hotel,604 1/2 IAA Dr,Bloomington,IL,61701,309-808-0628,Public,24 hours daily; for customer use only,Non-Networked,40.491151,-88.953914,E
ELEC,Parke Regency Hotel & Conference Center,1413 Leslie Dr,Bloomington,IL,61704,309-662-4300,Public,24 hours daily; for customer use only,Non-Networked,40.501398,-88.903209,E
ELEC,The Levee District,370 W Washington St,East Peorria,IL,61611,309-999-1700,Public,24 hours daily,Non-Networked,40.670944,-89.583822,E
ELEC,Fondulac District Library,400 Richland St,East Peorria,IL,61611,309-699-3917,Public,24 hours daily,Non-Networked,40.670658,-89.586583,E
ELEC,Peoria Riverfront Museum,222 SW Washington St,Peoria,IL,61602,309-686-7000,Public,Museum hours,Non-Networked,40.689489,-89.588879,E
ELEC,Bradley University Main Street Parking Deck,913 N Maplewood Ave,Peoria,IL,61606,309-677-2227,Public,24 hours daily; permit required,Non-Networked,40.699071,-89.618674,E
ELEC,First Presbyterian Church,400 E Carroll St,Macomb,IL,61455,309-833-3333,Public,24 hours daily; Drivers must bring their own J1772 cordset for Level 1 charging,Non-Networked,40.460697,-90.666856,E
ELEC,ELEVEN THIRTY 1130 S MICHIGAN,1130 S Michigan Ave,Chicago,IL,60605,888-758-4389,Public,24 hours daily,ChargePoint Network,41.868618,-87.624626,E
ELEC,BUCK MANAGEMENT LEVEL 1 NORTH,845 W Madison St,Chicago,IL,60607,888-758-4389,Public,24 hours daily,ChargePoint Network,41.880735,-87.648861,E
ELEC,BUCK MANAGEMENT LEVEL 2 327,845 W Madison,Chicago,IL,60607,888-758-4389,Public,24 hours daily,ChargePoint Network,41.880655,-87.648861,E
ELEC,PEOPLES GAS EV2,4341 W 35th Pl Logistics Support,Chicago,IL,60646,888-758-4389,Public,24 hours daily,ChargePoint Network,41.989409,-87.730374,E
ELEC,PEOPLES GAS EV4,4341 W 35th Pl Logistics Support,Chicago,IL,60646,888-758-4389,Public,24 hours daily,ChargePoint Network,41.989297,-87.73032,E
ELEC,WILLCOUNTYGREEN HEALTH DEPT 1,1106 Neal Avenue,Joliet,IL,60433,888-758-4389,Public,24 hours daily,ChargePoint Network,41.504652,-88.068491,E
ELEC,CITY HALL CITY OF GALENA,101 Green St,Galena,IL,61036,888-758-4389,Public,24 hours daily,ChargePoint Network,42.41449,-90.42891,E
ELEC,O'Hare Airport - Multi-Modal Facility Economy Lot F,10255 W Zemke Blvd,Chicago,IL,60666,800-832-6352,Public,4th level of the Parking Garage,Non-Networked,41.99426839015599,-87.88105290737916,E
ELEC,Meijer - Tesla Supercharger,3800 Vollmer Road,Flossmoor,IL,60422,877-798-3752,Public,24 hours daily. Please check Tesla's online station map to see if an adapter is required at this location.,Tesla,41.529301,-87.709496,E
ELEC,Chicago Travel Plaza - Tesla Supercharger,Building 840 O'Hare Int'l Airport,Chicago,IL,60666,877-798-3752,Public,24 hours daily. Please check Tesla's online station map to see if an adapter is required at this location.,Tesla,41.998752,-87.888342,E
ELEC,SW IL COLLEGE STATION #4,2500,Belleville,IL,62221,888-758-4389,Public,24 hours daily,ChargePoint Network,38.518816,-89.923986,E
ELEC,Walmart 224 Mount Vernon,110 Davidson Ave,Mount Vernon,IL,62864,833-632-2778,Public,24 hours daily,Electrify America,38.31026,-88.95806,E
ELEC,OZINGA CHINA TOWN,2242 S Lumber St,Chicago,IL,60616,888-758-4389,Public,24 hours daily,ChargePoint Network,41.851961,-87.64313,E
ELEC,Echelon Garage,353 N DesPlaines St,Chicago,IL,60661,888-998-2546,TEMPORARILY UNAVAILABLE (Public),24 hours daily,Blink Network,41.87167,-87.626889,T
ELEC,GRAND BURL GRAND-BURL,1013 Burlington Ave,Western Springs,IL,60558,888-758-4389,Public,24 hours daily,ChargePoint Network,41.808755,-87.902141,E
ELEC,Parking lot 15B Physician/Provider Parking,891 Spring St,Quincy,IL,62301,888-998-2546,Public,24 hours daily,Blink Network,39.9375,-91.4018,E
ELEC,Downers Park Plaza,7231 Lemont Rd,Downers Grove,IL,60516,888-264-2208,PLANNED - not yet accessible (Public),Mon 6:00am - 11:59pm; Tue 6:00am - 11:59pm; Wed 6:00am - 11:59pm; Thu 6:00am - 11:59pm; Fri 6:00am - 11:59pm; Sat 6:00am - 11:59pm; Sun 6:00am - 11:59pm,SHELL_RECHARGE,41.75552,-88.009979,P
ELEC,FIRST STREET 1ST ST GARAGE,100 W Illinois Street,St Charles,IL,60174,888-758-4389,Public,24 hours daily,ChargePoint Network,41.912445,-88.314345,E
ELEC,UIC 1100 West Harrison,1100 West Harrison,Chicago,IL,60607,888-998-2546,Public,24 hours daily,Blink Network,41.874817,-87.665107,E
ELEC,ADVOCATE ASSH CAC EAST,17800 Kedzie Ave,Hazel Crest,IL,60429,888-758-4389,Public,24 hours daily,ChargePoint Network,41.565613,-87.69809,E
ELEC,The Marke of Elmhurst,100 N Addison Ave,Elmhurst,IL,60126,,Private,Also accepts Paypal,EV Connect,41.9002646,-87.941968,E
ELEC,Jewel Osco 1350 US Route 12 Fox Lake,1350 US Route 12,Fox Lake,IL,60020,888-264-2208,Public,Mon 6:00am - 11:59pm; Tue 6:00am - 11:59pm; Wed 6:00am - 11:59pm; Thu 6:00am - 11:59pm; Fri 6:00am - 11:59pm; Sat 6:00am - 11:59pm; Sun 6:00am - 11:59pm,SHELL_RECHARGE,42.366466,-88.172072,E
ELEC,Jewel Osco 885 E Belvidere Rd Grayslake,885 E. Belvidere Rd,Grayslake,IL,60030,888-264-2208,Public,Mon 6:00am - 11:59pm; Tue 6:00am - 11:59pm; Wed 6:00am - 11:59pm; Thu 6:00am - 11:59pm; Fri 6:00am - 11:59pm; Sat 6:00am - 11:59pm; Sun 6:00am - 11:59pm,SHELL_RECHARGE,42.336106,-88.026486,E
ELEC,Jewel Osco 375 Randall Rd South Elgin,375 Randall Rd,South Elgin,IL,60177,888-264-2208,Public,Mon 6:00am - 11:59pm; Tue 6:00am - 11:59pm; Wed 6:00am - 11:59pm; Thu 6:00am - 11:59pm; Fri 6:00am - 11:59pm; Sat 6:00am - 11:59pm; Sun 6:00am - 11:59pm,SHELL_RECHARGE,41.986892,-88.339355,E
ELEC,Jewel Osco 2073 Prairie St St Charles,2073 Prairie St,St. Charles,IL,60174,888-264-2208,Public,Mon 6:00am - 11:59pm; Tue 6:00am - 11:59pm; Wed 6:00am - 11:59pm; Thu 6:00am - 11:59pm; Fri 6:00am - 11:59pm; Sat 6:00am - 11:59pm; Sun 6:00am - 11:59pm,SHELL_RECHARGE,41.902696,-88.338214,E
ELEC,Jewel Osco 1200 W Boughton Bolingbrook,1200 W. Boughton,Bolingbrook,IL,60440,888-264-2208,Public,Mon 6:00am - 11:59pm; Tue 6:00am - 11:59pm; Wed 6:00am - 11:59pm; Thu 6:00am - 11:59pm; Fri 6:00am - 11:59pm; Sat 6:00am - 11:59pm; Sun 6:00am - 11:59pm,SHELL_RECHARGE,41.704636,-88.124041,E
ELEC,Edens Collection,4631 W Foster Ave,Chicago,IL,60630,888-264-2208,TEMPORARILY UNAVAILABLE (Public),Mon 6:00am - 11:59pm; Tue 6:00am - 11:59pm; Wed 6:00am - 11:59pm; Thu 6:00am - 11:59pm; Fri 6:00am - 11:59pm; Sat 6:00am - 11:59pm; Sun 6:00am - 11:59pm,SHELL_RECHARGE,41.975078,-87.745385,T
ELEC,Jewel Osco 5343 N Broadway Chicago,5343 N Broadway,Chicago,IL,60640,888-264-2208,Public,Mon 6:00am - 11:59pm; Tue 6:00am - 11:59pm; Wed 6:00am - 11:59pm; Thu 6:00am - 11:59pm; Fri 6:00am - 11:59pm; Sat 6:00am - 11:59pm; Sun 6:00am - 11:59pm,SHELL_RECHARGE,41.978844,-87.659321,E
ELEC,"EVANSTON, IL ROBERT CROWN 3",1717 Main St,Evanston,IL,60202,888-758-4389,Public,24 hours daily,ChargePoint Network,42.034153,-87.6969,E
ELEC,"EVANSTON, IL ROBERT CROWN 2",1720 Main St,Evanston,IL,60202,888-758-4389,Public,24 hours daily,ChargePoint Network,42.034083,-87.697274,E
ELEC,"EVANSTON, IL ROBERT CROWN 1",1801 Main St,Evanston,IL,60202,888-758-4389,Public,24 hours daily,ChargePoint Network,42.034075,-87.697548,E
ELEC,"Meijer Bloomingdale (Bloomingdale, IL)",130 S Gary Ave,Bloomingdale,IL,60108,833-632-2778,Public,24 hours daily,Electrify America,41.95389,-88.12231,E
ELEC,2205 POINT BLVD STATION 2,2205 Point Blvd,Elgin,IL,60123,888-758-4389,Public,24 hours daily,ChargePoint Network,42.08035,-88.331523,E
ELEC,Illini Community Hospital,640 West Washington,Pittsfield,IL,62363,888-998-2546,Public,24 hours daily,Blink Network,39.607144,-90.8148938,E
ELEC,UIC 1100 Wood Street,1100 South Wood Street,Chicago,IL,60612,888-998-2546,Public,24 hours daily,Blink Network,41.867904,-87.67315,E
ELEC,LEFT BANK CS STATION 1,300 N Canal St,Chicago,IL,60606,888-758-4389,Public,24 hours daily,ChargePoint Network,41.887215,-87.640641,E
ELEC,Wally’s,1 Holiday Rd,Pontiac,IL,61764,815-844-8690,TEMPORARILY UNAVAILABLE (Public),24 hours daily,Non-Networked,40.870116,-88.669188,T
ELEC,"Walmart 1737 (Villa Park, IL)",900 South Route 83,Villa Park,IL,60181,833-632-2778,Public,24 hours daily,Electrify America,41.87287,-87.96243,E
ELEC,Cinemark 16 IMAX Woodridge,6500 Route 53,Woodridge,IL,60517,888-264-2208,Public,Mon 6:00am - 11:59pm; Tue 6:00am - 11:59pm; Wed 6:00am - 11:59pm; Thu 6:00am - 11:59pm; Fri 6:00am - 11:59pm; Sat 6:00am - 11:59pm; Sun 6:00am - 11:59pm,SHELL_RECHARGE,41.767314,-88.069599,E
ELEC,CITY HALL STATION #1,222 E 9th St,Lockport,IL,60441,888-758-4389,Public,24 hours daily,ChargePoint Network,41.589768,-88.055188,E
ELEC,"Meijer Evergreen Park (Evergreen Park, IL)",9200 S Western Ave,Evergreen Park,IL,60805,833-632-2778,Public,24 hours daily,Electrify America,41.72509,-87.68338,E
ELEC,Blessing Health Center,4800 Maine St.,Quincy,IL,62301,888-998-2546,Public,24 hours daily,Blink Network,39.929595,-91.337851,E
ELEC,"BofA Oak Park (Oak Park, IL)",6720 W Roosevelt Rd,Oak Park,IL,60304,833-632-2778,Public,24 hours daily,Electrify America,41.8656,-87.79148,E
ELEC,Meijer - Tesla Supercharger,808 IL-59,Aurora,IL,60504,877-798-3752,Public,24 hours daily. Please check Tesla's online station map to see if an adapter is required at this location.,Tesla,41.769111,-88.208052,E
ELEC,Bethlehem Industries - Tesla Destination,1350 Shore Rd,Naperville,IL,60563,877-798-3752,Private,,Non-Networked,41.792587,-88.226264,E
ELEC,Boxer Property - Tesla Destination,3030 Warrenville Rd,Lisle,IL,60532,877-798-3752,Private,,Non-Networked,41.809882,-88.112388,E
ELEC,Bulaw Welding - Tesla Destination,750 N Rohlwing Rd,Itasca,IL,60143,877-798-3752,Private,,Tesla Destination,41.97904,-88.0324,E
ELEC,Guaranteed Rate Field - White Sox - Tesla Destination,5 S Damen Ave,Chicago,IL,60612,877-798-3752,Private,,Tesla Destination,41.829851,-87.633706,E
ELEC,Hampton Inn by Hilton Champaign/Urbana - Tesla Destination,3308 Mission Dr,Champaign,IL,61822,877-798-3752,Public,,Non-Networked,40.071444,-88.311557,E
ELEC,Hunter Douglas Metals - Tesla Destination,915 W 175th St,Homewood,IL,60430,877-798-3752,Private,,Tesla Destination,41.57106,-87.639035,E
ELEC,Maryknoll Park - Tesla Destination,845 Pershing Ave,Glen Ellyn,IL,60137,877-798-3752,Public,,Non-Networked,41.857097,-88.05077,E
ELEC,McDonald's HQ - Tesla Destination,110 N Carpenter,Chicago,IL,60607,877-798-3752,Private,,Non-Networked,41.883313,-87.653131,E
ELEC,Parking Garage - 70 West Madison - Tesla Destination,11 N Clark St,Chicago,IL,60602,877-798-3752,Public,,Non-Networked,41.882312,-87.630943,E
ELEC,Podolsky Circle CORFAC International - Tesla Destination,1700 W Higgins Rd Ste 280,Des Plaines,IL,60018,877-798-3752,Private,,Non-Networked,41.997687,-87.879403,E
ELEC,Rabine Group - Tesla Destination,900 National Pkwy Suite 260,Schaumburg,IL,60173,877-798-3752,Private,,Tesla Destination,42.045775,-88.052737,E
ELEC,Sofitel Chicago - Tesla Destination,20 E Chestnut St,Chicago,IL,60611,877-798-3752,Public,,Non-Networked,41.898653,-87.627307,E
ELEC,Transwestern Naperville Corporate Center - Tesla Destination,1240 E Diehl Rd Ste 304,Naperville,IL,60563,877-798-3752,Private,,Tesla Destination,41.800615,-88.12294,E
ELEC,United Center - Tesla Destination,1901 W Madison St,Chicago,IL,60612,877-798-3752,Private,,Tesla Destination,41.880647,-87.674153,E
ELEC,Village of Oak Brook - Golf Club - Tesla Destination,2606 York Road,Oak Brook,IL,60523,877-798-3752,Public,,Non-Networked,41.841189,-87.930678,E
ELEC,"Virgin Hotels, Chicago - LAZ Parking - Tesla Destination",203 N Wabash Ave,Chicago,IL,60601,877-798-3752,Public,,Tesla Destination,41.88605,-87.626025,E
ELEC,Walgreens Co - Tesla Destination,106 Wilmot Rd,Deerfield,IL,60015,877-798-3752,Private,,Non-Networked,42.155556,-87.869894,E
ELEC,Women's Health Group - Tesla Destination,5311 S Harlem Ave,Chicago,IL,60638,877-798-3752,Private,,Tesla Destination,41.79537,-87.8011,E
ELEC,WTTW Chicago Public Media - Tesla Destination,5400 St Louis Ave,Chicago,IL,60625,877-798-3752,Private,,Non-Networked,41.979655,-87.716935,E
ELEC,Zebra Technologies - Tesla Destination,3 Overlook Point,Lincolnshire,IL,60069,877-798-3752,Private,,Tesla Destination,42.187552,-87.933708,E
ELEC,Woodman's - Tesla Supercharger,1550 Deerfield Parkway,Buffalo Grove,IL,60089,877-798-3752,Public,24 hours daily. Please check Tesla's online station map to see if an adapter is required at this location.,Tesla,42.169081,-87.922739,E
ELEC,VOMP VILLAGE HALL 1,50 s Emerson,Mount Prospect,IL,60056,888-758-4389,Public,24 hours daily,ChargePoint Network,42.065174,-87.93597,E
ELEC,FPDWC STATION 1,501 E Romeo Rd,Romeoville,IL,60446,888-758-4389,Public,24 hours daily,ChargePoint Network,41.640037,-88.069976,E
ELEC,NEC PARKING STATION 1,450 N Kinzie Ave Bradley Illinois 60915,Bradley,IL,60915,888-758-4389,Public,Mon 6:00am - 11:00pm; Tue 6:00am - 11:00pm; Wed 6:00am - 11:00pm; Thu 6:00am - 11:00pm; Fri 6:00am - 11:00pm; Sat 6:00am - 11:00pm; Sun 6:00am - 11:00pm,ChargePoint Network,41.150319,-87.850318,E
ELEC,Naperville Crossings Aldi,2832 Illinois Route 59,Naperville,IL,60564,888-264-2208,Public,Mon 6:00am - 11:59pm; Tue 6:00am - 11:59pm; Wed 6:00am - 11:59pm; Thu 6:00am - 11:59pm; Fri 6:00am - 11:59pm; Sat 6:00am - 11:59pm; Sun 6:00am - 11:59pm,SHELL_RECHARGE,41.715901,-88.206838,E
ELEC,Naperville Crossings Panera,2832 Illinois Route 59,Naperville,IL,60564,888-264-2208,Public,Mon 6:00am - 11:59pm; Tue 6:00am - 11:59pm; Wed 6:00am - 11:59pm; Thu 6:00am - 11:59pm; Fri 6:00am - 11:59pm; Sat 6:00am - 11:59pm; Sun 6:00am - 11:59pm,SHELL_RECHARGE,41.713215,-88.206992,E
ELEC,"Meijer Aurora (Aurora, IL)",808 North Route 59,Aurora,IL,60504,833-632-2778,Public,24 hours daily,Electrify America,41.76915,-88.20774,E
ELEC,"Meijer Oswego (Oswego, IL)",2700 US-34,OSWEGO,IL,60543,833-632-2778,Public,24 hours daily,Electrify America,41.70053,-88.31163,E
ELEC,Woodfield Village Green,1410 E Golf Rd,Schaumburg,IL,60173,833-632-2778,Public,24 hours daily,Electrify America,42.0524,-88.04451,E
ELEC,Firefly Grill,1810 Avenue of Mid-America,Effingham,IL,62401,833-632-2778,Public,24 hours daily,Electrify America,39.13839,-88.57131,E
ELEC,"BofA Lake Zurich Commons IL4-844 (Lake Zurich, IL)",790 W MAIN ST,Lake Zurich,IL,60047,833-632-2778,Public,24 hours daily,Electrify America,42.19072,-88.1094,E
ELEC,"Simon Orland Square (Orland Park, IL)",288 ORLAND SQUARE DR,Orland Park,IL,60462,833-632-2778,Public,24 hours daily,Electrify America,41.61712,-87.8484,E
ELEC,BMW NORTHFIELD STATION 02,770 Frontage Rd,Northfield,IL,60093,888-758-4389,Public,24 hours daily,ChargePoint Network,42.111489,-87.776132,E
ELEC,PEOPLES GAS PETC 2,4228 W 35th Pl PETC,Chicago,IL,60632,888-758-4389,Public,24 hours daily,ChargePoint Network,41.831297,-87.73148,E
ELEC,PEOPLES GAS PETC 3,4228 W 35th Pl PETC,Chicago,IL,60632,888-758-4389,Public,24 hours daily,ChargePoint Network,41.831252,-87.731403,E
ELEC,NICHE 905 EV STATION 02,905 N Orleans St,Chicago,IL,60610,888-758-4389,Public,24 hours daily,ChargePoint Network,41.899418,-87.636886,E
ELEC,KISHWAUKEE WRD KWRD CHARGER #3,1301 Sycamore Rd.,DeKalb,IL,60115,888-758-4389,Public,24 hours daily,ChargePoint Network,41.942835,-88.738912,E
ELEC,Amazon Fresh Naperville - Route 59,3116 IL-59 Hwy,Naperville,IL,60564,888-264-2208,Public,Mon 6:00am - 11:59pm; Tue 6:00am - 11:59pm; Wed 6:00am - 11:59pm; Thu 6:00am - 11:59pm; Fri 6:00am - 11:59pm; Sat 6:00am - 11:59pm; Sun 6:00am - 11:59pm,SHELL_RECHARGE,41.708797,-88.204488,E
ELEC,Sawmill Station,6939 Dempster Street,Morton Grove,IL,60053,888-264-2208,Public,Mon 6:00am - 11:59pm; Tue 6:00am - 11:59pm; Wed 6:00am - 11:59pm; Thu 6:00am - 11:59pm; Fri 6:00am - 11:59pm; Sat 6:00am - 11:59pm; Sun 6:00am - 11:59pm,SHELL_RECHARGE,42.039687,-87.798534,E
ELEC,"CFP II, LLC 204",240 E Illinois St,Chicago,IL,60611,888-758-4389,Public,24 hours daily,ChargePoint Network,41.891099,-87.621074,E
ELEC,540 W. MADISON LL1 - 3,540 West Madison St,Chicago,IL,60661,888-758-4389,Public,24 hours daily,ChargePoint Network,41.883025,-87.642101,E
ELEC,INTERPARK 50 EAST OHIO 1,50 E Ohio St,Chicago,IL,60611,888-758-4389,TEMPORARILY UNAVAILABLE (Public),24 hours daily; Drivers must bring their own J1772 cordset for Level 1 charging,ChargePoint Network,41.892773,-87.625687,T
ELEC,3RD FLOOR GREENWAY-2,60 W Kinzie St,Chicago,IL,60661,888-758-4389,Public,24 hours daily,ChargePoint Network,41.889364,-87.630365,E
ELEC,3RD FLOOR GREENWAY-1,60 W Kinzie St,Chicago,IL,60661,888-758-4389,Public,24 hours daily,ChargePoint Network,41.889364,-87.630328,E
ELEC,900 SELF PARK PLUG AND SHOP 3,911 N. Rush St,Chicago,IL,60611,888-758-4389,Public,24 hours daily,ChargePoint Network,41.899716,-87.626346,E
ELEC,900 SELF PARK PLUG AND SHOP 1,911 N. Rush St,Chicago,IL,60611,888-758-4389,Public,24 hours daily,ChargePoint Network,41.89982,-87.626379,E
ELEC,900 SELF PARK PLUG AND SHOP 4,911 N. Rush St,Chicago,IL,60611,888-758-4389,Public,24 hours daily,ChargePoint Network,41.899639,-87.626307,E
ELEC,SW IL COLLEGE STATION #1,2500 Carlyle Avenue,Belleville,IL,62221,888-758-4389,TEMPORARILY UNAVAILABLE (Public),24 hours daily,ChargePoint Network,38.518851,-89.923964,T
ELEC,NORTHWESTERN NORTH GARAGE 2,2311 N. Campus Dr,Evanston,IL,60208,888-758-4389,Public,24 hours daily,ChargePoint Network,42.059445,-87.674128,E
ELEC,NORTHWESTERN NORTH GARAGE 1,2311 N. Campus Dr,Evanston,IL,60208,888-758-4389,Public,24 hours daily,ChargePoint Network,42.059386,-87.674158,E
ELEC,NORTHWESTERN NORTH GARAGE 3,2311 N. Campus Dr,Evanston,IL,60208,888-758-4389,Public,24 hours daily,ChargePoint Network,42.059383,-87.67417,E
ELEC,PARKING GARAGE P1 GW,111 S Wacker Dr,Chicago,IL,60606,888-758-4389,TEMPORARILY UNAVAILABLE (Public),24 hours daily,ChargePoint Network,41.880391,-87.636605,T
ELEC,PARKING GARAGE P2 GW,111 S Wacker Dr,Chicago,IL,60606,888-758-4389,TEMPORARILY UNAVAILABLE (Public),24 hours daily,ChargePoint Network,41.880437,-87.636733,T
ELEC,PARKING GARAGE P3 GW,111 S Wacker Dr,Chicago,IL,60606,888-758-4389,Public,24 hours daily,ChargePoint Network,41.880286,-87.636538,E
ELEC,PARKING GARAGE P3 NGW,111 S Wacker Dr,Chicago,IL,60606,888-758-4389,Public,24 hours daily,ChargePoint Network,41.880395,-87.636583,E
ELEC,"EVANSTON, IL CIVIC CENTER NO",2100 Ridge Ave,Evanston,IL,60201,888-758-4389,Public,24 hours daily,ChargePoint Network,42.056752,-87.687364,E
ELEC,"EVANSTON, IL SHERMAN PLAZA 1",821 Davis St,Evanston,IL,60201,888-758-4389,Public,24 hours daily,ChargePoint Network,42.047279,-87.683154,E
ELEC,"EVANSTON, IL SHERMAN PLAZA 3",821 Davis St,Evanston,IL,60201,888-758-4389,Public,24 hours daily,ChargePoint Network,42.047319,-87.683219,E
ELEC,OAK PARK 1 HOLLY COURT 3A,1149 Holly Ct,Oak Park,IL,60301,888-758-4389,Public,24 hours daily,ChargePoint Network,41.889417,-87.804171,E
ELEC,OAK PARK 1 HOLLEY COURT,1149 Holly Ct,Oak Park,IL,60301,888-758-4389,Public,24 hours daily,ChargePoint Network,41.889449,-87.804203,E
ELEC,EDENS GARAGE,630 Dundee Rd,Northbrook,IL,60062,888-758-4389,Public,24 hours daily,ChargePoint Network,42.139054,-87.79708,E
ELEC,IRVINE  CO  OFC 71SW B2 02-03,71 S Wacker Dr,Chicago,IL,60606,888-758-4389,Public,24 hours daily,ChargePoint Network,41.880925,-87.636038,E
ELEC,DISTRICT 214 FVEC 2,Unnamed Road,Arlington Heights,IL,60005,888-758-4389,Public,24 hours daily,ChargePoint Network,42.047295,-87.973307,E
ELEC,DISTRICT 214 FVEC 1,2121 S Goebbert Rd,Arlington Heights,IL,60005,888-758-4389,Public,24 hours daily,ChargePoint Network,42.047245,-87.973323,E
ELEC,HY VEE SPRGFLD IL EAST,2115 S MacArthur Blvd,Springfield,IL,62704,888-758-4389,Public,24 hours daily,ChargePoint Network,39.7753,-89.66895,E
ELEC,PECK FARM EV STATION 02,4038 Kaneville Rd,Geneva,IL,60134,888-758-4389,Public,24 hours daily,ChargePoint Network,41.86948,-88.36306,E
ELEC,NORTHWESTERN SOUTH GARAGE 3,1850 Campus Dr,Evanston,IL,60208,888-758-4389,Public,24 hours daily,ChargePoint Network,42.050514,-87.673331,E
ELEC,NORTHWESTERN SOUTH GARAGE 2,1850 Campus Dr,Evanston,IL,60208,888-758-4389,Public,24 hours daily,ChargePoint Network,42.050597,-87.673564,E
ELEC,DISTRICT 214 PHS 2,801 W Kensington Rd,Mount Prospect,IL,60056,888-758-4389,Public,24 hours daily,ChargePoint Network,42.080333,-87.950014,E
ELEC,OPTIMA LEVEL 3,220 E Illinois St,Chicago,IL,60611,888-758-4389,Public,24 hours daily,ChargePoint Network,41.891113,-87.621403,E
ELEC,OPTIMA LEVEL 5,220 E Illinois St,Chicago,IL,60611,888-758-4389,Public,24 hours daily,ChargePoint Network,41.891147,-87.621408,E
ELEC,OPTIMA LEVEL 4,220 E Illinois St,Chicago,IL,60611,888-758-4389,Public,24 hours daily,ChargePoint Network,41.891121,-87.621419,E
ELEC,MOMENT MOMENT 2,545 N McClurg Ct,Chicago,IL,60611,888-758-4389,Public,24 hours daily,ChargePoint Network,41.892053,-87.617242,E
ELEC,OAK PARK 1 AVENUE GARAGE 3,754 North Blvd,Oak Park,IL,60301,888-758-4389,Public,24 hours daily,ChargePoint Network,41.887376,-87.793742,E
ELEC,ADVOCATE CHRIST GARAGE B,4440 95th St,Oak Lawn,IL,60453,888-758-4389,Public,24 hours daily,ChargePoint Network,41.721844,-87.732848,E
ELEC,WOODMAN'S BG WEST,1550 Deerfield Pkwy,Buffalo Grove,IL,60089,888-758-4389,Public,24 hours daily,ChargePoint Network,42.16815,-87.922672,E
ELEC,UNITED ORD LOT UNITED 6,5600 Bessie Coleman Dr,Chicago,IL,60666,888-758-4389,Public,24 hours daily,ChargePoint Network,41.981234,-87.888678,E
ELEC,UNITED ORD LOT UNITED 5,5600 Bessie Coleman Dr,Chicago,IL,60666,888-758-4389,TEMPORARILY UNAVAILABLE (Public),24 hours daily,ChargePoint Network,41.98128,-87.888622,T
ELEC,UNITED ORD LOT UNITED 4,5600 Bessie Coleman Dr,Chicago,IL,60666,888-758-4389,Public,24 hours daily,ChargePoint Network,41.98125,-87.888829,E
ELEC,UNITED ORD LOT UNITED 3,5600 Bessie Coleman Dr,Chicago,IL,60666,888-758-4389,Public,24 hours daily,ChargePoint Network,41.981407,-87.888652,E
ELEC,UNITED ORD LOT UNITED 1,5600 Bessie Coleman Dr,Chicago,IL,60666,888-758-4389,Public,24 hours daily,ChargePoint Network,41.98117,-87.888711,E
ELEC,UNITED ORD LOT UNITED 2,5600 Bessie Coleman Dr,Chicago,IL,60666,888-758-4389,Public,24 hours daily,ChargePoint Network,41.981303,-87.888644,E
ELEC,UNITED ORD LOT UNITED 8,5600 Bessie Coleman Dr,Chicago,IL,60666,888-758-4389,Public,24 hours daily,ChargePoint Network,41.981142,-87.888646,E
ELEC,PRAIRIE STATE PRAIRIE STATE 2,299 S Coolidge St,Chicago Heights,IL,60411,888-758-4389,Public,24 hours daily,ChargePoint Network,41.525754,-87.639809,E
ELEC,RUSH OAKBROOK RUSH OAKBROOK 3,2011 York Rd,Oak Brook,IL,60523,888-758-4389,Public,24 hours daily,ChargePoint Network,41.849591,-87.927172,E
ELEC,SP PLUS CORP MCCORMICK 1,2301 S Prairie Ave,Chicago,IL,60616,888-758-4389,Public,24 hours daily,ChargePoint Network,41.851227,-87.620567,E
ELEC,HF HF-2,3740 N Halsted St,Chicago,IL,60613,888-758-4389,Public,24 hours daily,ChargePoint Network,41.950568,-87.649802,E
ELEC,ADVOCATE GOOD SHEPHERD 1,450 W State Rte 22,Tower Lakes,IL,60010,888-758-4389,Public,24 hours daily,ChargePoint Network,42.195393,-88.171881,E
ELEC,WOODMAN'S STORE 43 WEST,27555 IL RTE 120,Lakemoor,IL,60051,888-758-4389,Public,24 hours daily,ChargePoint Network,42.32142,-88.16632,E
ELEC,300PARK 300 PARK,300 Park Blvd,Itasca,IL,60143,888-758-4389,Public,24 hours daily,ChargePoint Network,41.989672,-88.021146,E
ELEC,SOLDIER FIELD STATION 01,1410 Museum Campus Dr,Chicago,IL,60605,888-758-4389,Public,24 hours daily,ChargePoint Network,41.863495,-87.616445,E
ELEC,SOLDIER FIELD STATION 03,1410 Museum Campus Dr,Chicago,IL,60605,888-758-4389,Public,24 hours daily,ChargePoint Network,41.863455,-87.616349,E
ELEC,GVC PARKING G 03,250 S Grove Ave,Elgin,IL,60120,888-758-4389,TEMPORARILY UNAVAILABLE (Public),24 hours daily,ChargePoint Network,42.031641,-88.279539,T
ELEC,GVC PARKING G 02,250 S Grove Ave,Elgin,IL,60120,888-758-4389,Public,24 hours daily,ChargePoint Network,42.031647,-88.278775,E
ELEC,HY VEE PEORIA 2 WEST,7610 N Orange Prairie Rd,Peoria,IL,61615,888-758-4389,Public,24 hours daily,ChargePoint Network,40.780122,-89.678573,E
ELEC,MEIJER STORES 228 RLLG MEAD 1,1301 Meijer Dr.,Rolling Meadow,IL,60008,888-758-4389,Public,24 hours daily,ChargePoint Network,42.048213,-87.994654,E
ELEC,MOTORWERKS1475 STATION 9,1475 Barrington Rd,Barrington,IL,60010,888-758-4389,Public,24 hours daily,ChargePoint Network,42.129078,-88.135692,E
ELEC,MOTORWERKS1475 STATION 11,1475 Barrington Rd,Barrington,IL,60010,888-758-4389,Public,24 hours daily,ChargePoint Network,42.128951,-88.135717,E
ELEC,MOTORWERKS1475 STATION 3,1475 Barrington Rd,Barrington,IL,60010,888-758-4389,Public,24 hours daily,ChargePoint Network,42.129608,-88.135708,E
ELEC,SWEC_ SWC HOLDAY LV3,2011 Formosa Rd,Troy,IL,62294,888-758-4389,Public,24 hours daily,ChargePoint Network,38.734423,-89.914313,E
ELEC,BUCK MANAGEMENT LEVEL 2 249,845 W Madison St,Chicago,IL,60607,888-758-4389,Public,24 hours daily,ChargePoint Network,41.880822,-87.649123,E
ELEC,BUCK MANAGEMENT LEVEL 2 246,845 W Madison St,Chicago,IL,60607,888-758-4389,Public,24 hours daily,ChargePoint Network,41.88071,-87.649101,E
ELEC,BUCK MANAGEMENT LEVEL 2 324,845 W Madison St,Chicago,IL,60607,888-758-4389,Public,24 hours daily,ChargePoint Network,41.880838,-87.649007,E
ELEC,PEOPLES GAS CENTRAL EV3,4207 W 35th Pl Central Shop,Chicago,IL,60646,888-758-4389,Public,24 hours daily,ChargePoint Network,41.989425,-87.730459,E
ELEC,PEOPLES GAS CENTRAL EV4,4207 W 35th Pl Central Shop,Chicago,IL,60646,888-758-4389,Public,24 hours daily,ChargePoint Network,41.989217,-87.730352,E
ELEC,PEOPLES GAS EV16,4025 W Peterson Ave North Shop,Chicago,IL,60646,888-758-4389,Public,24 hours daily,ChargePoint Network,41.989433,-87.730298,E
ELEC,PEOPLES GAS EV14,4025 W Peterson Ave North Shop,Chicago,IL,60646,888-758-4389,Public,24 hours daily,ChargePoint Network,41.989417,-87.730331,E
ELEC,PEOPLES GAS EV17,4025 W Peterson Ave North Shop,Chicago,IL,60646,888-758-4389,TEMPORARILY UNAVAILABLE (Public),24 hours daily,ChargePoint Network,41.989441,-87.730298,T
ELEC,PEOPLES GAS EV13,4025 W Peterson Ave North Shop,Chicago,IL,60646,888-758-4389,Public,24 hours daily,ChargePoint Network,41.98952,-87.730309,E
ELEC,PEOPLES GAS CENTRAL EV6,4207 W 35th Pl Central Shop,Chicago,IL,60646,888-758-4389,Public,24 hours daily,ChargePoint Network,41.989265,-87.730288,E
ELEC,PEOPLES GAS EV1,4341 W 35th Pl Logistics Support,Chicago,IL,60646,888-758-4389,Public,24 hours daily,ChargePoint Network,41.989385,-87.730277,E
ELEC,PEOPLES GAS CENTRAL EV2,4207 W 35th Pl Central Shop,Chicago,IL,60646,888-758-4389,TEMPORARILY UNAVAILABLE (Public),24 hours daily,ChargePoint Network,41.989265,-87.730213,T
ELEC,PEOPLES GAS EV3,4341 W 35th Pl Logistics Support,Chicago,IL,60646,888-758-4389,Public,24 hours daily,ChargePoint Network,41.989377,-87.73017,E
ELEC,ADVOCATE ASSH CAC WEST,17800 Kedzie Ave,Hazel Crest,IL,60429,888-758-4389,Public,24 hours daily,ChargePoint Network,41.56561,-87.698306,E
ELEC,2205 POINT BLVD STATION 1,2205 Point Blvd,Elgin,IL,60123,888-758-4389,Public,24 hours daily,ChargePoint Network,42.080382,-88.331465,E
ELEC,PEOPLES GAS PETC 1,4228 W 35th Pl PETC,Chicago,IL,60632,888-758-4389,Public,24 hours daily,ChargePoint Network,41.831199,-87.730815,E
ELEC,KISHWAUKEE WRD KWRD CHARGER #2,1301 Sycamore Rd.,DeKalb,IL,60115,888-758-4389,Public,24 hours daily,ChargePoint Network,41.942802,-88.73887,E
ELEC,WOODVIEW APT WOODVIEW APTS,15 Parkway North Boulevard,Deerfield,IL,60015,888-758-4389,Public,24 hours daily,ChargePoint Network,42.166022,-87.876825,E
ELEC,EV PILOT CPFLVILLE,500 W Winchester Rd,Libertyville,IL,60048,888-758-4389,Public,Mon 12:00am - 12:00am; Tue 12:00am - 12:00am; Wed 12:00am - 12:00am; Thu 12:00am - 12:00am; Fri 12:00am - 12:00am; Sat 12:00am - 12:00am; Sun 12:00am - 12:00am,ChargePoint Network,42.298595,-87.960502,E
ELEC,COOK EV PROGRAM CC SKOKIE,5515 Old Orchard Rd,Skokie,IL,60077,888-758-4389,Public,Mon 8:00am - 8:00pm; Tue 8:00am - 8:00pm; Wed 8:00am - 8:00pm; Thu 8:00am - 8:00pm; Fri 8:00am - 8:00pm; Sat 8:00am - 8:00pm; Sun 8:00am - 8:00pm,ChargePoint Network,42.063726,-87.764725,E
ELEC,COOK EV PROGRAM CC RM COURT,2121 Euclid Ave,Rolling Meadows,IL,60008,888-758-4389,Public,Mon 8:00am - 8:00pm; Tue 8:00am - 8:00pm; Wed 8:00am - 8:00pm; Thu 8:00am - 8:00pm; Fri 8:00am - 8:00pm; Sat 8:00am - 8:00pm; Sun 8:00am - 8:00pm,ChargePoint Network,42.087688,-88.008383,E
ELEC,COOK EV PROGRAM CC BRIDGEVIEW,10116-10200 S 76th Ave,Bridgeview,IL,60455,888-758-4389,Public,Mon 8:00am - 8:00pm; Tue 8:00am - 8:00pm; Wed 8:00am - 8:00pm; Thu 8:00am - 8:00pm; Fri 8:00am - 8:00pm; Sat 8:00am - 8:00pm; Sun 8:00am - 8:00pm,ChargePoint Network,41.706514,-87.809793,E
ELEC,COOK EV PROGRAM CC MARKHAM,Albany Ave,Markham,IL,60428,888-758-4389,Public,Mon 8:00am - 8:00pm; Tue 8:00am - 8:00pm; Wed 8:00am - 8:00pm; Thu 8:00am - 8:00pm; Fri 8:00am - 8:00pm; Sat 8:00am - 8:00pm; Sun 8:00am - 8:00pm,ChargePoint Network,41.589229,-87.692116,E
ELEC,ST 1400 & 1450 TOWER 2 LOWER D,1450 American Ln,Schaumburg,IL,60173,888-758-4389,Public,24 hours daily,ChargePoint Network,42.045316,-88.044042,E
ELEC,VILLAGE STATION VILLAGE HALL 2,5201 Oakton St,Skokie,IL,60077,888-758-4389,Public,Mon 12:00am - 12:00am; Tue 12:00am - 12:00am; Wed 12:00am - 12:00am; Thu 12:00am - 12:00am; Fri 12:00am - 12:00am; Sat 12:00am - 12:00am; Sun 12:00am - 12:00am,ChargePoint Network,42.025525,-87.7566,E
ELEC,EV PILOT JUVENILE COURTS,24647 N Milwaukee ave,Vernon Hills,IL,60061,888-758-4389,Public,Mon 12:00am - 12:00am; Tue 12:00am - 12:00am; Wed 12:00am - 12:00am; Thu 12:00am - 12:00am; Fri 12:00am - 12:00am; Sat 12:00am - 12:00am; Sun 12:00am - 12:00am,ChargePoint Network,42.221668,-87.937533,E
ELEC,KOHL'S - CHPT 0112 VERNON HIL,235 N Milwaukee Ave,Vernon Hills,IL,60061,888-758-4389,Public,24 hours daily,ChargePoint Network,42.230299,-87.939902,E
ELEC,KOHL'S - CHPT 0066 DOWNERS GR,2910 Finley Rd,Downers Grove,IL,60515,888-758-4389,Public,24 hours daily,ChargePoint Network,41.835944,-88.026646,E
ELEC,KOHL'S - CHPT 1300 ROMEOVIL 2,261 S Weber Rd,Romeoville,IL,60446,888-758-4389,Public,24 hours daily,ChargePoint Network,41.615545,-88.121088,E
ELEC,KOHL'S - CHPT 1300 ROMEOVIL 1,261 S Weber Rd,Romeoville,IL,60446,888-758-4389,Public,24 hours daily,ChargePoint Network,41.615529,-88.121096,E
ELEC,KOHL'S - CHPT 0419 LEMONT 1,13440 Archer Ave,Lemont,IL,60439,888-758-4389,Public,24 hours daily,ChargePoint Network,41.643949,-88.003065,E
ELEC,KOHL'S - CHPT 0419 LEMONT 2,13440 Archer Ave,Lemont,IL,60439,888-758-4389,Public,24 hours daily,ChargePoint Network,41.643943,-88.00313,E
ELEC,KOHL'S - CHPT 1182 TINLEY PAR,7212 W 191st St,Tinley Park,IL,60487,888-758-4389,Public,24 hours daily,ChargePoint Network,41.549478,-87.797725,E
ELEC,KOHL'S - CHPT 1267 CRETE 1,23755 Volbrecht Rd,Crete,IL,60417,888-758-4389,Public,24 hours daily,ChargePoint Network,41.458814,-87.573969,E
ELEC,KOHL'S - CHPT 1267 CRETE 2,23755 Volbrecht Rd,Crete,IL,60417,888-758-4389,Public,24 hours daily,ChargePoint Network,41.45877,-87.573946,E
ELEC,KISHWAUKEE WRD KWRD CHARGER #1,115 Hollister Ave,DeKalb,IL,60115,888-758-4389,Public,Mon 12:00am - 12:00am; Tue 12:00am - 12:00am; Wed 12:00am - 12:00am; Thu 12:00am - 12:00am; Fri 12:00am - 12:00am; Sat 12:00am - 12:00am; Sun 12:00am - 12:00am,ChargePoint Network,41.942788,-88.738967,E
ELEC,SOLSTICE APTS EV STATION 02,1616 E 56th St,Chicago,IL,60637,888-758-4389,Public,Mon 8:00am - 9:00pm; Tue 8:00am - 9:00pm; Wed 8:00am - 9:00pm; Thu 8:00am - 9:00pm; Fri 8:00am - 9:00pm; Sat 8:00am - 9:00pm; Sun 8:00am - 9:00pm,ChargePoint Network,41.793733,-87.586153,E
ELEC,Walgreens #4978 West Loop,111 S. Halsted St.,Chicago,IL,60661,888-998-2546,TEMPORARILY UNAVAILABLE (Public),24 hours daily,Blink Network,41.88005,-87.646719,T
ELEC,Topgolf - Naperville,3211 Odyssey Ct,Naperville,IL,60563,888-264-2208,TEMPORARILY UNAVAILABLE (Public),Mon 6:00am - 11:59pm; Tue 6:00am - 11:59pm; Wed 6:00am - 11:59pm; Thu 6:00am - 11:59pm; Fri 6:00am - 11:59pm; Sat 6:00am - 11:59pm; Sun 6:00am - 11:59pm,SHELL_RECHARGE,41.807635,-88.209312,T
ELEC,VISN 12 DANVILLE VAMC,1901 E Main St,Danville,IL,61834,,Private - Government only,Accepts fleet card,Non-Networked,40.131943,-87.592265,E
ELEC,ANL - Argonne National Laboratory,9700 Cass Ave,Argonne,IL,60439,,Private - Government only,,Non-Networked,41.713695,-87.981879,E
ELEC,"NAVSTA Great Lakes / N00128-B11-1,2,3",715 Ziegemeier St,Great Lakes,IL,60088,,Private - Government only,,Non-Networked,42.313309,-87.831185,E
ELEC,"NAVSTA Great Lakes / N00128-B1H-1,2,3,4",8th St,Great Lakes,IL,60088,,Private - Government only,,Non-Networked,42.308057,-87.837036,E
ELEC,"NAVSTA Great Lakes / N00128-B3-1,2,3,4",Luce Blvd & Porter St,Great Lakes,IL,60088,,Private - Government only,,Non-Networked,42.313581,-87.837651,E
ELEC,"NAVSTA Great Lakes / N00128-B68-1,2,3,4,5",201 Decatur Ave,Great Lakes,IL,60088,,Private - Government only,,Non-Networked,42.310693,-87.835616,E
ELEC,USP Marion,4500 Prison Rd,Marion,IL,62959,,Private - Government only,Fueling equipment located in a secure area with no public access,Non-Networked,37.663163,-88.984128,E
ELEC,USP Thomson,1100 One Mile Rd,Thomson,IL,61285,,Private - Government only,Fueling equipment located in a secure area with no public access,Non-Networked,41.969698,-90.104868,E
ELEC,EPA Chicago,303 S Clark St,Chicago,IL,60605,,Private - Government only,Drivers must bring their own J1772 cordset for Level 1 charging,Non-Networked,41.877992,-87.630422,E
ELEC,FCI Greenville,100 US-40 and 4th St,Greenville,IL,62246,,Private - Government only,Fueling equipment located in a secure area with no public access,Non-Networked,38.870461,-89.41472,E
ELEC,FCI Pekin,4372 Levee Rd,Peoria,IL,61607,,Private - Government only,Fueling equipment located in a secure area with no public access,Non-Networked,40.572237,-89.663921,E
ELEC,FERMI Site 38 Fuel Service Center,N Receiving Rd,Batavia,IL,60510,,Private - Government only,Drivers must bring their own J1772 cordset for Level 1 charging,Non-Networked,41.858978,-88.28048,E
ELEC,Jo-Carroll Energy,103 Chicago Ave,Savanna,IL,61074,800-858-5522,Public,24 hours daily,Non-Networked,42.090558,-90.153732,E
ELEC,Galena Chrysler,11300 W US Highway 20,Galena,IL,61036,815-281-5455,Public,Dealership business hours,Non-Networked,42.422095,-90.441781,E
ELEC,Runde Chevrolet,780 IL-35,East Dubuque,IL,61025,877-216-7929,Public,24 hours daily,Non-Networked,42.497989,-90.6317,E
ELEC,Naval Station Great Lakes,1506 Spaulding St,Great Lakes,IL,60088,,Private - Fleet customers only,Drivers must bring their own J1772 cordset for Level 1 charging,Non-Networked,42.315152,-87.849921,E
ELEC,MILLENNIUM GRGS MPG STATION #3,5 S Columbus Dr,Chicago,IL,60601,888-758-4389,Public,24 hours daily,ChargePoint Network,41.882412,-87.621237,E
ELEC,MILLENNIUM GRGS MPG STATION #1,5 S Columbus Dr,Chicago,IL,60601,888-758-4389,Public,24 hours daily,ChargePoint Network,41.882554,-87.620935,E
ELEC,MILLENNIUM GRGS MPG STATION #2,5 S Columbus Dr,Chicago,IL,60601,888-758-4389,Public,24 hours daily,ChargePoint Network,41.88261,-87.620989,E
ELEC,ADVOCATE IL MASONIC 2,3000 N Halsted St,Chicago,IL,60657,888-758-4389,Public,24 hours daily,ChargePoint Network,41.93672,-87.650246,E
ELEC,ADVOCATE IL MASONIC 1,3011 N Dayton St,Chicago,IL,60657,888-758-4389,Public,24 hours daily,ChargePoint Network,41.93669,-87.65024,E
ELEC,ADVOCATE IL MASONIC 4,933 w. Nelson Ave,Chicago,IL,60657,888-758-4389,Public,24 hours daily,ChargePoint Network,41.937062,-87.652714,E
ELEC,ADVOCATE IL MASONIC 5,915 W. Wellington Ave,Chicago,IL,60657,888-758-4389,Public,24 hours daily,ChargePoint Network,41.936149,-87.652221,E
ELEC,ADVOCATE IL MASONIC 3,933 w. Nelson Ave,Chicago,IL,60657,888-758-4389,Public,24 hours daily,ChargePoint Network,41.93704,-87.652759,E
ELEC,130 Applebee,130 Applebee Street,Barrington,IL,60010,800-663-5633,TEMPORARILY UNAVAILABLE (Public),24 hours daily,Blink Network,42.155329,-88.1389561,T
ELEC,NORTH + VINE STATION 1,633 W. North Ave,Chicago,IL,60610,888-758-4389,Public,24 hours daily,ChargePoint Network,41.910583,-87.64479,E
ELEC,Jewel Osco 1157 Eola Road Aurora,1157 Eola Road,Aurora,IL,60502,888-264-2208,Public,Mon 6:00am - 11:59pm; Tue 6:00am - 11:59pm; Wed 6:00am - 11:59pm; Thu 6:00am - 11:59pm; Fri 6:00am - 11:59pm; Sat 6:00am - 11:59pm; Sun 6:00am - 11:59pm,SHELL_RECHARGE,41.779971,-88.238789,E
ELEC,Jewel Osco 2940 North Ashland Chicago,2940 North Ashland,Chicago,IL,60657,888-264-2208,Public,Mon 6:00am - 11:59pm; Tue 6:00am - 11:59pm; Wed 6:00am - 11:59pm; Thu 6:00am - 11:59pm; Fri 6:00am - 11:59pm; Sat 6:00am - 11:59pm; Sun 6:00am - 11:59pm,SHELL_RECHARGE,41.935462,-87.669719,E
ELEC,Oak Lawn Commons,4101 W 95th St.,Oak Lawn,IL,60453,888-264-2208,Public,Mon 6:00am - 11:59pm; Tue 6:00am - 11:59pm; Wed 6:00am - 11:59pm; Thu 6:00am - 11:59pm; Fri 6:00am - 11:59pm; Sat 6:00am - 11:59pm; Sun 6:00am - 11:59pm,SHELL_RECHARGE,41.719651,-87.723332,E
ELEC,ADVOCATE IL MASONIC 6,931 W Wellington Ave,Chicago,IL,60657,888-758-4389,Public,24 hours daily,ChargePoint Network,41.936046,-87.652141,E
ELEC,Hy-Vee Peoria - Tesla Supercharger,4125 N Sheridan Road #20,Peoria,IL,61614,877-798-3752,Public,24 hours daily. Please check Tesla's online station map to see if an adapter is required at this location.,Tesla,40.739233,-89.606746,E
ELEC,Moraine Valley Community College,9000 W College Pkwy,Palos Hills,IL,60465,888-998-2546,Public,24 hours daily,Blink Network,41.693022,-87.839537,E
ELEC,CIVIC CNTR GARG DUANE #2,535 Duane St,Glen Ellyn,IL,60137,888-758-4389,Public,24 hours daily,ChargePoint Network,41.875126,-88.06534,E
ELEC,CIVIC CNTR GARG DUANE #1,535 Duane St,Glen Ellyn,IL,60137,888-758-4389,TEMPORARILY UNAVAILABLE (Public),24 hours daily,ChargePoint Network,41.875015,-88.066114,T
ELEC,Walgreens at 180 E Lake St Bloomingdale,180 E LAKE ST,BLOOMINGDALE,IL,60108,888-264-2208,TEMPORARILY UNAVAILABLE (Public),Mon 6:00am - 11:59pm; Tue 6:00am - 11:59pm; Wed 6:00am - 11:59pm; Thu 6:00am - 11:59pm; Fri 6:00am - 11:59pm; Sat 6:00am - 11:59pm; Sun 6:00am - 11:59pm,SHELL_RECHARGE,41.957172,-88.072434,T
ELEC,CITY OF DEKALB STATION 1,210 S 1st St,DeKalb,IL,60115,888-758-4389,Public,24 hours daily,ChargePoint Network,41.929165,-88.75423,E
ELEC,McDonalds 6676,600 N Clark,Chicago,IL,60610,888-998-2546,Public,24 hours daily,Blink Network,41.892786,-87.631728,E
ELEC,STERLING BAY GREEN STREET 4,333 N. Green St.,Chicago,IL,60661,888-758-4389,Public,24 hours daily,ChargePoint Network,41.888024,-87.648346,E
ELEC,STERLING BAY GREEN STREET 2,333 N Green St,Chicago,IL,60607,888-758-4389,Public,24 hours daily,ChargePoint Network,41.888024,-87.648604,E
ELEC,STERLING BAY GREEN STREET 1,333 N Green St,Chicago,IL,60607,888-758-4389,Public,24 hours daily,ChargePoint Network,41.888024,-87.648561,E
ELEC,STERLING BAY GREEN STREET 3,333 N. Green St.,Chicago,IL,60661,888-758-4389,Public,24 hours daily,ChargePoint Network,41.888024,-87.648486,E
ELEC,LM CONSULTANTS EVSE 01,31 S Slusser St,Grayslake,IL,60030,888-758-4389,Public,24 hours daily,ChargePoint Network,42.343582,-88.04146,E
ELEC,UIC Maxwell Parking Structure,701 W Maxwell St,Chicago,IL,60607,888-998-2546,Public,24 hours daily,Blink Network,41.864589,-87.645463,E
ELEC,"Macerich Fashion Outlets of Chicago (Rosemont, IL)",5220 Fashion Outlets Way,Rosemont,IL,60018,833-632-2778,Public,24 hours daily,Electrify America,41.97545,-87.86579,E
ELEC,Target - Tesla Supercharger,2656 North Elston Avenue,Chicago,IL,60647,877-798-3752,Public,24 hours daily. Please check Tesla's online station map to see if an adapter is required at this location.,Tesla,41.92780291,-87.68588061,E
ELEC,1035 Van Buren - Garage - ParkChirp,1035 W Van Buren St,Chicago,IL,60607,888-998-2546,Public,24 hours daily,Blink Network,41.8767996,-87.6532026,E
ELEC,Aspire Residences,2111 S Wabash Ave,Chicago,IL,60616,800-663-5633,TEMPORARILY UNAVAILABLE (Public),24 hours daily,Blink Network,41.85385,-87.625126,T
ELEC,Casey's General Store #2226 - Tesla Supercharger,217 N Bluff Road,Collinsville,IL,62234,877-798-3752,Public,24 hours daily. Please check Tesla's online station map to see if an adapter is required at this location.,Tesla,38.67336477,-90.01353573,E
ELEC,"BOA Logan Square IL4-313 (Chicago, IL)",3350 W Diversey Ave,Chicago,IL,60647,833-632-2778,Public,24 hours daily,Electrify America,41.9324,-87.71133,E
ELEC,BOLINGBROOK STATION 2,500 Remington Blvd,Bolingbrook,IL,60440,888-758-4389,Public,24 hours daily,ChargePoint Network,41.680797,-88.084733,E
ELEC,WINNETKA HUBBARD WOODS,1050 Scott Ave,Winnetka,IL,60093,888-758-4389,Public,24 hours daily,ChargePoint Network,42.118567,-87.744309,E
ELEC,ROCHELLE ROCHELLE 1,426 N Main St,Rochelle,IL,61068,888-758-4389,Public,24 hours daily,ChargePoint Network,41.923042,-89.06534,E
ELEC,ROCHELLE ROCHELLE 2,426 N Main St,Rochelle,IL,61068,888-758-4389,Public,24 hours daily,ChargePoint Network,41.92321,-89.065346,E
ELEC,110 UPPERWACKER STATION 2,110 N Upper Wacker Dr,Chicago,IL,60606,888-758-4389,Public,24 hours daily,ChargePoint Network,41.882767,-87.637283,E
ELEC,RUSH PARKING STATION 02,1641 w harrison st,Chicago,IL,60612,888-758-4389,Public,24 hours daily,ChargePoint Network,41.873913,-87.668106,E
ELEC,RUSH PARKING STATION 01,1641 W Harrison St,Chicago,IL,60612,888-758-4389,Public,24 hours daily,ChargePoint Network,41.87393,-87.66806,E
ELEC,ST 1400 & 1450 TOWER 2 LOWER B,1450 American Ln,Schaumburg,IL,60173,888-758-4389,Public,24 hours daily,ChargePoint Network,42.045324,-88.043961,E
ELEC,LIBERTY VW NISSAN FRONT,920 IL-21,Libertyville,IL,60048,888-758-4389,Public,24 hours daily,ChargePoint Network,42.27143,-87.949595,E
ELEC,SWEC_ SWEC_ANDM1,6800 RT 162,Maryville,IL,62062,888-758-4389,Public,24 hours daily,ChargePoint Network,38.73731,-89.94582,E
ELEC,OIC PARKING OIC STATION 1,10255 W Higgins Rd,Rosemont,IL,60018,888-758-4389,Public,24 hours daily,ChargePoint Network,41.995438,-87.882454,E
ELEC,SWEC_ SWEC_ANDM3,Anderson Hospital,Maryville,IL,62062,888-758-4389,Public,24 hours daily,ChargePoint Network,38.737225,-89.947624,E
ELEC,SWEC_ SWEC_ANDM4,6800 RT 162,Maryville,IL,62062,888-758-4389,Public,24 hours daily,ChargePoint Network,38.736504,-89.94493,E
ELEC,B3 LEVEL PARK B3 PARKING,284 E North Water St,Chicago,IL,60611,888-758-4389,Public,24 hours daily,ChargePoint Network,41.889535,-87.620768,E
ELEC,CHI PUB SCHOOLS BOGAN 1,7901 S Springfield Ave,Chicago,IL,60652,888-758-4389,Public,24 hours daily,ChargePoint Network,41.749189,-87.718463,E
ELEC,PRUDENTIALPLAZA STATION 02,310 N Stetson Ave,Chicago,IL,60601,888-758-4389,Public,24 hours daily,ChargePoint Network,41.887424,-87.622235,E
ELEC,SABABA IL SABABA DP2,21440 W Lake Cook Rd,Deer Park,IL,60010,888-758-4389,Public,24 hours daily,ChargePoint Network,42.156686,-88.050468,E
ELEC,TARGET T1168 STATION 1,2099 Skokie Valley Rd,Highland Park,IL,60035,888-758-4389,Public,Mon 7:00am - 12:00am; Tue 7:00am - 12:00am; Wed 7:00am - 12:00am; Thu 7:00am - 12:00am; Fri 7:00am - 12:00am; Sat 7:00am - 12:00am; Sun 7:00am - 12:00am,ChargePoint Network,42.19139,-87.826329,E
ELEC,TARGET T0942 STATION 1,2656 N Elston Ave,Chicago,IL,60647,888-758-4389,Public,Mon 7:00am - 12:00am; Tue 7:00am - 12:00am; Wed 7:00am - 12:00am; Thu 7:00am - 12:00am; Fri 7:00am - 12:00am; Sat 7:00am - 12:00am; Sun 7:00am - 12:00am,ChargePoint Network,41.927939,-87.685991,E
ELEC,TARGET T0942 STATION 2,2656 N Elston Ave,Chicago,IL,60647,888-758-4389,Public,Mon 7:00am - 12:00am; Tue 7:00am - 12:00am; Wed 7:00am - 12:00am; Thu 7:00am - 12:00am; Fri 7:00am - 12:00am; Sat 7:00am - 12:00am; Sun 7:00am - 12:00am,ChargePoint Network,41.927962,-87.685914,E
ELEC,Jewel Osco 3345 Roosevelt and Wabash,1224 South Wabash,Chicago,IL,60605,888-264-2208,Public,Mon 6:00am - 11:59pm; Tue 6:00am - 11:59pm; Wed 6:00am - 11:59pm; Thu 6:00am - 11:59pm; Fri 6:00am - 11:59pm; Sat 6:00am - 11:59pm; Sun 6:00am - 11:59pm,SHELL_RECHARGE,41.867041,-87.62625,E
ELEC,Guaranteed Rate Field Lot D,"333 W 35th St,",Chicago,IL,60616,888-264-2208,Public,Mon 6:00am - 11:59pm; Tue 6:00am - 11:59pm; Wed 6:00am - 11:59pm; Thu 6:00am - 11:59pm; Fri 6:00am - 11:59pm; Sat 6:00am - 11:59pm; Sun 6:00am - 11:59pm,SHELL_RECHARGE,41.830674,-87.636027,E
ELEC,TARGET T1168 STATION 2,2099 Skokie Valley Rd,Highland Park,IL,60035,888-758-4389,Public,Mon 7:00am - 12:00am; Tue 7:00am - 12:00am; Wed 7:00am - 12:00am; Thu 7:00am - 12:00am; Fri 7:00am - 12:00am; Sat 7:00am - 12:00am; Sun 7:00am - 12:00am,ChargePoint Network,42.19141,-87.826343,E
ELEC,The Mil’Ton - Bldg 3,1125 Museum Boulevard,Vernon Hills,IL,60061,800-663-5633,Public,24 hours daily,Blink Network,42.245904,-87.9471891,E
ELEC,BOURBMOTOR STATION 1,515 William R Latham Senior Dr,Bourbonnais,IL,60914,888-758-4389,Public,24 hours daily,ChargePoint Network,41.162212,-87.88792,E
ELEC,Best Western Delta Inn Location,1509 Hampton Dr,Effingham,IL,62401,800-663-5633,TEMPORARILY UNAVAILABLE (Public),24 hours daily,Blink Network,39.1306744,-88.5635529,T
ELEC,110 UPPERWACKER STATION 3,110 N Upper Wacker Dr,Chicago,IL,60606,888-758-4389,Public,24 hours daily,ChargePoint Network,41.883759,-87.637353,E
ELEC,McHenry County College - Shah Center,4100 Shamrock LN,McHenry,IL,60050,800-663-5633,TEMPORARILY UNAVAILABLE (Public),24 hours daily,Blink Network,42.3152904,-88.2776317,T
ELEC,Nunda Township Road District,3518 Bay Road,Crystal Lake,IL,60012,800-663-5633,Public,24 hours daily,Blink Network,42.27783,-88.299684,E
ELEC,McHenry County College - Main Campus,8900 US Hwy 14,Crystal Lake,IL,60012,800-663-5633,Public,24 hours daily,Blink Network,42.258117,-88.368125,E
ELEC,SABABA IL SABABA DP,21440 W Lake Cook Rd,Deer Park,IL,60010,888-758-4389,Public,24 hours daily,ChargePoint Network,42.156694,-88.050403,E
ELEC,Target - Tesla Supercharger,2099 Skokie Valley Road,Highland Park,IL,60035,877-798-3752,Public,24 hours daily. Please check Tesla's online station map to see if an adapter is required at this location.,Tesla,42.19115552,-87.82639,E
ELEC,OMM GARAGE #1 ONE MAGNIFICENT,120 E Walton St,Chicago,IL,60611,888-758-4389,Public,24 hours daily,ChargePoint Network,41.9004,-87.624719,E
ELEC,Kohls McHenry IL,2450 N Richmond Road,McHenry,IL,60051,888-264-2208,Public,Mon 8:00am - 10:00pm; Tue 8:00am - 10:00pm; Wed 8:00am - 10:00pm; Thu 8:00am - 10:00pm; Fri 8:00am - 10:00pm; Sat 8:00am - 10:00pm; Sun 8:00am - 10:00pm,SHELL_RECHARGE,42.360602,-88.265084,E
ELEC,LF CITY HALL STATION 2,Old Elm Rd,Lake Forest,IL,60045,888-758-4389,Public,24 hours daily,ChargePoint Network,42.218113,-87.821228,E
ELEC,WOODMAN'S 44 EAST,1 Stratford Dr,Bloomingdale,IL,60108,888-758-4389,Public,24 hours daily,ChargePoint Network,41.949703,-88.1164,E
ELEC,WOODMAN'S 44 WEST,1 Stratford Dr,Bloomingdale,IL,60108,888-758-4389,Public,24 hours daily,ChargePoint Network,41.95081,-88.11719,E
ELEC,WOODMAN'S BG EAST,1550 Deerfield Pkwy,Buffalo Grove,IL,60089,888-758-4389,TEMPORARILY UNAVAILABLE (Public),24 hours daily,ChargePoint Network,42.168057,-87.922466,T
ELEC,Paul Simon Chicago JCC,,Chicago,IL,60623,,Private - Government only,24 hours daily; Drivers must bring their own J1772 cordset for Level 1 charging,Non-Networked,41.878114,-87.629798,E
ELEC,NPS MWRO: LIHO - Atkins Barn,519 S 8th St,Springfield,IL,62703,,Private - Government only,24 hours daily; Drivers must bring their own J1772 cordset for Level 1 charging,Non-Networked,39.796438,-89.645462,E
ELEC,NPS MWRO: LIHO - Carpenter Shop,519 S 8th St,Springfield,IL,62703,,Private - Government only,24 hours daily; Drivers must bring their own J1772 cordset for Level 1 charging,Non-Networked,39.796438,-89.645462,E
ELEC,NPS MWRO: LIHO - Maintenance Shop,526 S 7th St,Springfield,IL,62703,,Private - Government only,24 hours daily; Drivers must bring their own J1772 cordset for Level 1 charging,Non-Networked,39.796303,-89.646235,E
ELEC,NPS MWRO: LIHO - Morse House,818 E Capital,Springfield,IL,62701,,Private - Government only,24 hours daily; Drivers must bring their own J1772 cordset for Level 1 charging,Non-Networked,39.797952,-89.644883,E
ELEC,ISAAC EX SUITES ISAAC EX SUITES,2675 Sycamore Rd,DeKalb,IL,60115,888-758-4389,Public,24 hours daily,ChargePoint Network,41.957726,-88.722326,E
ELEC,WILLCOUNTYGREEN COURTHOUSE#1,30 W Washington St,Joliet,IL,60432,888-758-4389,Public,24 hours daily,ChargePoint Network,41.523643,-88.083168,E
ELEC,WAYNE FUELING WAYNE FUELING,2301 S Lake Shore Dr,Chicago,IL,60616,888-758-4389,TEMPORARILY UNAVAILABLE (Public),24 hours daily,ChargePoint Network,41.852623,-87.61196,T
ELEC,Casey's General Store - Tesla Supercharger,100 Watters Drive,Dwight,IL,60420,877-798-3752,Public,24 hours daily. Please check Tesla's online station map to see if an adapter is required at this location.,Tesla,41.09329874,-88.44210261,E
ELEC,Effingham Technology Center,1201 Althoff Dr,Effingham,IL,62401,217-234-5284,Public - Credit card at all times,24 hours daily,Non-Networked,39.145795,-88.521207,E
ELEC,Residence Behind Water Tower,204 Oak Ave,Montrose,IL,62445,,Public - Credit card at all times,24 hours daily,Non-Networked,39.165263,-88.381193,E
ELEC,KUNES AUTO MALL VOLVO INSIDE,1825 Dekalb Ave,Sycamore,IL,60178,888-758-4389,Public,24 hours daily,ChargePoint Network,41.969949,-88.719708,E
ELEC,EDWARDSVILLE EDWARDSVILLE,101 E Park St,Edwardsville,IL,62025,888-758-4389,TEMPORARILY UNAVAILABLE (Public),24 hours daily,ChargePoint Network,38.81058,-89.95476,T
ELEC,Hampton Inn,430 Regency Park,O'Fallon,IL,62269,618-589-9006,Public - Credit card at all times,24 hours daily,Non-Networked,38.5808087878002,-89.9302424498051,E
ELEC,ELMHURST 255 STATION 1,255 Addison St,Elmhurst,IL,60126,888-758-4389,Public,24 hours daily,ChargePoint Network,41.904952,-87.940631,E
ELEC,M-B NAPERVILLE FRONT,1569 W Ogden Ave,Naperville,IL,60540,888-758-4389,Public,24 hours daily,ChargePoint Network,41.768368,-88.18682,E
ELEC,155 N WACKER DR P1,155 N Upper Wacker Dr,Chicago,IL,60606,888-758-4389,Public,24 hours daily,ChargePoint Network,41.884913,-87.636437,E
ELEC,SIUE A9 -CARE CLINIC,3006 Leverett St,Alton,IL,62002,888-758-4389,Public,24 hours daily,ChargePoint Network,38.903241,-90.142099,E
ELEC,"Westfield Old Orchard (Skokie, IL)",4905 Old Orchard Shopping Center,Skokie,IL,60077,833-632-2778,Public,24 hours daily,Electrify America,42.06173,-87.74697,E
ELEC,Kohls Woodstock IL,2200 Lake Avenue,Woodstock,IL,60098,888-264-2208,Public,Mon 8:00am - 10:00pm; Tue 8:00am - 10:00pm; Wed 8:00am - 10:00pm; Thu 8:00am - 10:00pm; Fri 8:00am - 10:00pm; Sat 8:00am - 10:00pm; Sun 8:00am - 10:00pm,SHELL_RECHARGE,42.289739,-88.424679,E
ELEC,Kohls Chicago Ridge IL,9700 Ridgeland Avenue,Chicago Ridge,IL,60415,888-264-2208,TEMPORARILY UNAVAILABLE (Public),Mon 8:00am - 10:00pm; Tue 8:00am - 10:00pm; Wed 8:00am - 10:00pm; Thu 8:00am - 10:00pm; Fri 8:00am - 10:00pm; Sat 8:00am - 10:00pm; Sun 8:00am - 10:00pm,SHELL_RECHARGE,41.714656,-87.781243,T
ELEC,ARCOLA DEPOT EV 1,135 N Oak St,Arcola,IL,61910,888-758-4389,Public,24 hours daily,ChargePoint Network,39.684891,-88.30821,E
ELEC,LEWIS U. EV LEWIS2,333 University Dr W,Romeoville,IL,60446,888-758-4389,Public,24 hours daily,ChargePoint Network,41.605889,-88.083331,E
ELEC,LEWIS U. EV LEWIS1,333 University Dr W,Romeoville,IL,60446,888-758-4389,Public,24 hours daily,ChargePoint Network,41.605891,-88.083259,E
ELEC,SWEC_ SWEC_ANDR1,3403 Anderson Healthcare Dr.,Edwardsville,IL,62025,888-758-4389,Public,24 hours daily,ChargePoint Network,38.78133,-89.92243,E
ELEC,SWEC_ SWEC_ANDG1,3403 Anderson Healthcare Dr.,Edwardsville,IL,62025,888-758-4389,Public,24 hours daily,ChargePoint Network,38.781336,-89.922537,E
ELEC,"Target T2078 (Chicago, IL)",1940 W 33rd Street,Chicago,IL,60608,833-632-2778,Public,24 hours daily,Electrify America,41.83555,-87.67318,E
ELEC,Royse and Brinkmeyer - 211 W. Springfield,211 W. Springfield Avenue,Champaign,IL,61820,888-998-2546,Public,24 hours daily,Blink Network,40.112202,-88.246056,E
ELEC,401 Curtis,401 W Curtis Rd,Savoy,IL,61874,888-998-2546,Public,24 hours daily,Blink Network,40.068758,-88.25559,E
ELEC,Kohls Yorkville IL,945 Erica Lane,Yorkville,IL,60560,888-264-2208,Public,Mon 8:00am - 10:00pm; Tue 8:00am - 10:00pm; Wed 8:00am - 10:00pm; Thu 8:00am - 10:00pm; Fri 8:00am - 10:00pm; Sat 8:00am - 10:00pm; Sun 8:00am - 10:00pm,SHELL_RECHARGE,41.664429,-88.46437,E
ELEC,SWEC_ SWEC_ANDM2,6800 RT 162,Maryville,IL,62062,888-758-4389,Public,24 hours daily,ChargePoint Network,38.73739,-89.94582,E
ELEC,DRAKE TOWER DRAKE 2,172 E Walton Pl,Chicago,IL,60611,888-758-4389,Public,24 hours daily,ChargePoint Network,41.900208,-87.622655,E
ELEC,DRAKE TOWER DRAKE 1,172 E Walton Pl,Chicago,IL,60611,888-758-4389,Public,24 hours daily,ChargePoint Network,41.900228,-87.622669,E
ELEC,FOXP1SOUTH FOX METRO 1,682 State Rte 31,Oswego,IL,60543,888-758-4389,Public,24 hours daily,ChargePoint Network,41.712565,-88.354721,E
ELEC,RIVER FOREST VILLAGE HALL,400 Park Ave,River Forest,IL,60305,888-758-4389,Public,24 hours daily,ChargePoint Network,41.886994,-87.819817,E
ELEC,Lot 21 Employee Parking,1011 College Ave,Quincy,IL,62301,888-998-2546,Public,24 hours daily,Blink Network,39.939825,-91.398566,E
ELEC,Meijer - Tesla Supercharger,1900   East College Avenue,Normal,IL,61761,877-798-3752,Public,24 hours daily. Please check Tesla's online station map to see if an adapter is required at this location.,Tesla,40.51116,-88.94762,E
ELEC,KISHHEALTH DOCTORS LOT 1,1 Kish Hospital Dr,DeKalb,IL,60115,888-758-4389,Public,24 hours daily,ChargePoint Network,41.96061,-88.723021,E
ELEC,The Oaks of Oak Brook - Tesla Supercharger,1600  16th Street,Oak Brook,IL,60523,877-798-3752,Public,24 hours daily. Please check Tesla's online station map to see if an adapter is required at this location.,Tesla,41.85434,-87.95846,E
ELEC,Anastasias 950 Hillside Ave,950 Hillside Ave,Antioch,IL,60002,888-264-2208,Public,Mon 6:00am - 11:59pm; Tue 6:00am - 11:59pm; Wed 6:00am - 11:59pm; Thu 6:00am - 11:59pm; Fri 6:00am - 11:59pm; Sat 6:00am - 11:59pm; Sun 6:00am - 11:59pm,SHELL_RECHARGE,42.476779,-88.102576,E
ELEC,Kohls Wheaton IL,401 S County Farm Rd,Wheaton,IL,60187,888-264-2208,TEMPORARILY UNAVAILABLE (Public),Mon 8:00am - 10:00pm; Tue 8:00am - 10:00pm; Wed 8:00am - 10:00pm; Thu 8:00am - 10:00pm; Fri 8:00am - 10:00pm; Sat 8:00am - 10:00pm; Sun 8:00am - 10:00pm,SHELL_RECHARGE,41.86027,-88.141375,T
ELEC,Kohls Bolingbrook IL,1138 W Boughton Road,Bolingbrook,IL,60440,888-264-2208,Public,Mon 8:00am - 10:00pm; Tue 8:00am - 10:00pm; Wed 8:00am - 10:00pm; Thu 8:00am - 10:00pm; Fri 8:00am - 10:00pm; Sat 8:00am - 10:00pm; Sun 8:00am - 10:00pm,SHELL_RECHARGE,41.705057,-88.11953,E
ELEC,SONESTA OHARE HI ROSEMONT,10233 W Higgins Rd,Rosemont,IL,60018,888-758-4389,Public,24 hours daily,ChargePoint Network,41.996814,-87.881889,E
ELEC,LIBERTY VW FAST VW FRONT,920 South Milwaukee Avenue,Libertyville,IL,60048,888-758-4389,Public,24 hours daily,ChargePoint Network,42.271264,-87.949582,E
ELEC,SWEC_ SWC HOLDAY LV2,2011 Formosa Rd,Troy,IL,62294,888-758-4389,Public,24 hours daily,ChargePoint Network,38.734423,-89.914231,E
ELEC,209 ELMHURST ADDISON AVE,135 N Addison Ave,Elmhurst,IL,60126,888-758-4389,Public,24 hours daily,ChargePoint Network,41.901407,-87.940986,E
ELEC,KIA OF ELMHURST CPF50 1,727 W Grand Ave,Elmhurst,IL,60126,888-758-4389,Public,24 hours daily,ChargePoint Network,41.924339,-87.963795,E
ELEC,The Mason,180 North Ada Street,Chicago,IL,60607,800-663-5633,Public,24 hours daily,Blink Network,41.8849796,-87.6611185,E
ELEC,SULLIVAN-PARKHI 4K,401 W Marketview Dr,Champaign,IL,61822,888-758-4389,Public,24 hours daily,ChargePoint Network,40.136887,-88.24885,E
ELEC,"EVANSTON, IL LOT 4",2073 Central St,Evanston,IL,60201,888-758-4389,Public,24 hours daily,ChargePoint Network,42.064489,-87.703084,E
ELEC,"EVANSTON, IL LOT 32",815 Hinman Ave,Evanston,IL,60202,888-758-4389,Public,24 hours daily,ChargePoint Network,42.032833,-87.67711,E
ELEC,INTERPARK 217WASHINGTON 1,217 W Washington St,Chicago,IL,60606,888-758-4389,Public,24 hours daily,ChargePoint Network,41.883001,-87.634264,E
ELEC,INTERPARK ONTARIO-CLAIR 1,614 N St Clair St,Chicago,IL,60611,888-758-4389,Public,24 hours daily,ChargePoint Network,41.893159,-87.623033,E
ELEC,INTERPARK ADAMWABASH 1,17 E Adams St,Chicago,IL,60603,888-758-4389,Public,24 hours daily,ChargePoint Network,41.879243,-87.626855,E
ELEC,INTERPARK ADAMWABASH 2,17 E Adams St,Chicago,IL,60603,888-758-4389,Public,24 hours daily,ChargePoint Network,41.879251,-87.626887,E
ELEC,INTERPARK 341 S WELLS 2,308 S Wells St,Chicago,IL,60606,888-758-4389,Public,24 hours daily,ChargePoint Network,41.877536,-87.63426,E
ELEC,INTERPARK 314 S WELLS 1,314 S Wells St,Chicago,IL,60606,888-758-4389,Public,24 hours daily,ChargePoint Network,41.877528,-87.634217,E
ELEC,INTERPARK 200 N CLARK 2,200 N Clark St,Chicago,IL,60601,888-758-4389,Public,24 hours daily,ChargePoint Network,41.885939,-87.631256,E
ELEC,INTERPARK LAKE N WELLS 1,177 N Wells St,Chicago,IL,60606,888-758-4389,Public,24 hours daily,ChargePoint Network,41.885387,-87.63364,E
ELEC,INTERPARK 181N DEARBORN 1,181 N Dearborn St,Chicago,IL,60601,888-758-4389,Public,24 hours daily,ChargePoint Network,41.885269,-87.629082,E
ELEC,LIBERTY VW FAST VW SOUTH,920 South Milwaukee Avenue,Libertyville,IL,60048,888-758-4389,Public,24 hours daily,ChargePoint Network,42.271411,-87.948817,E
ELEC,INTERPARK ONTARIO-CLAIR2,177 N Wells St,Chicago,IL,60606,888-758-4389,Public,24 hours daily,ChargePoint Network,41.885402,-87.633583,E
ELEC,WARNER LOT STATION 1,1500 West Kennedy Road Warner Lot,Lake Forest,IL,60045,888-758-4389,Public,24 hours daily,ChargePoint Network,42.250444,-87.891535,E
ELEC,INTERPARK 217WASHINGTON 3,219 W Washington St,Chicago,IL,60606,888-758-4389,Public,24 hours daily,ChargePoint Network,41.883001,-87.634317,E
ELEC,INTERPARK 200 N CLARK 1,200 N Clark St,Chicago,IL,60601,888-758-4389,Public,24 hours daily,ChargePoint Network,41.885939,-87.631224,E
ELEC,The Hart Professional Center,800 Hart Road Barrington IL,Barrington,IL,60010,800-663-5633,Public,24 hours daily,Blink Network,42.1623934,-88.1531207,E
ELEC,Kohls Oswego IL,2500 Walter Payton Memorial Hwy.,Oswego,IL,60543,888-264-2208,Public,Mon 8:00am - 10:00pm; Tue 8:00am - 10:00pm; Wed 8:00am - 10:00pm; Thu 8:00am - 10:00pm; Fri 8:00am - 10:00pm; Sat 8:00am - 10:00pm; Sun 8:00am - 10:00pm,SHELL_RECHARGE,41.701424,-88.30772,E
ELEC,St. Paul and the Redeemer Episcopal Church,4945 S Dorchester Ave,Chicago,IL,60615,619-631-8536,Public,24 hours daily; pay lot,EVMATCH,41.8044459,-87.5914378,E
ELEC,Woodman's Food Market - Tesla Supercharger,3155   McFarland Road,Rockford,IL,61114,877-798-3752,Public,24 hours daily. Please check Tesla's online station map to see if an adapter is required at this location.,Tesla,42.306216,-88.976473,E
ELEC,PARKVIEW STATION 1,19 Oakbrook Center,Oak Brook,IL,60523,888-758-4389,Public,Mon 6:00am - 6:00pm; Tue 6:00am - 6:00pm; Wed 6:00am - 6:00pm; Thu 6:00am - 6:00pm; Fri 6:00am - 6:00pm,ChargePoint Network,41.847057,-87.959164,E
ELEC,Eleven33,1133 South Blvd.,Oak Park,IL,60302,800-663-5633,Public,24 hours daily,Blink Network,41.8864091,-87.8046879,E
ELEC,401NMAPARKING 401 N MICHIGAN,150 E Lower North Water St,Chicago,IL,60611,888-758-4389,Public,Mon 7:00am - 8:30pm; Tue 7:00am - 8:30pm; Wed 7:00am - 8:30pm; Thu 7:00am - 8:30pm; Fri 7:00am - 8:30pm; Sat 8:00am - 7:30pm,ChargePoint Network,41.889778,-87.623525,E
ELEC,Anastasias 3880 Northpoint Blvd,3880 Northpoint Blvd,Waukegan,IL,60085,888-264-2208,Public,Mon 6:00am - 11:59pm; Tue 6:00am - 11:59pm; Wed 6:00am - 11:59pm; Thu 6:00am - 11:59pm; Fri 6:00am - 11:59pm; Sat 6:00am - 11:59pm; Sun 6:00am - 11:59pm,SHELL_RECHARGE,42.346507,-87.897309,E
ELEC,Schaumburg Corners,16 E Golf Road,Schaumburg,IL,60173,888-264-2208,Public,Mon 6:00am - 11:59pm; Tue 6:00am - 11:59pm; Wed 6:00am - 11:59pm; Thu 6:00am - 11:59pm; Fri 6:00am - 11:59pm; Sat 6:00am - 11:59pm; Sun 6:00am - 11:59pm,SHELL_RECHARGE,42.051434,-88.079006,E
ELEC,PATRICK GROUP VOLVO PARKING 1,1600 E Higgins Rd,Schaumburg,IL,60173,888-758-4389,Public,24 hours daily,ChargePoint Network,42.039267,-88.040465,E
ELEC,BEST WESTERN DG STATION 1,3010 Finley Rd,Downers Grove,IL,60515,888-758-4389,Public,24 hours daily,ChargePoint Network,41.832286,-88.026895,E
ELEC,INTERPARK 181N DEARBORN 2,181 N Dearborn St,Chicago,IL,60601,888-758-4389,Public,24 hours daily,ChargePoint Network,41.885269,-87.629114,E
ELEC,Parking Lot B unit 2,4201 Medical Center Drive,McHenry,IL,60050,800-663-5633,TEMPORARILY UNAVAILABLE (Public),24 hours daily,Blink Network,42.3162973,-88.2781265,T
ELEC,Stateline Solar,310 W Main St,Lena,IL,61048,815-580-3011,Public - Credit card at all times,24 hours daily,Non-Networked,42.3799595138179,-89.8271532022259,E
ELEC,DQ Grill & Chill Restaurant,200 N Sawyer Rd,Morrison,IL,61270,815-772-7070,Public - Credit card at all times,24 hours daily,Non-Networked,41.805507926539,-89.9492534634434,E
ELEC,Perry Memorial Hospital,550-562 E Prouty Dr,Princeton,IL,61356,815-875-2811,Public - Credit card at all times,24 hours daily,Non-Networked,41.3661437302161,-89.455921799822,E
ELEC,INTERPARK LAKE & WELLS 2,614 N St Clair St,Chicago,IL,60611,888-758-4389,Public,24 hours daily,ChargePoint Network,41.89315,-87.62299,E
ELEC,Quad Cities International Airport,2200 69th Avenue,Moline,IL,61265,800-663-5633,Public,24 hours daily,Blink Network,41.4539267,-90.5064292,E
ELEC,SIERRA1 DC WALLBOX,510 E Norris Dr,Ottawa,IL,61350,888-758-4389,TEMPORARILY UNAVAILABLE (Public),24 hours daily,ChargePoint Network,41.35696,-88.83534,T
ELEC,1800 Maple Self Park Garage - Tesla Supercharger,1800 Maple Avenue,Evanston,IL,60201,877-798-3752,Public,24 hours daily. Please check Tesla's online station map to see if an adapter is required at this location.,Tesla,42.05036,-87.685634,E
ELEC,CITY OF DEKALB STATION 2,145 N 3rd St,DeKalb,IL,60115,888-758-4389,Public,24 hours daily,ChargePoint Network,41.930735,-88.751766,E
ELEC,Chicago Ridge Mall,9500 Ridgeland Ave,Chicago Ridge,IL,60415,877-455-3833,Public,24 hours daily,eVgo Network,41.71331,-87.783602,E
ELEC,KISHWAUKEE WRD KWRD CHARGER #5,126 Hollister Ave,DeKalb,IL,60115,888-758-4389,Public,24 hours daily,ChargePoint Network,41.943139,-88.738951,E
ELEC,KISHWAUKEE WRD KWRD CHARGER #6,126 Hollister Ave,DeKalb,IL,60115,888-758-4389,Public,24 hours daily,ChargePoint Network,41.943151,-88.73898,E
ELEC,KISHWAUKEE WRD KWRD CHARGER #7,126 Hollister Ave,DeKalb,IL,60115,888-758-4389,Public,24 hours daily,ChargePoint Network,41.943159,-88.738993,E
ELEC,IL TOLLWAY BELVIDERE WB,Belvidere Oasis WB,Belvidere,IL,61008,888-758-4389,TEMPORARILY UNAVAILABLE (Public),24 hours daily,ChargePoint Network,42.234303,-88.834236,T
ELEC,IL TOLLWAY BELVIDERE EB,2502 Pearl St,Belvidere,IL,61008,888-758-4389,Public,24 hours daily,ChargePoint Network,42.232944,-88.83488,E
ELEC,IL TOLLWAY DEKALB OASIS WB,Dekalb Oasis WB,DeKalb,IL,60115,888-758-4389,Public,24 hours daily,ChargePoint Network,41.900604,-88.73998,E
ELEC,IL TOLLWAY DEKALB OASIS EB,Dekalb Oasis EB,DeKalb,IL,60115,888-758-4389,Public,24 hours daily,ChargePoint Network,41.900433,-88.73834,E
ELEC,GARY LANG - 1 GARYLANG 2,1121 State Rte 31,McHenry,IL,60050,888-758-4389,TEMPORARILY UNAVAILABLE (Public),24 hours daily,ChargePoint Network,42.311822,-88.280198,T
ELEC,D'ARCY HYUNDAI EVDELIVER1,2000 Essington Rd,Joliet,IL,60435,888-758-4389,Public,24 hours daily,ChargePoint Network,41.522861,-88.144847,E
ELEC,D'ARCY HYUNDAI EVSERVICE1,2000 Essington Rd,Joliet,IL,60435,888-758-4389,Public,24 hours daily,ChargePoint Network,41.522865,-88.144965,E
ELEC,Kohls Joliet IL,2510 Route 59,Plainfield,IL,60586,888-264-2208,Public,Mon 8:00am - 10:00pm; Tue 8:00am - 10:00pm; Wed 8:00am - 10:00pm; Thu 8:00am - 10:00pm; Fri 8:00am - 10:00pm; Sat 8:00am - 10:00pm; Sun 8:00am - 10:00pm,SHELL_RECHARGE,41.567363,-88.198741,E
ELEC,Kohls Stratford Square IL,6 Stratford Drive,Bloomingdale,IL,60108,888-264-2208,Public,Mon 8:00am - 10:00pm; Tue 8:00am - 10:00pm; Wed 8:00am - 10:00pm; Thu 8:00am - 10:00pm; Fri 8:00am - 10:00pm; Sat 8:00am - 10:00pm; Sun 8:00am - 10:00pm,SHELL_RECHARGE,41.950471,-88.115691,E
ELEC,1000 E Park Ave,1000 E Park Ave,Libertyville,IL,60048,866-816-7584,Public,24 hours daily,EV Connect,42.282439,-87.936544,E
ELEC,THOR816WFULTON STATION 1,800 W Fulton Market,Chicago,IL,60607,888-758-4389,Public,24 hours daily,ChargePoint Network,41.88694,-87.64766,E
ELEC,OUT FRONTAGE GW 1,3675 Frontage Rd,Peru,IL,61354,888-758-4389,Public,24 hours daily,ChargePoint Network,41.352641,-89.124373,E
ELEC,BILL WALSH KIA STATION 1,2900 Columbus Street,Ottawa,IL,61350,888-758-4389,Public,24 hours daily,ChargePoint Network,41.372154,-88.83358,E
ELEC,AMC Showplace New Lenox 14,1320 W Maple St,New Lenox,IL,60451,888-264-2208,Public,Mon 6:00am - 11:59pm; Tue 6:00am - 11:59pm; Wed 6:00am - 11:59pm; Thu 6:00am - 11:59pm; Fri 6:00am - 11:59pm; Sat 6:00am - 11:59pm; Sun 6:00am - 11:59pm,SHELL_RECHARGE,41.516626,-87.990655,E
ELEC,ZOE LIFE 400 2N DUAL,428-400 N Aberdeen St,Chicago,IL,60642,888-758-4389,Public,24 hours daily,ChargePoint Network,41.889536,-87.654691,E
ELEC,Northbrook Court Stir Crazy,2171 Northbrook Court,Northbrook,IL,60062,888-264-2208,Public,Mon 6:00am - 11:59pm; Tue 6:00am - 11:59pm; Wed 6:00am - 11:59pm; Thu 6:00am - 11:59pm; Fri 6:00am - 11:59pm; Sat 6:00am - 11:59pm; Sun 6:00am - 11:59pm,SHELL_RECHARGE,42.149847,-87.814925,E
ELEC,Amazon Fresh North Riverside Plaza DCFC,7201 West 24th Street,North Riverside,IL,60546,888-264-2208,Public,Mon 6:00am - 11:59pm; Tue 6:00am - 11:59pm; Wed 6:00am - 11:59pm; Thu 6:00am - 11:59pm; Fri 6:00am - 11:59pm; Sat 6:00am - 11:59pm; Sun 6:00am - 11:59pm,SHELL_RECHARGE,41.847796,-87.803856,E
ELEC,Bloomingdale Square Shopping Center,404 W. Army Trail Road,Bloomingdale,IL,60108,888-264-2208,Public,Mon 6:00am - 11:59pm; Tue 6:00am - 11:59pm; Wed 6:00am - 11:59pm; Thu 6:00am - 11:59pm; Fri 6:00am - 11:59pm; Sat 6:00am - 6:00pm; Sun 6:00am - 11:59pm,SHELL_RECHARGE,41.938427,-88.115111,E
ELEC,Westmont Village Shopping Center,30 W 63rd Street,Westmont,IL,60559,888-264-2208,TEMPORARILY UNAVAILABLE (Public),Mon 6:00am - 11:59pm; Tue 6:00am - 11:59pm; Wed 6:00am - 11:59pm; Thu 6:00am - 11:59pm; Fri 6:00am - 11:59pm; Sat 6:00am - 11:59pm; Sun 6:00am - 11:59pm,SHELL_RECHARGE,41.774431,-87.977881,T
ELEC,Kohls Fox Valley IL,4340 Fox Valley Center Drive,Aurora,IL,60504,888-264-2208,Public,Mon 8:00am - 10:00pm; Tue 8:00am - 10:00pm; Wed 8:00am - 10:00pm; Thu 8:00am - 10:00pm; Fri 8:00am - 10:00pm; Sat 8:00am - 10:00pm; Sun 8:00am - 10:00pm,SHELL_RECHARGE,41.761178,-88.207787,E
ELEC,Tinley Park Plaza,16039 South Harlem Avenue,Tinley Park,IL,60477,888-264-2208,TEMPORARILY UNAVAILABLE (Public),Mon 6:00am - 11:59pm; Tue 6:00am - 11:59pm; Wed 6:00am - 11:59pm; Thu 6:00am - 11:59pm; Fri 6:00am - 11:59pm; Sat 6:00am - 11:59pm; Sun 6:00am - 11:59pm,SHELL_RECHARGE,41.598744,-87.792735,T
ELEC,Harlem Irving Plaza,4211 North Harlem Avenue,Norridge,IL,60706,888-264-2208,Public,Mon 6:00am - 11:59pm; Tue 6:00am - 11:59pm; Wed 6:00am - 11:59pm; Thu 6:00am - 11:59pm; Fri 6:00am - 11:59pm; Sat 6:00am - 11:59pm; Sun 6:00am - 11:59pm,SHELL_RECHARGE,41.955978,-87.80807,E
ELEC,Terrapin Park,350 West St.,Elizabeth,IL,61028,800-663-5633,Public,24 hours daily,Blink Network,42.3173246,-90.228264,E
ELEC,LIVING THE 450 THE 450-1,450 Woodmoor Dr,Lombard,IL,60148,888-758-4389,Public,24 hours daily,ChargePoint Network,41.849309,-88.02473,E
ELEC,LIVING THE 450 THE 450-2,450 Woodmoor Dr,Lombard,IL,60148,888-758-4389,Public,24 hours daily,ChargePoint Network,41.84936,-88.02478,E
ELEC,320 S CANAL EV3,320 S Canal St,Chicago,IL,60606,888-758-4389,Public,24 hours daily,ChargePoint Network,41.877104,-87.64055,E
ELEC,320 S CANAL EV2,320 S Canal St,Chicago,IL,60606,888-758-4389,Public,24 hours daily,ChargePoint Network,41.87712,-87.64055,E
ELEC,320 S CANAL EV1,320 S Canal St,Chicago,IL,60606,888-758-4389,Public,24 hours daily,ChargePoint Network,41.877176,-87.64055,E
ELEC,Mach 1 - Tesla Supercharger,2603  The Hill Ave,Marion,IL,62959,877-798-3752,Public,24 hours daily. Please check Tesla's online station map to see if an adapter is required at this location.,Tesla,37.74437,-88.96229,E
ELEC,La Salle City Hall,140 Marquette St,LaSalle,IL,61301,888-998-2546,Public,24 hours daily,Blink Network,41.328811,-89.095456,E
ELEC,ADVOCATE GOOD SAM GARAGE,Wellness Way,Downers Grove,IL,60515,888-758-4389,Public,24 hours daily,ChargePoint Network,41.818777,-88.006497,E
ELEC,MOTORWERKS1475 DC FAST 04,1475 Barrington Rd,Barrington,IL,60010,888-758-4389,Public,24 hours daily,ChargePoint Network,42.1289,-88.13506,E
ELEC,MOTORWERKS1475 DC FAST 01,1475 Barrington Rd,Barrington,IL,60010,888-758-4389,TEMPORARILY UNAVAILABLE (Public),24 hours daily,ChargePoint Network,42.129032,-88.13572,T
ELEC,MOTORWERKS1475 DC FAST 02,1475 Barrington Rd,Barrington,IL,60010,888-758-4389,Public,24 hours daily,ChargePoint Network,42.12951,-88.13571,E
ELEC,MOTORWERKS1475 EV1 MERCEDES,1475 S Barrington Rd,Barrington,IL,60010,888-758-4389,Public,24 hours daily,ChargePoint Network,42.129326,-88.134748,E
ELEC,MOTORWERKS1475 EV2 MERCEDES,1475 S Barrington Rd,Barrington,IL,60010,888-758-4389,Public,24 hours daily,ChargePoint Network,42.129171,-88.134755,E
ELEC,MOTORWERKS1475 EV3 MERCEDES,1475 Barrington Rd,Barrington,IL,60010,888-758-4389,Public,24 hours daily,ChargePoint Network,42.12895,-88.13475,E
ELEC,Gustafson Ford LLC,112 N Lexington Ave,Kewanee,IL,61443,309-852--2107,Private,,Non-Networked,41.24306809000934,-89.92865305026245,E
ELEC,KIA OF BRADLEY CUSTOMER,1010 Tighe Dr,Bourbonnais,IL,60914,888-758-4389,Public,24 hours daily,ChargePoint Network,41.164818,-87.847685,E
ELEC,320 S CANAL STATION 1,320 S Canal St,Chicago,IL,60606,888-758-4389,Public,24 hours daily,ChargePoint Network,41.87721,-87.64056,E
ELEC,Northwestern Hospital Huntley,10400 Haligus Road,Huntley,IL,60142,800-663-5633,Public,24 hours daily,Blink Network,42.1780903,-88.3996337,E
ELEC,OAK PARK 1 AVENUE GARAGE 4,754 North Blvd,Oak Park,IL,60301,888-758-4389,Public,24 hours daily,ChargePoint Network,41.887398,-87.793774,E
ELEC,The Breakers at Edgewater Beach,5333 North Sheridan Road,Chicago,IL,60640,800-663-5633,Public,24 hours daily,Blink Network,41.9789646,-87.6545663,E
ELEC,OAK PARK 1 VH4,529 Lyman Ave,Oak Park,IL,60304,888-758-4389,Public,24 hours daily,ChargePoint Network,41.878746,-87.77893,E
ELEC,OAK PARK 1 VH5,529 Lyman Ave,Oak Park,IL,60304,888-758-4389,Public,24 hours daily,ChargePoint Network,41.878754,-87.778885,E
ELEC,VILLAGE COURT GLENCOE VILLAGE,675 Vernon Ave,Glencoe,IL,60022,888-758-4389,Public,24 hours daily,ChargePoint Network,42.133473,-87.759188,E
ELEC,FAMILY HYUNDAI STATION 1,8101 W 159th St,Tinley Park,IL,60477,888-758-4389,Public,Mon 7:00am - 9:00pm; Tue 7:00am - 9:00pm; Wed 7:00am - 9:00pm; Thu 7:00am - 9:00pm; Fri 7:00am - 9:00pm; Sat 8:00am - 8:00pm,ChargePoint Network,41.601387,-87.817569,E
ELEC,FAMILY HYUNDAI STATION 2,8101 W 159th St,Tinley Park,IL,60477,888-758-4389,Public,Mon 7:00am - 9:00pm; Tue 7:00am - 9:00pm; Wed 7:00am - 9:00pm; Thu 7:00am - 9:00pm; Fri 7:00am - 9:00pm; Sat 8:00am - 8:00pm,ChargePoint Network,41.601279,-87.817408,E
ELEC,DOCTORS RAMP DR RAMP SOUTH,800 E. Carpenter Street,Springfield,IL,62769,888-758-4389,Public,24 hours daily,ChargePoint Network,39.806592,-89.645502,E
ELEC,Engel Bros,901 W Washington St,Farina,IL,62838,888-998-2546,Public,24 hours daily,Blink Network,38.839102,-88.777652,E
ELEC,OLE #1 DCFAST HOG,2595 Ogden Ave,Lisle,IL,60532,888-758-4389,Public,24 hours daily,ChargePoint Network,41.796803,-88.101944,E
ELEC,AMC Market Square 10,2160 Sycamore Road,Dekalb,IL,60115,888-264-2208,Public,Mon 6:00am - 11:59pm; Tue 6:00am - 11:59pm; Wed 6:00am - 11:59pm; Thu 6:00am - 11:59pm; Fri 6:00am - 11:59pm; Sat 6:00am - 11:59pm; Sun 6:00am - 11:59pm,SHELL_RECHARGE,41.947444,-88.721125,E
ELEC,McCarthy Ford,11400 S. Pulaski Road,Chicago,IL,60655,888-998-2546,Public,24 hours daily,Blink Network,41.685101,-87.720354,E
ELEC,Amazon Fresh Naperville-Ogden,1351 E Ogden Ave,Naperville,IL,60563,888-264-2208,Public,Mon 6:00am - 11:59pm; Tue 6:00am - 11:59pm; Wed 6:00am - 11:59pm; Thu 6:00am - 11:59pm; Fri 6:00am - 11:59pm; Sat 6:00am - 11:59pm; Sun 6:00am - 11:59pm,SHELL_RECHARGE,41.796873,-88.12028,E
ELEC,425 S. FIN PLAC 440LASALLE2,425 S Financial Pl,Chicago,IL,60605,888-758-4389,TEMPORARILY UNAVAILABLE (Public),24 hours daily,ChargePoint Network,41.876317,-87.632933,T
ELEC,425 S. FIN PLAC 440LASALLE,425 S Financial Pl,Chicago,IL,60605,888-758-4389,Public,24 hours daily,ChargePoint Network,41.876306,-87.632975,E
ELEC,GFH CONSUMER 1,6801 44th Ave,Moline,IL,61265,888-758-4389,TEMPORARILY UNAVAILABLE (Public),24 hours daily,ChargePoint Network,41.470946,-90.448239,T
ELEC,IL TOLLWAY HINSDALE NB,5800 Tri-State Tollway,Hinsdale,IL,60521,888-758-4389,Public,24 hours daily,ChargePoint Network,41.783897,-87.9068,E
ELEC,IL TOLLWAY HINSDALE SB,5800 Tri-State Tollway,Hinsdale,IL,60521,888-758-4389,Public,24 hours daily,ChargePoint Network,41.783146,-87.909,E
ELEC,Royse and Brinkmeyer - 2511 W. Springfield,2511 W Springfield Ave,Champaign,IL,61820,888-998-2546,Public,24 hours daily,Blink Network,40.112825,-88.288773,E
ELEC,KISHHEALTH MOB 1,"MOB 5 Kish Hospital Dr, DeKalb, Illinois 6011",DeKalb,IL,60115,888-758-4389,Public,24 hours daily,ChargePoint Network,41.962579,-88.722703,E
ELEC,KISHHEALTH DOCTORS LOT 2,1 Kish Hospital Dr,DeKalb,IL,60115,888-758-4389,Public,24 hours daily,ChargePoint Network,41.960516,-88.722908,E
ELEC,KISHHEALTH ER LOT 1,1 Kish Hospital Dr,DeKalb,IL,60115,888-758-4389,Public,24 hours daily,ChargePoint Network,41.961049,-88.721748,E
ELEC,ICC LOT C,One College Drive,East Peoria,IL,61635,888-758-4389,Public,24 hours daily,ChargePoint Network,40.705674,-89.525057,E
ELEC,PUBLIC LIBRARY GLEN ELLYN PL,400 Duane St,Glen Ellyn,IL,60137,888-758-4389,Public,24 hours daily,ChargePoint Network,41.875886,-88.07138,E
ELEC,HRC WEST 1 HYATT HOTEL 2,310 N Stetson Ave,Chicago,IL,60601,888-758-4389,Public,24 hours daily,ChargePoint Network,41.887463,-87.62218,E
ELEC,HRC WEST 1 HYATT HOTEL 1,310 N Stetson Ave,Chicago,IL,60601,888-758-4389,Public,24 hours daily,ChargePoint Network,41.887424,-87.622006,E
ELEC,WAUCONDA CITY HALL 1,101 N Main St,Wauconda,IL,60084,888-758-4389,Public,24 hours daily,ChargePoint Network,42.260101,-88.141775,E
ELEC,Parq Fulton,1400 West Randolph Street,Chicago,IL,60607,800-663-5633,Public,24 hours daily,Blink Network,41.8845457,-87.6626597,E
ELEC,Roberts Motors,4350 North Alby Street,Alton,IL,62002,888-998-2546,Public,24 hours daily,Blink Network,38.924152,-90.178906,E
ELEC,Burr Ridge Village Center - Tesla Supercharger,515  Village Center Drive,Burr Ridge,IL,60527,877-798-3752,Public,24 hours daily. Please check Tesla's online station map to see if an adapter is required at this location.,Tesla,41.7522431,-87.9139903,E
ELEC,WHEELING METRA WEST LOT2,101 Wheeling Rd,Wheeling,IL,60090,888-758-4389,Public,24 hours daily,ChargePoint Network,42.136495,-87.930271,E
ELEC,PLYMOUTH PLACE STATION 1,315 N La Grange Rd,La Grange Park,IL,60526,888-758-4389,Public,24 hours daily,ChargePoint Network,41.82038,-87.867914,E
ELEC,PLYMOUTH PLACE STATION 2,315 N La Grange Rd,La Grange Park,IL,60526,888-758-4389,Public,24 hours daily,ChargePoint Network,41.82038,-87.86792,E
ELEC,HH OAK LAWN SALES SW,9121 S Cicero Ave,Oak Lawn,IL,60453,888-758-4389,Public,Mon 6:00am - 12:00am; Tue 6:00am - 12:00am; Wed 6:00am - 12:00am; Thu 6:00am - 12:00am; Fri 6:00am - 12:00am; Sat 6:00am - 12:00am; Sun 6:00am - 12:00am,ChargePoint Network,41.72637,-87.739882,E
ELEC,HH OAK LAWN SALES NW,9121 S Cicero Ave,Oak Lawn,IL,60453,888-758-4389,Public,Mon 6:00am - 12:00am; Tue 6:00am - 12:00am; Wed 6:00am - 12:00am; Thu 6:00am - 12:00am; Fri 6:00am - 12:00am; Sat 6:00am - 12:00am; Sun 6:00am - 12:00am,ChargePoint Network,41.726302,-87.740083,E
ELEC,LINCOLN COMMON LINCOLN COMMON,2316 N Lincoln Ave,Chicago,IL,60614,888-758-4389,Public,24 hours daily,ChargePoint Network,41.924266,-87.647382,E
ELEC,Cubs Blue Lot,1094 W Waveland,Chicago,IL,60613,800-663-5633,Public,24 hours daily,Blink Network,41.949021,-87.6567262,E
ELEC,Meijer - Tesla Supercharger,2700 US-34,Oswego,IL,60543,877-798-3752,Public,24 hours daily. Please check Tesla's online station map to see if an adapter is required at this location.,Tesla,41.6998502,-88.312668,E
ELEC,Casey's General Store - Tesla Supercharger,330 S 7th Street,Rochelle,IL,61068,877-798-3752,Public,24 hours daily. Please check Tesla's online station map to see if an adapter is required at this location.,Tesla,41.9169092,-89.0691358,E
ELEC,"Sodick, Inc.",601 Commerce Drive,Schaumburg,IL,60173,800-663-5633,Public,24 hours daily,Blink Network,42.060211275821,-88.065982916463,E
ELEC,Kohls Morton Grove IL,6931 Dempster St.,Morton Grove,IL,60053,888-264-2208,Public,Mon 8:00am - 10:00pm; Tue 8:00am - 10:00pm; Wed 8:00am - 10:00pm; Thu 8:00am - 10:00pm; Fri 8:00am - 10:00pm; Sat 8:00am - 10:00pm; Sun 8:00am - 10:00pm,SHELL_RECHARGE,42.039594,-87.797384,E
ELEC,Quality Inn & Suites,2811 Woodlawn Rd,Lincoln,IL,62656,888-998-2546,Public,24 hours daily,Blink Network,40.1572459,-89.4093095,E
ELEC,LOT E SOUTH,1 Stevenson Dr,Lincolnshire,IL,60069,888-758-4389,Public,Mon 4:30am - 7:00pm; Tue 4:30am - 7:00pm; Wed 4:30am - 7:00pm; Thu 4:30am - 7:00pm; Fri 4:30am - 7:00pm,ChargePoint Network,42.201244,-87.944419,E
ELEC,LOT E NORTH,1 Stevenson Dr,Lincolnshire,IL,60069,888-758-4389,Public,Mon 4:30am - 7:00pm; Tue 4:30am - 7:00pm; Wed 4:30am - 7:00pm; Thu 4:30am - 7:00pm; Fri 4:30am - 7:00pm,ChargePoint Network,42.201272,-87.944411,E
ELEC,Kohls Frankfort IL,11055 W Lincoln Hwy,Frankfort,IL,60423,888-264-2208,Public,Mon 8:00am - 10:00pm; Tue 8:00am - 10:00pm; Wed 8:00am - 10:00pm; Thu 8:00am - 10:00pm; Fri 8:00am - 10:00pm; Sat 8:00am - 10:00pm; Sun 8:00am - 10:00pm,SHELL_RECHARGE,41.501147,-87.885013,E
ELEC,Parking lot 3 North Entrance Parking,667 N 11th St,Quincy,IL,62301,888-998-2546,Public,24 hours daily,Blink Network,39.9392,-91.3986,E
ELEC,HOFFMAN ESTATES VILLAGE HALL 1,1900 Hassell Rd,Hoffman Estates,IL,60169,888-758-4389,Public,24 hours daily,ChargePoint Network,42.064061,-88.12459,E
ELEC,HOFFMAN ESTATES VILLAGE HALL 2,1900 Hassell Rd,Hoffman Estates,IL,60169,888-758-4389,Public,24 hours daily,ChargePoint Network,42.064061,-88.124612,E
ELEC,SWEC_ SWEC_ANDG4,3417 District Dr,Edwardsville,IL,62025,888-758-4389,Public,24 hours daily,ChargePoint Network,38.782199,-89.924645,E
ELEC,SWEC_ SWEC_ANDG2,100 District Dr,Edwardsville,IL,62025,888-758-4389,Public,24 hours daily,ChargePoint Network,38.782975,-89.923673,E
ELEC,SWEC_ SWEC_ANDG3,100 District Dr,Edwardsville,IL,62025,888-758-4389,Public,24 hours daily,ChargePoint Network,38.782976,-89.923612,E
ELEC,Phillips Chevrolet Free Solar Charging Station,9700 W Lincoln Highway,Frankfort,IL,60423,815-469-2323,Public,7:30am-7pm M-F; 8am-6pm Sat; Closed Sunday,Non-Networked,41.50764810837509,-87.85102062328698,E
ELEC,Meijer - Tesla Supercharger,400  South Randall Road,Algonquin,IL,60102,877-798-3752,Public,24 hours daily. Please check Tesla's online station map to see if an adapter is required at this location.,Tesla,42.17117032,-88.33661234,E
ELEC,Kohls Woodridge IL,1001 75th Street,Woodridge,IL,60517,888-264-2208,Public,Mon 8:00am - 10:00pm; Tue 8:00am - 10:00pm; Wed 8:00am - 10:00pm; Thu 8:00am - 10:00pm; Fri 8:00am - 10:00pm; Sat 8:00am - 10:00pm; Sun 8:00am - 10:00pm,SHELL_RECHARGE,41.749571,-88.014166,E
ELEC,ACADEMY STORE 5781,8331 S Stewart Ave,Chicago,IL,60620,888-758-4389,Public,24 hours daily,ChargePoint Network,41.739758,-87.633519,E
ELEC,INTERPARK TOWER WEST,211 W Adams St,Chicago,IL,60606,888-758-4389,Public,24 hours daily,ChargePoint Network,41.879012,-87.634417,E
ELEC,INTERPARK TOWER EAST,211 W Adams St,Chicago,IL,60606,888-758-4389,Public,24 hours daily,ChargePoint Network,41.878972,-87.634503,E
ELEC,INTERPARK CH610 EAST,230 W Washington St,Chicago,IL,60606,888-758-4389,Public,24 hours daily,ChargePoint Network,41.883519,-87.635067,E
ELEC,INTERPARK CH610 WEST,230 W Washington St,Chicago,IL,60606,888-758-4389,Public,24 hours daily,ChargePoint Network,41.883503,-87.635067,E
ELEC,CLC LOT 7 PARKING LOT 8,"19351 West Washington St. Parking Lot 8, F Bl",Grayslake,IL,60030,888-758-4389,Public,24 hours daily,ChargePoint Network,42.357079,-88.014144,E
ELEC,Eastland Suites Conference Center,1801 Eastland Dr,Bloomington,IL,61704,309-662-0000,Public - Credit card at all times,24 hours daily; for guests only,Non-Networked,40.4838269,-88.94806491,E
ELEC,Eastland Suites Hotel,1801 Eastland Dr,Bloomington,IL,61704,309-662-0000,Public - Credit card at all times,24 hours daily; for guests only,Non-Networked,40.4830748731836,-88.9486164139924,E
ELEC,Walgreens 1701 N Buffalo Grove Rd Buffalo Grove,1701 N BUFFALO G,BUFFALO GROVE,IL,60089,888-264-2208,Public,Mon 7:00am - 10:00pm; Tue 7:00am - 10:00pm; Wed 7:00am - 10:00pm; Thu 7:00am - 10:00pm; Fri 7:00am - 10:00pm; Sat 8:00am - 10:00pm; Sun 8:00am - 10:00pm,SHELL_RECHARGE,42.182457,-87.964858,E
ELEC,Parking Lot B,4201 Medical Center Drive,McHenry,IL,60050,800-663-5633,Public,24 hours daily,Blink Network,42.3162973,-88.2781265,E
ELEC,Auffenberg Of Carbondale,1015 EAST WALNUT,CARBONDALE,IL,62901,866-816-7584,Public,24 hours daily,EV Connect,37.725804,-89.200723,E
ELEC,CBBEL,9575 W Higgins Rd,Rosemont,IL,60018,619-631-8536,Public,24 hours daily,EVMATCH,41.9926169,-87.8650646,E
ELEC,Plant Chicago,4459 S Marshfield Ave,Chicago,IL,60609,619-631-8536,Public,24 hours daily,EVMATCH,41.8123625,-87.6659539,E
ELEC,Casey's - Tesla Supercharger,2100  East University Avenue,Urbana,IL,61802,877-798-3752,Public,24 hours daily. Please check Tesla's online station map to see if an adapter is required at this location.,Tesla,40.1156041,-88.18288953,E
ELEC,Garage locations,1652 brookdale Rd,Naperville,IL,60563,800-663-5633,Public,24 hours daily,Blink Network,41.7837536,-88.1928841,E
ELEC,Leasing office,1652 Brookdale RD,Naperville,IL,60563,800-663-5633,Public,24 hours daily,Blink Network,41.7837536,-88.1928841,E
ELEC,Hampton Inn & Suites Aurora,2423 Bushwood Dr,Aurora,IL,60506,888-998-2546,Public,24 hours daily,Blink Network,41.791222,-88.376671,E
ELEC,ISAAC EX SUITES AGORA TOWER 1,408 Oak St,DeKalb,IL,60115,888-758-4389,Public,24 hours daily,ChargePoint Network,41.930802,-88.748746,E
ELEC,ISAAC EX SUITES AGORA TOWER 2,408 Oak St,DeKalb,IL,60115,888-758-4389,Public,24 hours daily,ChargePoint Network,41.93081,-88.748842,E
ELEC,Mike Haggerty Buick GMC,9100 S Kenton Ave,Oak Lawn,IL,60453,888-998-2546,Public,24 hours daily,Blink Network,41.726936,-87.736723,E
ELEC,Bob Grimm Chevrolet,2271 S Main St,Morton,IL,61554,309-263-2241,Public - Call ahead,"7:30am-7pm M, 7:30am-5pm T-F",Non-Networked,40.587215,-89.474922,E
ELEC,ICC 5407 N UNIVERSI,5407 N University St,Peoria,IL,61614,888-758-4389,Public,24 hours daily,ChargePoint Network,40.752811,-89.615411,E
ELEC,Chase Bank - 2122 W 22nd St,2122 W 22nd St,Oak Brook,IL,60523,877-455-3833,Public,24 hours daily,eVgo Network,41.846989,-87.97129,E
ELEC,Walgreens,375 E Dundee Rd,Palatine,IL,60074,877-455-3833,TEMPORARILY UNAVAILABLE (Public),24 hours daily,eVgo Network,42.13892,-88.03465,T
ELEC,Woodfield Mall,5 Woodfield Mall,Schaumburg,IL,60173,877-455-3833,TEMPORARILY UNAVAILABLE (Public),24 hours daily,eVgo Network,42.046533,-88.03877,T
ELEC,Walgreens - West Fullerton,1520 W Fullerton Ave,Chicago,IL,60614,877-455-3833,Public,24 hours daily,eVgo Network,41.92571,-87.66618,E
ELEC,UIC Maxwell Street Parking Structure,701 W Maxwell St,Chicago,IL,60607,877-455-3833,Public,24 hours daily,eVgo Network,41.864717,-87.645444,E
ELEC,Walgreens,5625 N Ridge Ave,Chicago,IL,60660,877-455-3833,Public,24 hours daily,eVgo Network,41.984701,-87.660936,E
ELEC,Walgreens,10345 W Roosevelt Rd,Westchester,IL,60154,877-455-3833,Public,24 hours daily,eVgo Network,41.862932,-87.881634,E
ELEC,Jewel-Osco,3400 N Western Ave,Chicago,IL,60618,877-455-3833,Public,24 hours daily,eVgo Network,41.943222,-87.689259,E
ELEC,Walgreens,5158 N Lincoln Ave,Chicago,IL,60625,877-455-3833,Public,24 hours daily,eVgo Network,41.97494,-87.69292,E
ELEC,Berwyn Public Parking Garage,3239 Grove Ave Ste 100,Berwyn,IL,60402,877-455-3833,Public,24 hours daily,eVgo Network,41.8315278,-87.7943384,E
ELEC,Whole Foods Market,1550 N Kingsbury St,Chicago,IL,60642,877-455-3833,Public,Mon 8:00am - 10:00pm; Tue 8:00am - 10:00pm; Wed 8:00am - 10:00pm; Thu 8:00am - 10:00pm; Fri 8:00am - 10:00pm; Sat 8:00am - 10:00pm; Sun 8:00am - 10:00pm,eVgo Network,41.908771,-87.653054,E
ELEC,Whole Foods Market,750 N Martingale Rd,Schaumburg,IL,60173,877-455-3833,Public,Mon 8:00am - 10:00pm; Tue 8:00am - 10:00pm; Wed 8:00am - 10:00pm; Thu 8:00am - 10:00pm; Fri 8:00am - 10:00pm; Sat 8:00am - 10:00pm; Sun 8:00am - 10:00pm,eVgo Network,42.04216,-88.03671,E
ELEC,Whole Foods Market,840 Willow Rd,Northbrook,IL,60062,877-455-3833,Public,24 hours daily,eVgo Network,42.10703,-87.80078,E
ELEC,Whole Foods Market,3640 N Halsted St,Chicago,IL,60613,877-455-3833,Public,24 hours daily,eVgo Network,41.948448,-87.649988,E
ELEC,Walgreens,12 N Northwest Hwy,Palatine,IL,60067,877-455-3833,Public,24 hours daily,eVgo Network,42.110582,-88.034787,E
ELEC,Orland Square Mall,288 Orland Square Dr,Orland Park,IL,60462,877-455-3833,TEMPORARILY UNAVAILABLE (Public),24 hours daily,eVgo Network,41.620976,-87.848336,T
ELEC,Gurnee Mills,6170 Grand Ave,Gurnee,IL,60031,877-455-3833,Public,24 hours daily,eVgo Network,42.389763,-87.95552,E
ELEC,Metropolitan Square,518 Metropolitan Way,Des Plaines,IL,60016,877-455-3833,Public,24 hours daily,eVgo Network,42.043248,-87.884897,E
ELEC,Whole Foods Sauganash (CIC),6020 N Cicero Ave,Chicago,IL,60646,877-455-3833,Public,24 hours daily,eVgo Network,41.99146,-87.749262,E
ELEC,Crossroads Centre,10850 Lincoln Trl,Fairview Heights,IL,62208,877-455-3833,Public,24 hours daily,eVgo Network,38.5919613,-89.988948,E
ELEC,Colony Square,2300 S Elmhurst Rd # 2364,Mt Prospect,IL,60056,877-455-3833,Public,24 hours daily,eVgo Network,42.023508,-87.940939,E
ELEC,LF CITY HALL FOREST LOT #1,203 Northgate St,Lake Forest,IL,60045,888-758-4389,Public,24 hours daily,ChargePoint Network,42.252276,-87.841794,E
ELEC,OREGON1 OREGON1,510 W. Washington street,Oregon,IL,61061,888-758-4389,Public,24 hours daily,ChargePoint Network,42.014806,-89.334867,E
ELEC,225 W WACKER 225 W WACKER,225 W Wacker Dr,Chicago,IL,60606,888-758-4389,Public,24 hours daily,ChargePoint Network,41.886307,-87.635075,E
ELEC,Town and Country Center DCFC,325 E Palatine Rd,Arlington Heights,IL,60004,888-264-2208,Public,Mon 6:00am - 11:59pm; Tue 6:00am - 11:59pm; Wed 6:00am - 11:59pm; Thu 6:00am - 11:59pm; Fri 6:00am - 11:59pm; Sat 6:00am - 11:59pm; Sun 6:00am - 11:59pm,SHELL_RECHARGE,42.108245,-87.97945,E
ELEC,Best Western Hawthorne Terrace,3434 N Broadway Ave,Chicago,IL,60657,833-692-6787,Public - Credit card at all times,Contact station for hours of availability.,AMPUP,41.944195,-87.645488,E
ELEC,NOW Foods,1620 Central Ave,Roselle,IL,60172,833-692-6787,Public - Credit card at all times,Contact station for hours of availability.,AMPUP,41.983673,-88.12415,E
ELEC,Rockford Plaza,4949 Harrison Ave,Rockford,IL,61109,,Private - Credit card at all times,Contact station for hours of availability,AMPUP,42.238052,-89.019656,E
ELEC,Vanguard Warrenville Apartments,28262 Diehl Rd,Warrenville,IL,60555,833-692-6787,Public - Credit card at all times,Contact station for hours of availability.,AMPUP,41.803567,-88.174053,E
ELEC,Union West,939 W Washington Blvd,Chicago,IL,60607,833-692-6787,Public - Credit card at all times,Contact station for hours of availability.,AMPUP,41.882764,-87.651188,E
ELEC,9399 Garage,9399 W Higgins Rd,Rosemont,IL,60018,,Private,Contact station for hours of availability.,AMPUP,41.990488,-87.859251,E
ELEC,6133 Garage,6133 N River Rd,Des Plaines,IL,60018,,Private,Contact station for hours of availability.,AMPUP,41.987915,-87.859009,E
ELEC,"Hampton, Lenzini & Renwick, Inc.",380 Shepard Dr,Elgin,IL,60123,,Private,Contact station for hours of availability.,AMPUP,42.023546,-88.31603,E
ELEC,City of Joliet - Gateway Center,E Marion St,Joliet,IL,60433,,Private,,AMPUP,41.52233262055942,-88.07901530555726,E
ELEC,Arnie Bauer Buick GMC Cadillac,5525 MILLER CIRCLE DRIVE,MATTESON,IL,60443,866-816-7584,Public,Mon 7:00am - 7:30pm; Tue 7:00am - 7:30pm; Wed 7:00am - 7:30pm; Thu 7:00am - 7:30pm; Fri 7:00am - 7:30pm; Sat 8:00am - 4:00pm,EV Connect,41.505411,-87.749556,E
ELEC,Barker Motor Co,2030 IRELAND GROVE RD,BLOOMINGTON,IL,61704,866-816-7584,Public,24 hours daily,EV Connect,40.459764,-88.965009,E
ELEC,Calumet,328 E 43rd st,Chicago,IL,60653,866-816-7584,Public,24 hours daily,EV Connect,41.816823,-87.618607,E
ELEC,SBLHC MOB SBLHC #1,1000 Health Center dr,Mattoon,IL,61938,888-758-4389,Public,24 hours daily,ChargePoint Network,39.487864,-88.274866,E
ELEC,SBLHC MOB SBLHC #2,1000 Health Center dr,Mattoon,IL,61938,888-758-4389,Public,24 hours daily,ChargePoint Network,39.48787,-88.27493,E
ELEC,The Arboretum of South Barrington - Tesla Supercharger,100 West Higgins Road,South Barrington,IL,60010,877-798-3752,Public,24 hours daily. Please check Tesla's online station map to see if an adapter is required at this location.,Tesla,42.0751659,-88.186507,E
ELEC,ILLINI CHARGING B4-NCPD,405 N Goodwin Ave,Urbana,IL,61801,888-758-4389,Public,24 hours daily,ChargePoint Network,40.115704,-88.224483,E
ELEC,ILLINI CHARGING D22-ALUMNI CTR,601 S Lincoln Ave,Urbana,IL,61801,888-758-4389,Public,24 hours daily,ChargePoint Network,40.107668,-88.219884,E
ELEC,"ILLINI CHARGING E14-SFC, MS",Kirby Ave (77-91 Co Rd 1500 N),Champaign,IL,61820,888-758-4389,TEMPORARILY UNAVAILABLE (Public),24 hours daily,ChargePoint Network,40.097779,-88.240073,T
ELEC,EW ENTERPRISEWORKS,60 Hazelwood Dr,Champaign,IL,61820,888-758-4389,Public,24 hours daily,ChargePoint Network,40.091126,-88.240192,E
ELEC,640 N LASALLE STATION #1,640 N La Salle St,Chicago,IL,60654,888-758-4389,Public,24 hours daily,ChargePoint Network,41.893633,-87.6329,E
ELEC,VALLEY HYUNDAI EXPRESS RIGHT,4333 Ogden Ave,Aurora,IL,60504,888-758-4389,Public,24 hours daily,ChargePoint Network,41.75119,-88.210259,E
ELEC,BMW MOTOR WERKS MW OUTSIDE,10 IL-68,Inverness,IL,60010,888-758-4389,Public,24 hours daily,ChargePoint Network,42.129232,-88.133575,E
ELEC,BMW MOTOR WERKS BWEV4,1475 Barrington Rd,Barrington,IL,60010,888-758-4389,Public,24 hours daily,ChargePoint Network,42.129145,-88.135408,E
ELEC,VALLEY HYUNDAI EXPRESS LEFT,4333 Ogden Ave,Aurora,IL,60504,888-758-4389,Public,24 hours daily,ChargePoint Network,41.751198,-88.210324,E
ELEC,DOCTOR'S GARAGE PALOS 1,12255 S 80th Ave,Palos Heights,IL,60463,888-758-4389,Public,24 hours daily,ChargePoint Network,41.670058,-87.813948,E
ELEC,THE COOPER GATEWAY,720 S Wells St,Chicago,IL,60607,888-758-4389,Public,24 hours daily,ChargePoint Network,41.87256,-87.633911,E
ELEC,EV PHILLIPS STATION 1,1400 Locke Dr,Bourbonnais,IL,60914,888-758-4389,Public,24 hours daily,ChargePoint Network,41.166409,-87.84876,E
ELEC,Vernon Area Public Library,300 Olde Half Day Rd,Lincolnshire,IL,60069,619-631-8536,Public - Credit card at all times,"9am-9pm M-Th, 9am-5pm F-Sat, 10am-5pm Sun",EVMATCH,42.1987907,-87.9366972,E
ELEC,TPM AVRA STATION 1,1125 W Van Buren Ave,Chicago,IL,60607,888-758-4389,Public,24 hours daily,ChargePoint Network,41.87582,-87.64171,E
ELEC,VILLOFRICHMOND BROADWAY EV1,5613 Broadway Rd,Richmond,IL,60071,888-758-4389,TEMPORARILY UNAVAILABLE (Public),24 hours daily,ChargePoint Network,42.475694,-88.3069,T
ELEC,THE COOPER STATION 2,720 S Wells St,Chicago,IL,60607,888-758-4389,Public,24 hours daily,ChargePoint Network,41.872568,-87.633825,E
ELEC,The Lighthouse Church of All Nations,4501 W. 127th St.,Alsip,IL,60803,800-663-5633,TEMPORARILY UNAVAILABLE (Public),24 hours daily,Blink Network,41.6581629,-87.7309289,T
ELEC,PARKING B LOT B FLOOR9 #1,240 E Ontario St,Chicago,IL,60611,888-758-4389,TEMPORARILY UNAVAILABLE (Public),24 hours daily,ChargePoint Network,41.89356,-87.620879,T
ELEC,PARKING B LOT B FLOOR8 #1,259 E Erie St,Chicago,IL,60611,888-758-4389,TEMPORARILY UNAVAILABLE (Public),24 hours daily,ChargePoint Network,41.893691,-87.620953,T
ELEC,PARKING B LOT B FLOOR8 #3,259 E Erie St,Chicago,IL,60611,888-758-4389,TEMPORARILY UNAVAILABLE (Public),24 hours daily,ChargePoint Network,41.89369,-87.620964,T
ELEC,PARKING B LOT B FLOOR9 #3,240 E Ontario St,Chicago,IL,60611,888-758-4389,TEMPORARILY UNAVAILABLE (Public),24 hours daily,ChargePoint Network,41.89356,-87.620889,T
ELEC,PARKING B LOT B FLOOR8 #2,259 E Erie St,Chicago,IL,60611,888-758-4389,TEMPORARILY UNAVAILABLE (Public),24 hours daily,ChargePoint Network,41.893693,-87.620932,T
ELEC,PARKING B LOT B FLOOR9 #2,240 E Ontario St,Chicago,IL,60611,888-758-4389,TEMPORARILY UNAVAILABLE (Public),24 hours daily,ChargePoint Network,41.893564,-87.620899,T
ELEC,LM CONSULTANTS EVSE 02,31 S Slusser St,Grayslake,IL,60030,888-758-4389,Public,24 hours daily,ChargePoint Network,42.343546,-88.041468,E
ELEC,Chicago Premium Outlets,1650 Premium Outlet Blvd,Aurora,IL,60502,877-455-3833,Public,24 hours daily,eVgo Network,41.8014,-88.2764,E
ELEC,City of Pontiac,115 West Howard Street,Pontiac,IL,61764,800-663-5633,Public,24 hours daily,Blink Network,40.8818309,-88.6294875,E
ELEC,1781 Bradford Ln  (US-YH7-URX-1),1781 Bradford Ln,Normal,IL,61761,866-576-1495,Public,24 hours daily,RIVIAN_WAYPOINTS,40.5356356,-88.9943895,E
ELEC,1781 Bradford Ln  (US-YH7-URX-2),1781 Bradford Ln,Normal,IL,61761,866-576-1495,Public,24 hours daily,RIVIAN_WAYPOINTS,40.5356356,-88.9943895,E
ELEC,1781 Bradford Ln  (US-YH7-URX-3),1781 Bradford Ln,Normal,IL,61761,866-576-1495,Public,24 hours daily,RIVIAN_WAYPOINTS,40.53572,-88.9943973,E
ELEC,1781 Bradford Ln  (US-YH7-URX-4),1781 Bradford Ln,Normal,IL,61761,866-576-1495,Public,24 hours daily,RIVIAN_WAYPOINTS,40.53572,-88.9943973,E
ELEC,1781 Bradford Ln  (US-YH7-URX-5),1781 Bradford Ln,Normal,IL,61761,866-576-1495,Public,24 hours daily,RIVIAN_WAYPOINTS,40.535829,-88.9943621,E
ELEC,1809 West Diehl Road (US-DDY-ZSB-1),1809 West Diehl Road,Naperville,IL,60563,866-576-1495,Public,24 hours daily,RIVIAN_WAYPOINTS,41.8002467,-88.2100452,E
ELEC,1809 West Diehl Road (US-DDY-ZSB-2),1809 West Diehl Road,Naperville,IL,60563,866-576-1495,Public,24 hours daily,RIVIAN_WAYPOINTS,41.8002467,-88.210045,E
ELEC,RBHS RBHS EV1,3411 Hollywood Ave,Brookfield,IL,60513,888-758-4389,Public,24 hours daily,ChargePoint Network,41.829634,-87.833424,E
ELEC,WHEELING VILLAGE HALL 1,2 Community Blvd,Wheeling,IL,60090,888-758-4389,Public,24 hours daily,ChargePoint Network,42.138537,-87.923289,E
ELEC,HOP CHARGERS HOP1-NORTH LOT,343 N Perryville Rd,Rockford,IL,61107,888-758-4389,Public,24 hours daily,ChargePoint Network,42.272071,-88.979432,E
ELEC,The Admiral at the Lake,929 W Foster Ave,Chicago,IL,60640,800-663-5633,Public,24 hours daily,Blink Network,41.9760744,-87.6532576,E
ELEC,DEKALB SW 1,1510 E Gurler Rd,DeKalb,IL,60115,888-758-4389,Public,24 hours daily,ChargePoint Network,41.890888,-88.733605,E
ELEC,DEKALB SW 2,1510 E Gurler Rd,DeKalb,IL,60115,888-758-4389,Public,24 hours daily,ChargePoint Network,41.890886,-88.73357,E
ELEC,Meijer - Tesla Supercharger,815  S Randall Rd,Elgin,IL,60123,877-798-3752,Public,24 hours daily. Please check Tesla's online station map to see if an adapter is required at this location.,Tesla,42.0125045,-88.3356508,E
ELEC,Target - Tesla Supercharger,4433  South Pulaski Road,Chicago,IL,60632,877-798-3752,Public,24 hours daily. Please check Tesla's online station map to see if an adapter is required at this location.,Tesla,41.813258,-87.72186,E
ELEC,John A. Logan College,700 Logan College Drive,Carterville,IL,62918,888-356-8911,Public,24 hours daily,FLO,37.747426,-89.090997,E
ELEC,TGM Danada Apartments - East,2 Sterling Circle,Wheaton,IL,60189,888-998-2546,Public,24 hours daily,Blink Network,41.834583,-88.096228,E
ELEC,Crowwood Pointe Apts,4001 Montrose Dr,Champaign,IL,61822,888-998-2546,Public,24 hours daily,Blink Network,40.10792,-88.31067,E
ELEC,City of Rockford IL,501 S. Main St,Rockford,IL,61101,888-998-2546,Public,24 hours daily,Blink Network,42.267515,-89.097396,E
ELEC,Pine Meadows,950 Technology Way,Libertyville,IL,60048,800-663-5633,Public,Mon 6:00am - 7:00pm; Tue 6:00am - 7:00pm; Wed 6:00am - 7:00pm; Thu 6:00am - 7:00pm; Fri 6:00am - 7:00pm; Sat 6:00am - 11:00am; Sun 6:00am - 11:00am,Blink Network,42.2947756,-87.994057,E
ELEC,CNB JAX EV CNB - JAX,1211 W Morton Ave,Jacksonville,IL,62650,888-758-4389,Public,24 hours daily,ChargePoint Network,39.722605,-90.250192,E
ELEC,DEKALB NORTH 1,Gurler Rd at Crego Rd (Facebook | META) - EB,DeKalb,IL,60115,888-758-4389,TEMPORARILY UNAVAILABLE (Public),24 hours daily,ChargePoint Network,41.892831,-88.733452,T
ELEC,Oakwood Plaza,1837 Homer M Adams Pkwy,Alton,IL,62002,877-455-3833,Public,24 hours daily,eVgo Network,38.916939,-90.1615,E
ELEC,Whole Foods Chicago & State,3 W Chicago Ave,Chicago,IL,60654,877-455-3833,Public,24 hours daily,eVgo Network,41.896272,-87.628367,E
ELEC,Chabad of Northbrook,2095 Landwehr Rd,Northbrook,IL,60062,,Private,9am-5pm daily,Non-Networked,42.11455,-87.85762,E
ELEC,1001 Main Street (US-22E-UX3-1),1001 Main Street,Lemont,IL,60439,866-576-1495,Public,24 hours daily,RIVIAN_WAYPOINTS,41.67949,-87.98665,E
ELEC,1001 Main Street (US-22E-UX3-2),1001 Main Street,Lemont,IL,60439,866-576-1495,Public,24 hours daily,RIVIAN_WAYPOINTS,41.67949,-87.98666,E
ELEC,1001 Main Street (US-22E-UX3-3),1001 Main Street,Lemont,IL,60439,866-576-1495,Public,24 hours daily,RIVIAN_WAYPOINTS,41.67949,-87.98667,E
ELEC,1001 Main Street (US-22E-UX3-4),1001 Main Street,Lemont,IL,60439,866-576-1495,Public,24 hours daily,RIVIAN_WAYPOINTS,41.67949,-87.98668,E
ELEC,Casino Queen STL,200 Front St,East Saint Louis,IL,62201,877-455-3833,Public,24 hours daily,eVgo Network,38.626931,-90.175081,E
ELEC,Nameoki Commons,3401 Nameoki Rd,Granite City,IL,62040,877-455-3833,Public,24 hours daily,eVgo Network,38.72675,-90.12454,E
ELEC,VILLAGE STATION VILLAGE HALL 1,5201 Oakton St,Skokie,IL,60077,888-758-4389,Public,Mon 12:00am - 12:00am; Tue 12:00am - 12:00am; Wed 12:00am - 12:00am; Thu 12:00am - 12:00am; Fri 12:00am - 12:00am; Sat 12:00am - 12:00am; Sun 12:00am - 12:00am,ChargePoint Network,42.025584,-87.756605,E
ELEC,SCHERERMAZDA FRONT LOT,2300 W Pioneer Pkwy,Peoria,IL,61615,888-758-4389,Public,24 hours daily,ChargePoint Network,40.783041,-89.628244,E
ELEC,ICC COUGARPLEX,1 College Dr,East Peoria,IL,61611,888-758-4389,Public,24 hours daily,ChargePoint Network,40.705478,-89.519401,E
ELEC,OAK PARK 1 AVENUE GARAGE 2,720 North Blvd,Oak Park,IL,60301,888-758-4389,Public,24 hours daily,ChargePoint Network,41.887771,-87.793692,E
ELEC,OAK PARK 1 AVENUE GARAGE 5,720 North Blvd,Oak Park,IL,60301,888-758-4389,Public,24 hours daily,ChargePoint Network,41.887781,-87.793746,E
ELEC,OAK PARK 1 1 WEST CHARGER,1001 North Blvd,Oak Park,IL,60301,888-758-4389,TEMPORARILY UNAVAILABLE (Public),24 hours daily,ChargePoint Network,41.887233,-87.800735,T
ELEC,OAK PARK 1 1 EAST CHARGER,1001 North Blvd,Oak Park,IL,60301,888-758-4389,TEMPORARILY UNAVAILABLE (Public),24 hours daily,ChargePoint Network,41.88727,-87.800797,T
ELEC,KC EV 1 LVL 3 HYUN NE,2011 Charleston Ave,Mattoon,IL,61938,888-758-4389,Public,24 hours daily,ChargePoint Network,39.48189,-88.378164,E
ELEC,HCC CHARGING ST WDC STATION 1,Vermillion Way,Normal,IL,61761,888-758-4389,Public,24 hours daily,ChargePoint Network,40.535509,-89.013832,E
ELEC,KC EV 1 LVL 3 HYUN NW,2011 Charleston Ave,Mattoon,IL,61938,888-758-4389,Public,24 hours daily,ChargePoint Network,39.481885,-88.37818,E
ELEC,Orland Park Crossing - Tesla Supercharger,14225 95th Ave,Orland Park,IL,60462,877-798-3752,Public,24 hours daily. Please check Tesla's online station map to see if an adapter is required at this location.,Tesla,41.632335,-87.851982,E
ELEC,Pennington Ford Centralia,848 E Noleman Street,Centralia,IL,62801,888-998-2546,TEMPORARILY UNAVAILABLE (Public),24 hours daily,Blink Network,38.527569,-89.123594,T
ELEC,Jerseyville Motor Company,1205 S State St,Jerseyville,IL,62052,888-998-2546,Public,24 hours daily,Blink Network,39.106184,-90.315512,E
ELEC,Harvard Ford,5250 South Route 14,Harvard,IL,60033,888-998-2546,Public,24 hours daily,Blink Network,42.402921,-88.612613,E
ELEC,WINNETKA SPRUCE & BIRCH,860 Spruce St,Winnetka,IL,60093,888-758-4389,Public,24 hours daily,ChargePoint Network,42.106879,-87.736675,E
ELEC,Diepholz Cadillac,631 W LINCOLN AVE,CHARLESTON,IL,61920,866-816-7584,Public,24 hours daily,EV Connect,39.485017,-88.1898,E
ELEC,Bill's Pizza & Pub - Tesla Destination,624  S. Lake Street,Mundelein,IL,60060,877-798-3752,Public,,Tesla Destination,42.25442,-88.00158,E
ELEC,Bill's Pub North - Tesla Destination,18945  W. Washington Street,Third Lake,IL,60030,877-798-3752,Public,,Tesla Destination,42.36002,-88.00397,E
ELEC,Quincy Area Convention & Visitors Bureau - Tesla Destination,532  GARDNER EXPY,QUINCY,IL,62301,877-798-3752,Public,,Tesla Destination,39.926285,-91.412379,E
ELEC,Jerseyville City Center Park - Tesla Destination,101  S. Jefferson St.,Jerseyville,IL,62052,877-798-3752,Public,,Tesla Destination,39.119229,-90.325857,E
ELEC,Taco Burrito King - Tesla Destination,23836 W Eames Street,Channahon,IL,60410,877-798-3752,Public,,Tesla Destination,41.458025,-88.192576,E
ELEC,Anvil Brand Shoe Company - Tesla Destination,500 S. Spencer Street,Lexington,IL,61753,877-798-3752,Public,,Tesla Destination,40.63572,-88.79603,E
ELEC,Mac Management Co,640 N La Salle St,Chicago,IL,60654,,Private,Contact station for hours of availability,AMPUP,41.8936332,-87.6329,E
ELEC,NOW Foods,395 Glen Ellyn Rd,Bloomingdale,IL,60108,,Private,Contact station for hours of availability,AMPUP,41.932154,-88.060451,E
ELEC,Siete 7,999 E Touhy Ave,Des Plaines,IL,60018,,Private,Contact station for hours of availability,AMPUP,42.0086871,-87.8992551,E
ELEC,CARLE FOUNDATIO CATR ASC 3,508 Lafayette St,Danville,IL,61832,888-758-4389,Public,24 hours daily,ChargePoint Network,40.128757,-87.63704,E
ELEC,CARLE FOUNDATIO CATR ASC 1,507 W Harrison St,Danville,IL,61832,888-758-4389,Public,24 hours daily,ChargePoint Network,40.12838,-87.63728,E
ELEC,CASTLE HYUNDAI 1 WEST,1866 Ogden Ave,Downers Grove,IL,60515,888-758-4389,Public,24 hours daily,ChargePoint Network,41.80825,-88.032678,E
ELEC,TARGET T3872 STATION 2,615 W Lake St,Elmhurst,IL,60126,888-758-4389,Public,24 hours daily,ChargePoint Network,41.921659,-87.959912,E
ELEC,TARGET T3872 STATION 1,615 W Lake St,Elmhurst,IL,60126,888-758-4389,Public,24 hours daily,ChargePoint Network,41.921731,-87.960137,E
ELEC,10 N MARTINGALE WPOC 10 GARAGE,10 N Martingale Rd,Schaumburg,IL,60173,888-758-4389,Public,24 hours daily,ChargePoint Network,42.025604,-88.033745,E
ELEC,Commerce Bank - Shiloh,4400 Green Mount Crossing Dr,Shiloh,IL,62269,877-455-3833,Public,24 hours daily,eVgo Network,38.572106,-89.928057,E
ELEC,IKEA USA SCHAUMBURG 1,1800 McConnor Pkwy,Schaumburg,IL,60173,888-758-4389,Public,24 hours daily,ChargePoint Network,42.056097,-88.036015,E
ELEC,IKEA USA BOLINGBROOK 2,750 E Boughton Rd,Bolingbrook,IL,60440,888-758-4389,Public,24 hours daily,ChargePoint Network,41.727563,-88.037149,E
ELEC,IKEA USA BOLINGBROOK 4,750 E Boughton Rd,Bolingbrook,IL,60440,888-758-4389,Public,24 hours daily,ChargePoint Network,41.727563,-88.037216,E
ELEC,IKEA USA BOLINGBROOK 3,750 E Boughton Rd,Bolingbrook,IL,60440,888-758-4389,Public,24 hours daily,ChargePoint Network,41.727574,-88.03718,E
ELEC,20 N MARTINGALE WPOC 20 GARAGE,20 N Martingale Rd,Schaumburg,IL,60173,888-758-4389,Public,24 hours daily,ChargePoint Network,42.027363,-88.033775,E
ELEC,JNS / WAL IRVING PK 2,2301 W Irving Park Rd,Chicago,IL,60618,888-998-2546,TEMPORARILY UNAVAILABLE (Public),24 hours daily,Blink Network,41.9537,-87.686411,T
ELEC,HUDDLE HOUSE HUDDLE HOUSE,3904 E Hospitality Ln,Decatur,IL,62521,888-758-4389,Public,24 hours daily,ChargePoint Network,39.905058,-88.89774,E
ELEC,175 W JACKSON 175 W JACKSON,175 Jackson Blvd,Chicago,IL,60604,888-758-4389,Public,Mon 5:00am - 5:00pm; Tue 5:00am - 5:00pm; Wed 5:00am - 5:00pm; Thu 5:00am - 5:00pm; Fri 5:00am - 5:00pm,ChargePoint Network,41.877872,-87.6332,E
ELEC,The Shops at North Bridge Grant St,520 N Michigan Ave,Chicago,IL,60611,888-264-2208,Public,Mon 6:00am - 11:59pm; Tue 6:00am - 11:59pm; Wed 6:00am - 11:59pm; Thu 6:00am - 11:59pm; Fri 6:00am - 11:59pm; Sat 6:00am - 11:59pm; Sun 6:00am - 11:59pm,SHELL_RECHARGE,41.891844,-87.626446,E
ELEC,Water Tower Place DCFC,835 N Michigan Ave,Chicago,IL,60611,888-264-2208,Public,Mon 6:00am - 11:59pm; Tue 6:00am - 11:59pm; Wed 6:00am - 11:59pm; Thu 8:00am - 11:59pm; Fri 6:00am - 11:59pm; Sat 6:00am - 11:59pm; Sun 6:00am - 11:59pm,SHELL_RECHARGE,41.898154,-87.622511,E
ELEC,North Riverside Plaza,7201 West 24th Street,North Riverside,IL,60546,888-264-2208,Public,Mon 6:00am - 11:59pm; Tue 6:00am - 11:59pm; Wed 6:00am - 11:59pm; Thu 6:00am - 11:59pm; Fri 6:00am - 11:59pm; Sat 6:00am - 11:59pm; Sun 6:00am - 11:59pm,SHELL_RECHARGE,41.847576,-87.803929,E
ELEC,Amazon Fresh Naperville-Ogden DCFC,1351 E Ogden Ave,Naperville,IL,60563,888-264-2208,Public,Mon 6:00am - 11:59pm; Tue 6:00am - 11:59pm; Wed 6:00am - 11:59pm; Thu 6:00am - 11:59pm; Fri 6:00am - 11:59pm; Sat 6:00am - 11:59pm; Sun 6:00am - 11:59pm,SHELL_RECHARGE,41.796514,-88.11997,E
ELEC,Woodgrove Festival Shopping Mall,1001 75th St,Woodridge,IL,60517,877-455-3833,Public,24 hours daily,eVgo Network,41.750353,-88.015727,E
ELEC,Trump International Hotel & Tower Chicago,401 N Wabash Avenue,Chicago,IL,60611,888-998-2546,Public,24 hours daily,Blink Network,41.888835,-87.626658,E
ELEC,100 West Main Street - Back of building,100 West Main Street,Pleasant Plains,IL,62677,888-356-8911,Public,24 hours daily,FLO,39.872505,-89.920942,E
ELEC,Chase Bank - 4223 N Harlem Ave,4223 N Harlem Ave,Norridge,IL,60706,877-455-3833,Public,24 hours daily,eVgo Network,41.95698,-87.80683,E
ELEC,WORLD HYUNDAI LEVEL 3-01,5337 Miller Cir Dr,Matteson,IL,60443,888-758-4389,Public,24 hours daily,ChargePoint Network,41.50119,-87.744326,E
ELEC,Owen Ford Marshall,1500 N Michigan Ave,Marshall,IL,62441,217-826-2346,Public,"8am-6pm M-F, 8am-3pm Sat",Non-Networked,39.40356671780366,-87.69416181468833,E
ELEC,Auffenberg Nissan,1130 Auffenberg Ave,Shiloh,IL,62269,618-624-2277,Public - Call ahead,"9am-8pm M-F, 8:30am-6pm Sat",Non-Networked,38.57308,-89.91725,E
ELEC,PPI SPRINGFIELD STATION 2,3130 Pleasant Run,Springfield,IL,62711,888-758-4389,Public,24 hours daily,ChargePoint Network,39.754802,-89.731393,E
ELEC,PPI SPRINGFIELD STATION 1,3130 Pleasant Run,Springfield,IL,62711,888-758-4389,Public,24 hours daily,ChargePoint Network,39.7548,-89.731407,E
ELEC,HH LIBERTYVILLE CPE250 A,901 S Milwaukee Ave,Libertyville,IL,60048,888-758-4389,Public,Mon 6:00am - 12:00am; Tue 6:00am - 12:00am; Wed 6:00am - 12:00am; Thu 6:00am - 12:00am; Fri 6:00am - 12:00am; Sat 6:00am - 12:00am; Sun 6:00am - 12:00am,ChargePoint Network,42.271931,-87.952431,E
ELEC,HH LIBERTYVILLE CPE250 B,901 S Milwaukee Ave,Libertyville,IL,60048,888-758-4389,Public,Mon 6:00am - 12:00am; Tue 6:00am - 12:00am; Wed 6:00am - 12:00am; Thu 6:00am - 12:00am; Fri 6:00am - 12:00am; Sat 6:00am - 12:00am; Sun 6:00am - 12:00am,ChargePoint Network,42.271992,-87.952248,E
ELEC,American Place Casino - Tesla Supercharger,4011  Fountain Square Place,Waukegan,IL,60085,877-798-3752,Public,24 hours daily. Please check Tesla's online station map to see if an adapter is required at this location.,Tesla,42.3434794,-87.90009217,E
ELEC,Vail Avenue Garage,22 S. Vail Avenue,Arlington  Heights,IL,60005,800-663-5633,Public,24 hours daily,Blink Network,42.082129745425,-87.984428753967,E
ELEC,Gaertner Residences,1201 W Wrightwood Ave,Chicago,IL,60614,888-998-2546,Public,24 hours daily,Blink Network,41.928589,-87.658746,E
ELEC,COMFORT SUITES GRAYSLAKE,1775 E BELVEDERE ROAD,GRAYSLAKE,IL,60030,800-663-5633,Public,24 hours daily,Blink Network,42.3375793,-88.0053623,E
ELEC,Westmont Fire Lot,6015 S. Cass,Westmont,IL,60559,800-663-5633,TEMPORARILY UNAVAILABLE (Public),24 hours daily,Blink Network,41.7783714,-87.9742881,T
ELEC,Baker Hill,880 Roosevelt Rd,Glen Ellyn,IL,60137,877-455-3833,Public,24 hours daily,eVgo Network,41.859696,-88.050915,E
ELEC,VERIZON COMM / MEADOWS 1,1701 Golf Rd,Rolling Meadows,IL,60008,,Private,24 hours daily,ChargePoint Network,42.04983,-87.99935,E
ELEC,Whole Foods Lakeview,3201 N Ashland Ave,Chicago,IL,60657,877-455-3833,Public,Mon 7:00am - 10:00pm; Tue 7:00am - 10:00pm; Wed 7:00am - 10:00pm; Thu 7:00am - 10:00pm; Fri 7:00am - 10:00pm; Sat 7:00am - 10:00pm; Sun 7:00am - 10:00pm,eVgo Network,41.939834,-87.66812,E
ELEC,MDWTPGLV1 TPG-01,5700 S Cicero Ave,Chicago,IL,60638,888-758-4389,Public,24 hours daily,ChargePoint Network,41.787397,-87.74009,E
ELEC,MDWTPGLV1 TPG-02,5700 S Cicero Ave,Chicago,IL,60638,888-758-4389,Public,24 hours daily,ChargePoint Network,41.787331,-87.74009,E
ELEC,WORLD HYUNDAI LEVEL 3-02,5337 Miller Cir Dr,Matteson,IL,60443,888-758-4389,Public,24 hours daily,ChargePoint Network,41.501194,-87.74434,E
ELEC,LLCCHARGE STATION 1,5001 Lake Land Blvd,Mattoon,IL,61938,888-758-4389,Public,24 hours daily,ChargePoint Network,39.415899,-88.381467,E
ELEC,PARC HURON LEFT STATION,469 W Huron St,Chicago,IL,60654,888-758-4389,Public,24 hours daily,ChargePoint Network,41.894565,-87.641248,E
ELEC,PARC HURON MIDDLE STATION,469 W Huron St,Chicago,IL,60654,888-758-4389,Public,24 hours daily,ChargePoint Network,41.89452,-87.64123,E
ELEC,PARC HURON RIGHT STATION,469 W Huron St,Chicago,IL,60654,888-758-4389,Public,24 hours daily,ChargePoint Network,41.894538,-87.64123,E
ELEC,Jansen Ford of Breese,101 North 4th St,Breese,IL,62230,888-998-2546,Public,24 hours daily,Blink Network,38.611382,-89.5349089,E
ELEC,Hanover Park,1470 Irving Park Rd,Hanover Park,IL,60133,877-455-3833,Public,24 hours daily,eVgo Network,42.005346,-88.143388,E
ELEC,TGM Danada Apartments - West,2 Sterling Circle,Wheaton,IL,60189,888-998-2546,Public,24 hours daily,Blink Network,41.834025,-88.098981,E
ELEC,640 N LASALLE STATION #2,640 N La Salle St,Chicago,IL,60654,888-758-4389,Public,24 hours daily,ChargePoint Network,41.893689,-87.632994,E
ELEC,2275 Half Day Rd,2275 Half Day Road,Bannockburn,IL,60015,800-663-5633,Public,24 hours daily,Blink Network,42.1993276,-87.8855811,E
ELEC,BMW MOTOR WERKS WASHWERKS1,20 E Dundee Rd,Barrington,IL,60010,888-758-4389,Public,24 hours daily,ChargePoint Network,42.128936,-88.130895,E
ELEC,SOLDIER FIELD STATION 04,1410 Museum Campus Dr,Chicago,IL,60605,888-758-4389,Public,24 hours daily,ChargePoint Network,41.862187,-87.615146,E
ELEC,Holiday Inn - Tesla Supercharger,1301 Avenue of Mid-America,Effingham,IL,62401,877-798-3752,Public,24 hours daily. Please check Tesla's online station map to see if an adapter is required at this location.,Tesla,39.138945,-88.561838,E
ELEC,ELBURN IL ELBURN FIRST ST,2 South First St.,Elburn,IL,60119,888-758-4389,Public,24 hours daily,ChargePoint Network,41.891937,-88.471686,E
ELEC,CLC LOT 7 SUN PIVOT CIR,19351 W. Washington st Sun Pivot Circle,Grayslake,IL,60030,888-758-4389,Public,24 hours daily,ChargePoint Network,42.355012,-88.011824,E
ELEC,Navy Pier,600 E Grand Ave,Chicago,IL,60611,866-816-7584,Public,24 hours daily,EV Connect,41.891527,-87.608748,E
ELEC,Kunes GM Of Belvidere Il,1855 N STATE ST,BELVIDERE,IL,61008,866-816-7584,Public,24 hours daily,EV Connect,42.272488,-88.859348,E
ELEC,Inclusion City,412 State Hwy #125,Pleasant Plains,IL,62677,800-663-5633,Public,24 hours daily,Blink Network,39.8754207,-89.9156463,E
ELEC,MJMELECTRIC SHIPMAN RD,18300 Shipman Rd,Carlinville,IL,62626,888-758-4389,TEMPORARILY UNAVAILABLE (Public),24 hours daily,ChargePoint Network,39.263363,-89.898077,T
ELEC,HOP CHARGERS HOP2-NORTH LOT,343 N Perryville Rd,Rockford,IL,61107,888-758-4389,Public,24 hours daily,ChargePoint Network,42.272022,-88.97931,E
ELEC,World Flight Services,838 Patton Drive,Chicago,IL,60666,888-998-2546,Public,24 hours daily,Blink Network,41.99282046798045,-87.8961504,E
ELEC,Meijer - Tesla Supercharger,11305 W Lincoln Hwy,Mokena,IL,60448,877-798-3752,Public,24 hours daily. Please check Tesla's online station map to see if an adapter is required at this location.,Tesla,41.499687,-87.88864,E
ELEC,Harmswood Office Center,5750 Old orchard Rd,Skokie,IL,60077,800-663-5633,Public,24 hours daily,Blink Network,42.0631867,-87.7695325,E
ELEC,VILLAGE STATION DOWNTOWN 1,4830 Oakton St,Skokie,IL,60077,888-758-4389,Public,24 hours daily,ChargePoint Network,42.026856,-87.748635,E
ELEC,BAY 13 CHARGER CPE250,2480 Aurora Ave,Naperville,IL,60540,888-758-4389,Public,Mon 7:00am - 8:00pm; Tue 7:00am - 8:00pm; Wed 7:00am - 8:00pm; Thu 7:00am - 8:00pm; Fri 7:00am - 8:00pm; Sat 8:00am - 6:00pm,ChargePoint Network,41.762866,-88.195038,E
ELEC,BYRON CITY HALL BYRON CITY HALL,232 W 2nd St,Byron,IL,61010,888-758-4389,Public,24 hours daily,ChargePoint Network,42.126463,-89.258036,E
ELEC,IHOTEL I HOTEL SOUTH,1900 S 1st St,Champaign,IL,61820,888-758-4389,Public,24 hours daily,ChargePoint Network,40.093239,-88.237901,E
ELEC,IHOTEL I HOTEL NORTH,1900 S 1st St,Champaign,IL,61820,888-758-4389,Public,24 hours daily,ChargePoint Network,40.093888,-88.23811,E
ELEC,300 E. Randolph Unit #3,300 E. Randolph,Chicago,IL,60601,800-663-5633,Public,24 hours daily,Blink Network,41.8846651,-87.6199166,E
ELEC,300 E. Randolph Unit #4,300 E. Randolph,Chicago,IL,60601,800-663-5633,Public,24 hours daily,Blink Network,41.8846651,-87.6199166,E
ELEC,300 E. Randolph - Unit #1,300 E. Randolph,Chicago,IL,60601,800-663-5633,Public,24 hours daily,Blink Network,41.8846651,-87.6199166,E
ELEC,300 E. Randolph Unit #2,300 E. Randolph,Chicago,IL,60601,800-663-5633,Public,24 hours daily,Blink Network,41.8846651,-87.6199166,E
ELEC,Heico Companies Warrenville,27501 Bella Vista Parkway,Warrenville,IL,60555,800-663-5633,Public,24 hours daily,Blink Network,41.8088371,-88.1606229,E
ELEC,Castle Chevrolet N,175 N Arlington Heights Rd,Elk Grove Village,IL,60007,847-268-4524,Public,24 hours daily,Non-Networked,42.0300498280827,-87.9860250959225,E
ELEC,Sunrise Chevrolet,414 E N Ave,Glendale Heights,IL,60139,630-942-8300,Public,9AM-7PM M-F,Non-Networked,41.9039922479501,-88.0700649635363,E
ELEC,Target - Tesla Supercharger,50 E North Ave,Villa Park,IL,60181,877-798-3752,Public,24 hours daily. Please check Tesla's online station map to see if an adapter is required at this location.,Tesla,41.90650655,-87.97823471,E
ELEC,CHICAGO PARK HQ EV CHARGER #1,4830 S Western Ave,Chicago,IL,60609,888-758-4389,Public,24 hours daily,ChargePoint Network,41.804881,-87.686415,E
ELEC,HAWK MAZDA SHOP SHOP,2421 Illinois Rte 59,Plainfield,IL,60586,888-758-4389,Public,24 hours daily,ChargePoint Network,41.565716,-88.202054,E
ELEC,LINCOLNWOOD VOL,6856 N Kildare Ave,Lincolnwood,IL,60712,888-758-4389,Public,24 hours daily,ChargePoint Network,42.006411,-87.73608,E
ELEC,LED-LLC - BreezEV,188 S Northwest Hwy,Barrington,IL,60010,978-913-3323,Public - Credit card at all times,Contact station for hours of availability,AMPUP,42.2037199,-88.2299762,E
ELEC,Lewis & Clark - Haskell Hall,5800 Godfrey Rd,Godfrey,IL,62035,618-468-3130,Public - Credit card at all times,Contact station for hours of availability,AMPUP,38.95018,-90.19322,E
ELEC,Lewis & Clark - McPike Triangle,5800 Godfrey Rd,Godfrey,IL,62035,618-468-3130,Public - Credit card at all times,Contact station for hours of availability,AMPUP,38.9512626469521,-90.1926097387188,E
ELEC,Valmont Chicago,4647 W Polk St,Chicago,IL,60644,,Private,Contact station for hours of availability,AMPUP,41.869976,-87.7419433,E
ELEC,30 W. Monroe St. Garage,35 S. Dearborn St.,Chicago,IL,60603,855-223-5351,Public,24 hours daily,FLASH,41.88130156185216,-87.62924909591676,E
ELEC,5556 N Sheridan Road Condominium Association,5556 N Sheridan Road,Chicago,IL,60640,800-663-5633,Public,24 hours daily,Blink Network,41.983521,-87.6555955,E
ELEC,Tucker Development - District 1860,4520 W. Touhy Ave,Lincolnwood,IL,60712,888-998-2546,Public,24 hours daily,Blink Network,42.01231,-87.74176,E
ELEC,CLC LOT 7 LAKESHORE 1,30 N Sheridan Rd,Waukegan,IL,60085,888-758-4389,Public,24 hours daily,ChargePoint Network,42.360299,-87.830053,E
ELEC,Ettleson Cadillac Buick GMC,6201 S.LaGrange Rd,Hodgkins,IL,60525,866-816-7584,Public,24 hours daily,EV Connect,41.777259,-87.867178,E
ELEC,Lake Michigan Fishing Charter,55 South Harbor Place,Waukegan,IL,60085,888-998-2546,TEMPORARILY UNAVAILABLE (Public),24 hours daily,Blink Network,42.358494,-87.824335,T
ELEC,"BOA Highland Park IL4-245 (Highland Park, IL)",1921 Saint Johns Ave,Highland Park,IL,60035,833-632-2778,Public,24 hours daily,Electrify America,42.18758,-87.79876,E
ELEC,"Meijer Algonquin #206 (Algonquin, IL)",400 S Randall Rd,Algonquin,IL,60102,833-632-2778,Public,24 hours daily,Electrify America,42.1693,-88.3367,E
ELEC,"Meijer 301 (Bradley, IL)",990 N Kinzie Ave,Bradley,IL,60915,833-632-2778,Public,24 hours daily,Electrify America,41.15888,-87.84915,E
ELEC,"Meijer 146 (Champaign, IL)",2401 N Prospect Ave,Champaign,IL,61822,833-632-2778,Public,24 hours daily,Electrify America,40.14621,-88.25935,E
ELEC,EV PILOT FLPL 04 SR,18 N County St,Waukegan,IL,60085,888-758-4389,Public,24 hours daily,ChargePoint Network,42.361183,-87.833068,E
ELEC,EV PILOT FLPL 02 NR,18 N County St,Waukegan,IL,60085,888-758-4389,Public,24 hours daily,ChargePoint Network,42.361209,-87.833074,E
ELEC,EV PILOT FLPL 01 NL,18 N County St,Waukegan,IL,60085,888-758-4389,Public,24 hours daily,ChargePoint Network,42.361222,-87.833075,E
ELEC,EV PILOT FLPL 03 SL,18 N County St,Waukegan,IL,60085,888-758-4389,Public,24 hours daily,ChargePoint Network,42.361215,-87.833085,E
ELEC,MBHE EV 3,1000 W Golf Rd,Hoffman Estates,IL,60169,888-758-4389,Public,24 hours daily,ChargePoint Network,42.048713,-88.104655,E
ELEC,MBHE EV 2,1000 W Golf Rd,Hoffman Estates,IL,60169,888-758-4389,Public,24 hours daily,ChargePoint Network,42.048498,-88.104672,E
ELEC,Woodman's - Tesla Supercharger,27555 IL-120,Lakemoor,IL,60051,877-798-3752,Public,24 hours daily. Please check Tesla's online station map to see if an adapter is required at this location.,Tesla,42.32149131,-88.16977174,E
ELEC,Mach 1 - Tesla Supercharger,1409 S 42nd St,Mt. Vernon,IL,62864,877-798-3752,Public,24 hours daily. Please check Tesla's online station map to see if an adapter is required at this location.,Tesla,38.30047,-88.942482,E
ELEC,County Market - Tesla Supercharger,2901 W Kirby Ave,Champaign,IL,61821,877-798-3752,Public,24 hours daily. Please check Tesla's online station map to see if an adapter is required at this location.,Tesla,40.097425,-88.294958,E
ELEC,ROSEN GROUP IL PARKING LOT,771 S Randall Rd,Algonquin,IL,60102,888-758-4389,Public,24 hours daily,ChargePoint Network,42.163028,-88.336198,E
ELEC,ROSEN GROUP IL PARKING LOT2,771 S Randall Rd.,Algonquin,IL,60102,888-758-4389,Public,24 hours daily,ChargePoint Network,42.163427,-88.334318,E
ELEC,EECA HMP2,1732 Finney Rd,Murphysboro,IL,62966,888-758-4389,Public,24 hours daily,ChargePoint Network,37.853911,-89.320819,E
ELEC,EECA HEP1,1732 Finney Rd,Murphysboro,IL,62966,888-758-4389,Public,24 hours daily,ChargePoint Network,37.85423,-89.320564,E
ELEC,EECA WBA1,14120 Meridian Rd,Carterville,IL,62918,888-758-4389,Public,24 hours daily,ChargePoint Network,37.80296,-89.149778,E
ELEC,EECA WBA8,14120 Meridian Rd,Carterville,IL,62918,888-758-4389,Public,24 hours daily,ChargePoint Network,37.802303,-89.150148,E
ELEC,EECA WBA6,14120 Meridian Rd,Carterville,IL,62918,888-758-4389,Public,24 hours daily,ChargePoint Network,37.802333,-89.150393,E
ELEC,EECA WBA7,14250 Meridian Rd,Carterville,IL,62918,888-758-4389,Public,24 hours daily,ChargePoint Network,37.802386,-89.150701,E
ELEC,EECA WBA10,14250 Meridian Rd,Carterville,IL,62918,888-758-4389,Public,24 hours daily,ChargePoint Network,37.802757,-89.150422,E
ELEC,EECA WBA5,14120 Meridian Rd,Carterville,IL,62918,888-758-4389,Public,24 hours daily,ChargePoint Network,37.80228,-89.150309,E
ELEC,EECA WBA2,14120 Meridian Rd,Carterville,IL,62918,888-758-4389,Public,24 hours daily,ChargePoint Network,37.802394,-89.150248,E
ELEC,EECA WBA9,14120 Meridian Rd,Carterville,IL,62918,888-758-4389,Public,24 hours daily,ChargePoint Network,37.802469,-89.150036,E
ELEC,EECA WBA11,14120 Meridian Rd,Carterville,IL,62918,888-758-4389,Public,24 hours daily,ChargePoint Network,37.80246,-89.149899,E
ELEC,EECA WBA3,14120 Meridian Rd,Carterville,IL,62918,888-758-4389,Public,24 hours daily,ChargePoint Network,37.802316,-89.150355,E
ELEC,TODSTATION 1 TOYOTA 1,2106 Georgetown Rd,Tilton,IL,61833,888-758-4389,TEMPORARILY UNAVAILABLE (Public),24 hours daily,ChargePoint Network,40.085366,-87.636184,T
ELEC,EECA WBA4,14250 Meridian Rd,Carterville,IL,62918,888-758-4389,Public,24 hours daily,ChargePoint Network,37.802564,-89.150449,E
ELEC,RBHS RBHS EV2,140 Ridgewood Rd,Riverside,IL,60546,888-758-4389,Public,24 hours daily,ChargePoint Network,41.82793,-87.83113,E
ELEC,Helen Plum Public Library,411 S Main St,Lombard,IL,60148,619-631-8536,Public,9am-5pm daily,EVMATCH,41.884151,-88.0202956,E
ELEC,ETTLESON HYUNDA STATION1,5631 South La Grange Road,Countryside,IL,60525,888-758-4389,Public,24 hours daily,ChargePoint Network,41.787366,-87.867864,E
ELEC,Circle K - Tesla Supercharger,610 West Raab Rd,Normal,IL,61761,877-798-3752,Public,24 hours daily. Please check Tesla's online station map to see if an adapter is required at this location.,Tesla,40.53271178,-88.99730785,E
ELEC,Advantage Chevrolet of Bolingbrook,115 West South Frontage Rd,Bolingbrook,IL,60440,866-816-7584,Public,24 hours daily,EV Connect,41.679281,-88.077261,E
ELEC,DISTRICT 214 EGHS 2,500 W Elk Grove Blvd,Elk Grove Village,IL,60007,888-758-4389,Public,24 hours daily,ChargePoint Network,42.012251,-87.997538,E
ELEC,DISTRICT 214 EGHS 3,500 W Elk Grove Blvd,Elk Grove Village,IL,60007,888-758-4389,Public,24 hours daily,ChargePoint Network,42.012284,-87.99755,E
ELEC,DISTRICT 214 JHHS 2,1900 E Thomas St,Arlington Heights,IL,60004,888-758-4389,Public,24 hours daily,ChargePoint Network,42.102977,-87.958736,E
ELEC,DISTRICT 214 JHHS 3,1900 E Thomas St,Arlington Heights,IL,60004,888-758-4389,Public,24 hours daily,ChargePoint Network,42.102884,-87.959082,E
ELEC,DISTRICT 214 BGHS 3,1100 W Dundee Rd,Buffalo Grove,IL,60089,888-758-4389,TEMPORARILY UNAVAILABLE (Public),24 hours daily,ChargePoint Network,42.140778,-87.982692,T
ELEC,DISTRICT 214 BGHS 2,1100 W Dundee Rd,Buffalo Grove,IL,60089,888-758-4389,TEMPORARILY UNAVAILABLE (Public),24 hours daily,ChargePoint Network,42.140826,-87.982696,T
ELEC,CITY HALL CITY HALL 2,222 E 9th St,Lockport,IL,60441,888-758-4389,Public,24 hours daily,ChargePoint Network,41.589785,-88.055272,E
ELEC,Belle Tire,4801 hoffman blvd,hoffman estates,IL,60192,866-816-7584,Public,24 hours daily,EV Connect,42.06908,-88.194835,E
ELEC,OSF SCMC EV1 SCMC 1,882 S 5th St,Princeton,IL,61356,888-758-4389,Public,24 hours daily,ChargePoint Network,41.36611,-89.455909,E
ELEC,DISTRICT 214 WHS 3,900 South Elmhurst Road,Wheeling,IL,60090,888-758-4389,Public,24 hours daily,ChargePoint Network,42.127136,-87.937456,E
ELEC,TARGET T1879 STATION 2,4433 S Pulaski Road,Chicago,IL,60638,888-758-4389,Public,Mon 7:00am - 12:00am; Tue 7:00am - 12:00am; Wed 7:00am - 12:00am; Thu 7:00am - 12:00am; Fri 7:00am - 12:00am; Sat 7:00am - 12:00am; Sun 7:00am - 12:00am,ChargePoint Network,41.813262,-87.72217,E
ELEC,TARGET T3871 STATION 1,4433 S Pulaski Road,Chicago,IL,60638,888-758-4389,Public,Mon 7:00am - 12:00am; Tue 7:00am - 12:00am; Wed 7:00am - 12:00am; Thu 7:00am - 12:00am; Fri 7:00am - 12:00am; Sat 7:00am - 12:00am; Sun 7:00am - 12:00am,ChargePoint Network,41.813259,-87.722241,E
ELEC,PAULY TOYOTA CT4020 STATION,1035 South Illinois Route 31,Crystal Lake,IL,60014,888-758-4389,Public,24 hours daily,ChargePoint Network,42.212845,-88.285758,E
ELEC,LIFT BUILDING DC CHARGER,113 S 17th St,Mattoon,IL,61938,888-758-4389,Public,24 hours daily,ChargePoint Network,39.482021,-88.375716,E
ELEC,Haymakers - Tesla Supercharger,1700  W Jefferson St,Springfield,IL,62702,877-798-3752,Public,24 hours daily. Please check Tesla's online station map to see if an adapter is required at this location.,Tesla,39.80705753,-89.68194744,E
ELEC,DISTRICT 214 WHS 2,900 S Elmhurst Rd,Wheeling,IL,60090,888-758-4389,Public,24 hours daily,ChargePoint Network,42.126986,-87.93775,E
ELEC,WATER ST LOT WATER STREET,208 N Water St,Wilmington,IL,60481,888-758-4389,Public,24 hours daily,ChargePoint Network,41.308995,-88.147631,E
ELEC,FORTS TOYOTA LOT,120 Radio City Dr,North Pekin,IL,61554,888-758-4389,Public,24 hours daily,ChargePoint Network,40.624106,-89.620085,E
ELEC,DISTRICT 214 RMHS 3,2901 Central Rd,Rolling Meadows,IL,60008,888-758-4389,Public,24 hours daily,ChargePoint Network,42.065829,-88.015908,E
ELEC,DISTRICT 214 RMHS 2,2901 Central Rd,Rolling Meadows,IL,60008,888-758-4389,Public,24 hours daily,ChargePoint Network,42.065822,-88.015751,E
ELEC,LIFT BUILDING AC CHARGER,113 S 17th St,Mattoon,IL,61938,888-758-4389,Public,24 hours daily,ChargePoint Network,39.481989,-88.375683,E
ELEC,Napleton's Schaumburg Buick GMC,100 W Golf Rd,Schaumburg,IL,60195,866-816-7584,Public,24 hours daily,EV Connect,42.049922,-88.082214,E
ELEC,TARGET T0957 STATION 1,50 E North Ave,Villa Park,IL,60181,888-758-4389,Public,Mon 7:00am - 12:00am; Tue 7:00am - 12:00am; Wed 7:00am - 12:00am; Thu 7:00am - 12:00am; Fri 7:00am - 12:00am; Sat 7:00am - 12:00am; Sun 7:00am - 12:00am,ChargePoint Network,41.906736,-87.978306,E
ELEC,TARGET T0957 STATION 2,50 E North Ave,Villa Park,IL,60181,888-758-4389,Public,Mon 7:00am - 12:00am; Tue 7:00am - 12:00am; Wed 7:00am - 12:00am; Thu 7:00am - 12:00am; Fri 7:00am - 12:00am; Sat 7:00am - 12:00am; Sun 7:00am - 12:00am,ChargePoint Network,41.906678,-87.978258,E
ELEC,County Market - Tesla Supercharger,1501 S Dirksen Parkway,Springfield,IL,62703,877-798-3752,Public,24 hours daily. Please check Tesla's online station map to see if an adapter is required at this location.,Tesla,39.787281,-89.606947,E
ELEC,VIKING CHARGE 1 CHARGE 1,1 Mike's Way,Bloomington,IL,61705,888-758-4389,Public,24 hours daily,ChargePoint Network,40.419115,-88.902667,E
ELEC,CITY OF ELGIN CITY HALL # 2,100 Douglas Ave,Elgin,IL,60120,888-758-4389,Public,24 hours daily,ChargePoint Network,42.038626,-88.284276,E
ELEC,"CCSIP PROP, INC DOG PARK",320 Whitney Blvd,Belvidere,IL,61008,888-758-4389,Public,24 hours daily,ChargePoint Network,42.257483,-88.839409,E
ELEC,Gjovik Chevrolet-Buick-GMC,2780 East Route 34,SANDWICH,IL,60548,866-816-7584,Public,24 hours daily,EV Connect,41.64875,-88.584793,E
ELEC,Valley Lo Towers II,1910 Chestnut Avenue,Glenview,IL,60025,888-998-2546,Public,24 hours daily,Blink Network,42.0878929,-87.806762,E
ELEC,50 NWP,50 Northwest Point Boulevard,Elk Grove Village,IL,60007,888-998-2546,TEMPORARILY UNAVAILABLE (Public),24 hours daily,Blink Network,42.0338489,-87.9831644,T
ELEC,Farmington Lakes,2002 Farmington Lakes Dr.,Oswego,IL,60543,888-998-2546,Public,24 hours daily,Blink Network,41.7085257,-88.3130349,E
ELEC,Optima Lakeview,3478 North Broadway,Chicago,IL,60657,888-998-2546,Public,24 hours daily,Blink Network,41.9450504,-87.6465576,E
ELEC,530206 : 333 West Wacker Drive,333 West Wacker Drive,Chicago,IL,60606,888-998-2546,Public,24 hours daily,Blink Network,41.886053,-87.6359543,E
ELEC,"430203  BMIRF 805, LLC",805 North LaSalle Drive,Chicago,IL,60610,888-998-2546,Public,24 hours daily,Blink Network,41.8968325,-87.6323311,E
ELEC,IHMVCU,2500 River Drive,Moline,IL,61265,888-998-2546,Public,24 hours daily,Blink Network,41.5134365,-90.499908,E
ELEC,530210  University of Chicago Booth School of Business - Harper Center,5807 South Woodlawn Avenue,Chicago,IL,60637,888-998-2546,Public,24 hours daily,Blink Network,41.7891387,-87.5954555,E
ELEC,The Retreat at Seven Bridges,6690 Double Eagle Drive,Woodridge,IL,60517,888-998-2546,Public,24 hours daily,Blink Network,41.7635984,-88.071181,E
ELEC,Kelmscott Parking Garage,145 Morris Lane,Lake Forest,IL,60045,888-998-2546,Public,24 hours daily,Blink Network,42.2604983,-87.8429435,E
ELEC,Reserve at Glenview - 1st Floor,195 Waukegan Road,Glenview,IL,60025,888-998-2546,Public,24 hours daily,Blink Network,42.0579071,-87.7983116,E
ELEC,Reserve at Glenview - 2nd floor,195 Waukegan Road,Glenview,IL,60025,888-998-2546,TEMPORARILY UNAVAILABLE (Public),24 hours daily,Blink Network,42.0579071,-87.7983116,T
ELEC,Reserve at Glenview - 3rd Floor,195 Waukegan Road,Glenview,IL,60025,888-998-2546,Public,24 hours daily,Blink Network,42.0579071,-87.7983116,E
ELEC,ABM - Napleton River Oaks Cadillac,1777 1/2 River Oaks Drive,Calumet City,IL,60409,888-998-2546,TEMPORARILY UNAVAILABLE (Public),24 hours daily,Blink Network,41.600263,-87.5676355,T
ELEC,530208  University of Chicago Booth School of Business - Gleacher Center,450 North Cityfront Plaza Drive,Chicago,IL,60611,888-998-2546,Public,24 hours daily,Blink Network,41.8896871,-87.6222251,E
ELEC,430205  Eugenie Terrace on the Park - North Extension,1730 N Clark St,Chicago,IL,60614,888-998-2546,Public,24 hours daily,Blink Network,41.9137578,-87.633797,E
ELEC,Senior Flexonics - Bartlett,300 E Devon Ave,Bartlett,IL,60103,888-998-2546,Public,24 hours daily,Blink Network,41.9892119,-88.1782229,E
ELEC,Vail Avenue Garage - Permit Parking,22 S. Vail Avenue,Arlington  Heights,IL,60005,888-998-2546,Public,24 hours daily,Blink Network,42.081821186943,-87.984640648479,E
ELEC,HP2,650 Elm Place,Highland Park,IL,60035,888-998-2546,Public,24 hours daily,Blink Network,42.1868767,-87.8034459,E
ELEC,UIC Parking Services Lot 9,501 South Morgan Street,Chicago,IL,60612,888-998-2546,Public,24 hours daily,Blink Network,41.8748062,-87.6507875,E
ELEC,The Quin,2450 Plum Grove Rd.,Schaumburg,IL,60173,888-998-2546,Public,24 hours daily,Blink Network,42.0734314,-88.053757,E
ELEC,Downers Grove RBO,1400 Opus Place,Downers Grove,IL,60515,888-998-2546,Public,24 hours daily,Blink Network,41.8301728,-88.0236974,E
ELEC,Main Location,108 Gateway Commerce Center Drive North,Edwardsville,IL,62025,888-998-2546,Public,24 hours daily,Blink Network,38.7838407,-90.0411804,E
ELEC,The Elaine,1000 Skokie Boulevard,Northbrook,IL,60062,888-998-2546,Public,24 hours daily,Blink Network,42.125164,-87.783764,E
ELEC,Riverside Foods,48 East Burlington Street,Riverside,IL,60546,888-998-2546,Public,24 hours daily,Blink Network,41.82885,-87.8174,E
ELEC,DPC EV CHARGE location,21601 West Field Court,Deer Park,IL,60010,888-998-2546,Public,24 hours daily,Blink Network,42.1568449,-88.0550516,E
ELEC,The Boler Company / Galvin HQ,2021 Parkside Drive,Schaumburg,IL,60193,888-998-2546,Public,24 hours daily,Blink Network,42.0911019,-88.0570161,E
ELEC,Dash Downers Grove IL,926 Maple Avenue,Downers Grove,IL,60515,888-998-2546,Public,24 hours daily,Blink Network,41.79231425045121,-88.0080480451492,E
ELEC,Barrington Pointe,2300 North Barrington Road,Hoffman Estates,IL,60169,888-998-2546,Public,24 hours daily,Blink Network,42.0637932,-88.1456841,E
ELEC,Greenspoint I,2800 West Higgins Road,Hoffman Estates,IL,60169,888-998-2546,Public,24 hours daily,Blink Network,42.0649635,-88.1511724,E
ELEC,Greenspoint III,2895 Greenspoint Parkway,Hoffman Estates,IL,60010,888-998-2546,Public,24 hours daily,Blink Network,42.0641908,-88.1505707,E
ELEC,360 W Butterfield Rd. Suite 280,360 West Butterfield Road,Elmhurst,IL,60126,888-998-2546,TEMPORARILY UNAVAILABLE (Public),24 hours daily,Blink Network,41.8636742,-87.9505099,T
ELEC,Apex Clean Energy - Hoopeston Wind,36882 N 770 East Rd.,Rossville,IL,60963,888-998-2546,TEMPORARILY UNAVAILABLE (Public),24 hours daily,Blink Network,40.3941554,-87.7984643,T
ELEC,Evo Union Park,1454 W Randolph St,Chicago,IL,60607,888-998-2546,Public,24 hours daily,Blink Network,41.8849841,-87.6640729,E
ELEC,CITY OF ELGIN CENTRE LVL 1 #2,101-117 Symphony Way,Elgin,IL,60120,888-758-4389,Public,24 hours daily,ChargePoint Network,42.040224,-88.28506,E
ELEC,CHARGEPOINT PMC PRINCIPAL MFG1S,2800 S 19th Ave,Broadview,IL,60155,888-758-4389,Public,Mon 12:00am - 12:00am; Tue 12:00am - 12:00am; Wed 12:00am - 12:00am; Thu 12:00am - 12:00am; Fri 12:00am - 12:00am; Sat 12:00am - 12:00am; Sun 12:00am - 12:00am,ChargePoint Network,41.85269,-87.855327,E
ELEC,CHARGEPOINT PMC PRINCIPAL MFG2N,2800 S 19th Ave,Broadview,IL,60155,888-758-4389,Public,Mon 12:00am - 12:00am; Tue 12:00am - 12:00am; Wed 12:00am - 12:00am; Thu 12:00am - 12:00am; Fri 12:00am - 12:00am; Sat 12:00am - 12:00am; Sun 12:00am - 12:00am,ChargePoint Network,41.852718,-87.855334,E
ELEC,Plainfield,"16140 S LINCOLN HWY,",PLAINFIELD,IL,60586,866-816-7584,Public,24 hours daily,EV Connect,41.58929,-88.182869,E
ELEC,Oak Lawn,9440 South Cicero Ave,Oak Lawn,IL,60453,866-816-7584,Public,24 hours daily,EV Connect,41.720798,-87.741604,E
ELEC,Oregon Area Chamber of Commerce Parking Lot,122 North 4th Street,Oregon,IL,61061,888-998-2546,Public,24 hours daily,Blink Network,42.015489,-89.333273,E
ELEC,1212 Farrell Rd,1212 Farrell Rd,Lockport,IL,60441,888-998-2546,TEMPORARILY UNAVAILABLE (Public),24 hours daily,Blink Network,41.58644180230485,-88.02481903210246,T
ELEC,ABT ELECTRONICS SOUTH WAREHOUSE,502 Zenith Dr,Glenview,IL,60025,888-758-4389,Public,24 hours daily,ChargePoint Network,42.074254,-87.863283,E
ELEC,201 W 10th Street,201 W 10th Street,Lockport,IL,60441,888-998-2546,Public,24 hours daily,Blink Network,41.588540772247285,-88.05912221675791,E
ELEC,723 S. State Street,723 S. State Street,Lockport,IL,60441,888-998-2546,Public,24 hours daily,Blink Network,41.59095901779226,-88.05707068977442,E
ELEC,ILLINI CHARGING E-15 EV 3,504 E Pennsylvania Ave,Champaign,IL,61820,888-758-4389,Public,24 hours daily,ChargePoint Network,40.100355,-88.232207,E
ELEC,ILLINI CHARGING E-15 EV 5,504 E Pennsylvania Ave,Champaign,IL,61820,888-758-4389,Public,24 hours daily,ChargePoint Network,40.100366,-88.232332,E
ELEC,ILLINI CHARGING E-15 EV 7,504 E Pennsylvania Ave,Champaign,IL,61820,888-758-4389,Public,24 hours daily,ChargePoint Network,40.100376,-88.232406,E
ELEC,ILLINI CHARGING E-15 EV 4,504 E Pennsylvania Ave,Champaign,IL,61820,888-758-4389,Public,24 hours daily,ChargePoint Network,40.100354,-88.232222,E
ELEC,ILLINI CHARGING E-15 EV 8,504 E Pennsylvania Ave,Champaign,IL,61820,888-758-4389,Public,24 hours daily,ChargePoint Network,40.100366,-88.232252,E
ELEC,ILLINI CHARGING E-15 EV 1,504 E Pennsylvania Ave,Champaign,IL,61820,888-758-4389,Public,24 hours daily,ChargePoint Network,40.100372,-88.232121,E
ELEC,ILLINI CHARGING E-15 EV 2,504 E Pennsylvania Ave,Champaign,IL,61820,888-758-4389,Public,24 hours daily,ChargePoint Network,40.100354,-88.232177,E
ELEC,ILLINI CHARGING E-15 EV 6,504 E Pennsylvania Ave,Champaign,IL,61820,888-758-4389,Public,24 hours daily,ChargePoint Network,40.100373,-88.232241,E
ELEC,Zeigler Cadillac of Lincolnwood Dealership,7373 N Cicero Ave,Lincolnwood,IL,60712,866-816-7584,Public,24 hours daily,EV Connect,42.014911,-87.746924,E
ELEC,937 S. Hamilton St.,937 S. Hamilton St.,Lockport,IL,60441,888-998-2546,Public,24 hours daily,Blink Network,41.58836454822687,-88.05670228977455,E
ELEC,Cadillac Of Naperville,1507 W Ogden Ave,Naperville,IL,60540,866-816-7584,Public,24 hours daily,EV Connect,41.775546,-88.187287,E
ELEC,201 W 2nd Street,201 W 6th Street,Lockport,IL,60441,888-998-2546,TEMPORARILY UNAVAILABLE (Public),24 hours daily,Blink Network,41.59728,-88.056246,T
ELEC,WOOD DALE LIB. STATION 1,520 N Wood Dale Rd,Wood Dale,IL,60191,888-758-4389,Public,24 hours daily,ChargePoint Network,41.971086,-87.979554,E
ELEC,Al Piemonte Buick GMC,364 W Grand Ave,Elmhurst,IL,60126,888-998-2546,Public,24 hours daily,Blink Network,41.93030185299256,-87.95203816122947,E
ELEC,Optima Verdana,1210 Central Avenue,Wilmette,IL,60091,888-998-2546,Public,24 hours daily,Blink Network,42.07672843101564,-87.70939788735089,E
ELEC,WRD KIA JOLIET ABB STATION 1,2525 W Jefferson St,Joliet,IL,60435,888-758-4389,Public,24 hours daily,ChargePoint Network,41.522633,-88.145813,E
ELEC,THE STATION LAC THE STATION LAC,207 5th St,Lacon,IL,61540,888-758-4389,Public,24 hours daily,ChargePoint Network,41.025303,-89.411818,E
ELEC,ELGIN HYUNDAI SERVICE AREA,1200 E Chicago St,Elgin,IL,60120,888-758-4389,TEMPORARILY UNAVAILABLE (Public),24 hours daily,ChargePoint Network,42.031588,-88.24345,T
ELEC,ELGIN HYUNDAI SALES AREA,1200 E Chicago St,Elgin,IL,60120,888-758-4389,Public,24 hours daily,ChargePoint Network,42.031627,-88.243439,E
ELEC,Steve Schmitt of Litchfield,1 Galaxy Lane,Litchfield,IL,62056,888-998-2546,Public,24 hours daily,Blink Network,39.1765,-89.67713,E
ELEC,218 MADISON PDOP NORTH,218 Madison Street,Oak Park,IL,60302,888-758-4389,Public,24 hours daily,ChargePoint Network,41.880274,-87.780877,E
ELEC,218 MADISON PDOP SOUTH,218 Madison Street,Oak Park,IL,60302,888-758-4389,Public,24 hours daily,ChargePoint Network,41.880219,-87.780862,E
ELEC,Chase Bank - 4653 W Higgins Road,4653 W Higgins Rd,Hoffman Estates,IL,60192,877-455-3833,Public,24 hours daily,eVgo Network,42.07482,-88.19281,E
ELEC,Castle Chevrolet North,175 North Arlington Heights Road,Elk Grove Village,IL,60007,888-998-2546,Public,24 hours daily,Blink Network,42.03002980449746,-87.98588668391645,E
ELEC,Ken Nelson Auto Group,1100 NORTH GALENA,DIXON,IL,61021,866-816-7584,Public,24 hours daily,EV Connect,41.857644,-89.49044,E
ELEC,Gain Renewable Services Inc.,2505 S Finley,Lombard,IL,60148,312-770-0571,Public,Contact site for information,AMPUP,41.83908745,-88.02471486,E
ELEC,WELDCOA,335 E Sullivan Rd,Aurora,IL,60505,630-806-2000,Public,Contact site for information,AMPUP,41.79,-88.31,E
ELEC,ITW Hi-Cone,1140 Bryn Mawr Ave,Itasca,IL,60143,,Private,Contact site for information,AMPUP,41.98,-88.03,E
ELEC,Chase Bank - 9540 S Roberts Rd,9540 S Roberts Rd,Hickory Hills,IL,60457,877-455-3833,Public,24 hours daily,eVgo Network,41.716721,-87.8184746,E
ELEC,GRANDOHIO CONDO STATION 1,211 East Ohio Street,Chicago,IL,60611,888-758-4389,Public,24 hours daily,ChargePoint Network,41.891997,-87.621655,E
ELEC,GRANDOHIO CONDO STATION 2,211 East Ohio Street,Chicago,IL,60611,888-758-4389,Public,24 hours daily,ChargePoint Network,41.892043,-87.621646,E
ELEC,Lake Bluff Elementary School District 65,121 East Sheridan Place,Lake Bluff,IL,60044,888-998-2546,Public,Mon 6:00am - 11:00pm; Tue 6:00am - 11:00pm; Wed 6:00pm - 11:00pm; Thu 6:00pm - 11:00pm; Fri 6:00am - 11:00pm; Sat 6:00am - 11:00pm; Sun 6:00pm - 11:00pm,Blink Network,42.27541,-87.8445158076104,E
ELEC,"CircleK - Champaign, IL",3604 N Mattis Ave,Champaign,IL,61822,833-505-2291,Public - Credit card at all times,24 Hours Daily,CIRCLE_K,40.15849,-88.2769,E
ELEC,WINNETKA PINE & BIRCH,864 Pine Street,Winnetka,IL,60093,888-758-4389,Public,24 hours daily,ChargePoint Network,42.107762,-87.736681,E
ELEC,Wally's - Tesla Supercharger,1 Holiday Rd,Pontiac,IL,61764,877-798-3752,Public,24 hours daily. Please check Tesla's online station map to see if an adapter is required at this location.,Tesla,40.870769,-88.668519,E
ELEC,Meijer - Tesla Supercharger,990 N Kinzie Ave,Bradley,IL,60915,877-798-3752,Public,24 hours daily. Please check Tesla's online station map to see if an adapter is required at this location.,Tesla,41.159727,-87.849068,E
ELEC,Best Western Plus Centralia Hotel & Suites,8145 Jolliff Bridge Rd,Centralia,IL,62801,618-918-2559,Public - Call ahead,24 hours daily,Non-Networked,38.535095,-89.157058,E
ELEC,Farmers Market,212 South Division Avenue,Polo,IL,61064,888-998-2546,Public,24 hours daily,Blink Network,41.98454537187724,-89.57863227386109,E
ELEC,IBEW LOCAL 34 IBEW LOCAL 34,4322 South Ricketts Avenue,Bartonville,IL,61607,888-758-4389,Public,24 hours daily,ChargePoint Network,40.636659,-89.665515,E
ELEC,"Best Western - Mattoon, IL",1416 Broadway Ave,Mattoon,IL,61938,201-939-2309,Public,24 hours daily; for guests only,TURNONGREEN,39.48295,-88.37203,E
ELEC,Chicago - G.Schmitz,1089 Rock Road Ln,East Dundee,IL,60118,218-939-2311,Public,24 hours daily,TURNONGREEN,42.0898,-88.24391,E
ELEC,Case-Halstead Library,571 Franklin St,Carlyle,IL,62231,618-594-5210,Public - Credit card at all times,24 hours daily,Non-Networked,38.6105145450628,-89.3650107932103,E
ELEC,Highland Town Square,914 Main St,Highland,IL,62249,618-654-9891,Public - Credit card at all times,24 hours daily,Non-Networked,38.7394850505854,-89.6794652296048,E
ELEC,Victory Lane Ford,903 Old Route 66 N,Litchfield,IL,62056,217-324-3965,Public - Credit card at all times,24 hours daily,Non-Networked,39.180533,-89.666147,E
ELEC,Johnson Automotive,601 W Oak St,Fairbury,IL,61739,815-692-4015,Public - Credit card at all times,"8am-6pm M-F, 8am-1pm Sat",Non-Networked,40.743596,-88.521121,E
ELEC,NORTHWESTERN ERIE GARAGE 2,321 E Erie St,Chicago,IL,60611,888-758-4389,Public,24 hours daily,ChargePoint Network,41.893813,-87.619448,E
ELEC,NORTHWESTERN ERIE GARAGE 1,328 E Ontario St,Chicago,IL,60611,888-758-4389,Public,24 hours daily,ChargePoint Network,41.893823,-87.61955,E
ELEC,NORTHWESTERN HURON GARAGE 1,222 E Huron St,Chicago,IL,60611,888-758-4389,Public,24 hours daily,ChargePoint Network,41.895335,-87.622092,E
ELEC,NORTHWESTERN HURON GARAGE 2,231 E Huron St,Chicago,IL,60611,888-758-4389,Public,24 hours daily,ChargePoint Network,41.895343,-87.62198,E
ELEC,D'ARCY HYUNDAI D'ARCY-DC-2,2000 Essington Rd,Joliet,IL,60435,888-758-4389,Public,24 hours daily,ChargePoint Network,41.558468,-88.160716,E
ELEC,GREEN AUTO FRONT CHARGE 2,601 W Stanford Ave,Springfield,IL,62704,888-758-4389,Public,24 hours daily,ChargePoint Network,39.765701,-89.661413,E
ELEC,Oak Lawn,4850 West 95th Street,Oak Lawn,IL,60453,888-998-2546,Public,Mon 6:00am - 6:00pm; Tue 6:00am - 6:00pm; Wed 6:00am - 6:00pm; Thu 6:00am - 6:00pm; Fri 6:00am - 6:00pm; Sat 6:00am - 6:00pm; Sun 6:00am - 6:00pm,Blink Network,41.72045042364434,-87.74293851651832,E
ELEC,FULTON WEST FULTON WEST 1,323 N. Ada Street,Chicago,IL,60607,888-758-4389,Public,24 hours daily,ChargePoint Network,41.887414,-87.660476,E
ELEC,Ashland & Roosevelt,1220 S Ashland Ave.,Chicago,IL,60608,877-455-3833,Public,24 hours daily,eVgo Network,41.865293,-87.667669,E
ELEC,McGrath Acura of Morton Grove,9105 Waukegan Road,Morton Grove,IL,60053,888-998-2546,Public,24 hours daily,Blink Network,42.045803,-87.798794,E
ELEC,LAVIN FAMILY PAVILION,259 East Erie Street,Chicago,IL,60611,888-998-2546,Public,24 hours daily,Blink Network,41.89385898511089,-87.62094227386474,E
ELEC,Gustafson Ford,320 W First St,Kewanee,IL,61443,309-852-2107,Public,24 hours daily,Non-Networked,41.2436922685255,-89.92842448445603,E
ELEC,Bob Linsday Acura,7500 North Allen Road,Peoria,IL,61614,888-998-2546,Public,24 hours daily,Blink Network,40.778875,-89.630637,E
ELEC,CCPD - JSM STATION 1,509 East Healey Street,Champaign,IL,61820,888-758-4389,Public,24 hours daily,ChargePoint Network,40.110985,-88.230825,E
ELEC,CCPD - JSM STATION 2,509 East Healey Street,Champaign,IL,61820,888-758-4389,Public,24 hours daily,ChargePoint Network,40.110982,-88.23087,E
ELEC,Freeport Ford,555 W Meadows Dr,Freeport,IL,61032,866-816-7584,TEMPORARILY UNAVAILABLE (Public),24 hours daily,EV Connect,42.275913,-89.626595,T
ELEC,City of Rock Island,304 17th Street,Rock Island,IL,61201,888-998-2546,Public,24 hours daily,Blink Network,41.50921222801175,-90.57665276387014,E
ELEC,7Charge - Chicago,3743 S Archer Ave,Chicago,IL,60609,844-711-2474,Public,24 hours daily,7CHARGE,41.82512,-87.68524,E
ELEC,MILLER PARK MILLER PARK 1,1020 South Morris Avenue,Bloomington,IL,61701,888-758-4389,Public,24 hours daily,ChargePoint Network,40.46735,-89.004479,E
ELEC,Napleton River Oaks Cadillac,1777 1/2 RIVER OAKS DRIVE,CALUMET CITY,IL,60409,866-816-7584,Public,Mon 8:00am - 6:30pm; Tue 8:00am - 6:30pm; Wed 8:00am - 6:30pm; Thu 8:00am - 6:30pm; Fri 8:00am - 4:30pm; Sat 8:00am - 4:00pm,EV Connect,41.600252,-87.567624,E
ELEC,Subway - Tesla Supercharger,1510 W Main St,Salem,IL,62881,877-798-3752,Public,24 hours daily. Please check Tesla's online station map to see if an adapter is required at this location.,Tesla,38.62541476,-88.96669126,E
ELEC,DeKalb Sycamore Cadillac,1925 MERCANTILE DR,SYCAMORE,IL,60178,866-816-7584,Public,24 hours daily,EV Connect,41.971584,-88.715739,E
ELEC,2699 Skokie Valley Rd,2699 Skokie Valley Rd​.,Highland Park,IL,60035,866-816-7584,Public,24 hours daily,EV Connect,42.201894,-87.832948,E
ELEC,ELGIN HYUNDAI WEST LEVEL 3,1215 West Lake Street,Bartlett,IL,60103,888-758-4389,Public,24 hours daily,ChargePoint Network,42.011465,-88.213856,E
ELEC,ELGIN HYUNDAI EAST LEVEL 3,1215 West Lake Street,Bartlett,IL,60103,888-758-4389,Public,24 hours daily,ChargePoint Network,42.011443,-88.213406,E
ELEC,University Pointe I - Tesla Supercharger,1041 Century Dr,Edwardsville,IL,62025,877-798-3752,Public,24 hours daily. Please check Tesla's online station map to see if an adapter is required at this location.,Tesla,38.788818,-89.981418,E
ELEC,Algonquin Square Apartments,2400 Millbrook Drive,Algonquin,IL,60118,888-998-2546,Public,24 hours daily,Blink Network,42.14474660494879,-88.34276091618365,E
ELEC,SIUE LOT B,Lot B (West of MUC),Edwardsville,IL,62025,888-758-4389,Public,24 hours daily,ChargePoint Network,38.79162,-89.99879,E
ELEC,SIUE LOT E,Lot E (West of Dunham Hall),Edwardsville,IL,62025,888-758-4389,Public,24 hours daily,ChargePoint Network,38.792886,-89.999828,E
ELEC,WALL CHARGER CT4K-1,2763 N Seminary St,Galesburg,IL,61401,888-758-4389,Public,24 hours daily,ChargePoint Network,40.981061,-90.363009,E
ELEC,TARGET T0894,2701 Plainfield Rd,Joliet,IL,60435,888-758-4389,Public,Mon 7:00am - 12:00am; Tue 7:00am - 12:00am; Wed 7:00am - 12:00am; Thu 7:00am - 12:00am; Fri 7:00am - 12:00am; Sat 7:00am - 12:00am; Sun 7:00am - 12:00am,ChargePoint Network,41.577208,-88.153688,E
ELEC,TARGET T0894 STATION 2,2731 Plainfield Rd,Joliet,IL,60435,888-758-4389,Public,Mon 7:00am - 12:00am; Tue 7:00am - 12:00am; Wed 7:00am - 12:00am; Thu 7:00am - 12:00am; Fri 7:00am - 12:00am; Sat 7:00am - 12:00am; Sun 7:00am - 12:00am,ChargePoint Network,41.57629,-88.153581,E
ELEC,Riverwalk South,2150 East Lake Cook Road S/60C,Buffalo Grove,IL,60089,888-998-2546,Public,24 hours daily,Blink Network,42.15434423071769,-87.91321930250206,E
ELEC,VIL OF HUNTLEY VOH - DOWNTOWN,11111 S Church St,Huntley,IL,60142,888-758-4389,Public,24 hours daily,ChargePoint Network,42.167552,-88.425432,E
ELEC,ELGIN HYUNDAI CP2,1215 W Lake St,Bartlett,IL,60103,888-758-4389,Public,24 hours daily,ChargePoint Network,42.010743,-88.213588,E
ELEC,ELGIN HYUNDAI CP3,1215 W Lake St,Bartlett,IL,60103,888-758-4389,Public,24 hours daily,ChargePoint Network,42.010697,-88.213973,E
ELEC,ELGIN HYUNDAI CP4,1215 West Lake Street,Bartlett,IL,60103,888-758-4389,Public,24 hours daily,ChargePoint Network,42.010669,-88.213783,E
ELEC,CHARGEPOINT01 DC FAST,201 Hansen Blvd,North Aurora,IL,60542,888-758-4389,Public,24 hours daily,ChargePoint Network,41.801285,-88.371006,E
ELEC,Target - Tesla Supercharger,2701 Plainfield Rd,Joliet,IL,60435,877-798-3752,Public,24 hours daily. Please check Tesla's online station map to see if an adapter is required at this location.,Tesla,41.576166,-88.153745,E
ELEC,Haggerty Ford - 2,330 West Roosevelt Road,West Chicago,IL,60185,888-998-2546,Public,24 hours daily,Blink Network,41.86327713003525,-88.20021157443392,E
ELEC,Pilson Chrysler Dodge Jeep RAM-L3,2212 Lake Land Blvd,Mattoon,IL,61938,888-998-2546,Public,24 hours daily,Blink Network,39.46068975543883,-88.376270541931,E
ELEC,VOL PARKING LOT VILLAGE HALL,255 East Wilson Avenue,Lombard,IL,60148,888-758-4389,Public,24 hours daily,ChargePoint Network,41.866029,-88.011272,E
ELEC,Jim McComb Chevrolet,1600 West War Memorial Drive,Peoria,IL,61614,888-998-2546,Public,24 hours daily,Blink Network,40.73308651177648,-89.61825797337063,E
ELEC,RIVER FRONT CP6000,200 Hansen Blvd,North Aurora,IL,60542,888-758-4389,Public,24 hours daily,ChargePoint Network,41.801313,-88.373024,E
ELEC,MILIEU APTS MILIEU 1,205 South Peoria Street,Chicago,IL,60607,888-758-4389,Public,24 hours daily,ChargePoint Network,41.87852,-87.649152,E
ELEC,MILIEU APTS MILIEU 2,205 South Peoria Street,Chicago,IL,60607,888-758-4389,Public,24 hours daily,ChargePoint Network,41.878657,-87.649169,E
ELEC,Muller's Woodfield Acura,1149 West Golf Road,Hoffman Estates,IL,60169,888-998-2546,Public,24 hours daily,Blink Network,42.0474057796461,-88.10848436026608,E
ELEC,Marion Chevrolet Buick GMC Cadillac,2604 W DEYOUNG ST.,MARION,IL,62959,866-816-7584,Public,24 hours daily,EV Connect,37.742196,-88.964014,E
ELEC,Casey's #3538 - Le Roy,417 S Chestnut St,Le Roy,IL,61752,1-800-489-1588,Public,24 hours daily,FCN,40.3431204,-88.7611618,E
ELEC,Casey's #3923 - Beach Park,39131 N Sheridan Rd,Beach Park,IL,60099,1-800-489-1588,Public,24 hours daily,FCN,42.42967,-87.8251942,E
ELEC,CircleK - Benton,920 W Main St,West City,IL,62812,833-505-2291,Public,24 hours daily,CIRCLE_K,37.99641,-88.93807,E
ELEC,CircleK - Cherry Valley,2301 S Perryville Rd,Cherry Valley,IL,61016,833-505-2291,Public,24 hours daily,CIRCLE_K,42.24248,-88.98008,E
ELEC,1809 West Diehl Road (US-DDY-ZSB-3),1809 West Diehl Road,Naperville,IL,60563,866-576-1495,Public,24 hours daily,RIVIAN_WAYPOINTS,41.8002467,-88.2100408,E
ELEC,1809 West Diehl Road (US-DDY-ZSB-4),1809 West Diehl Road,Naperville,IL,60563,866-576-1495,Public,24 hours daily,RIVIAN_WAYPOINTS,41.8002467,-88.2100406,E
ELEC,CABOT GROUP CABOT STATION,2300 Cabot Dr,Lisle,IL,60532,888-758-4389,Public,24 hours daily,ChargePoint Network,41.81046,-88.097937,E
ELEC,Pilson Ford-L3,2000 Lake Land Boulevard,Mattoon,IL,61938,888-998-2546,Public,24 hours daily,Blink Network,39.46392353834296,-88.37648924452131,E
ELEC,Pilson Ford-L2,2000 Lake Land Boulevard,Mattoon,IL,61938,888-998-2546,Public,24 hours daily,Blink Network,39.46392353834296,-88.37648924452131,E
ELEC,400 E RANDOLPH STATION 1,400 East Randolph Street,Chicago,IL,60601,888-758-4389,Public,24 hours daily,ChargePoint Network,41.885003,-87.616419,E
ELEC,1768 W Armitage Ave,1768 W Armitage Ave,Chicago,IL,60622,866-816-7584,TEMPORARILY UNAVAILABLE (Public),24 hours daily,EV Connect,41.918009,-87.672369,T
ELEC,DCC US - Warner Hospital,422 West White St,Clinton,IL,61727,888-356-8911,Public,24 hours daily,FLO,40.148743,-88.965513,E
ELEC,"Chicago, IL - North Dearborn Street (Pay to Park, Floor 2) - Tesla Destination",181 N Dearborn St,Chicago,IL,60601,877-798-3752,Public,,Tesla Destination,41.8855,-87.62882,E
ELEC,"Chicago, IL - South Franklin Street (Pay to Park, Floor 4) - Tesla Destination",329 S Franklin St,Chicago,IL,60606,877-798-3752,Public,,Tesla Destination,41.877287,-87.635022,E
ELEC,FOOD SHED COOP STATION 1,2390 Lake Shore Dr,Woodstock,IL,60098,888-758-4389,Public,24 hours daily,ChargePoint Network,42.28297,-88.40788,E
ELEC,SBUX HOFFMAN B SBUX HB,2925 N. BARRINGTON ROAD,Hoffman Estates,IL,60192,888-758-4389,Public,24 hours daily,ChargePoint Network,42.078604,-88.140067,E
ELEC,Pace Systems,2040 Corporate Lane,Naperville,IL,60563,888-998-2546,Public,24 hours daily,Blink Network,41.810319305287415,-88.19069326523132,E
ELEC,Bill Walsh Chevy,2330 N BLOOMINGTON ST,STREATOR,IL,61364,866-816-7584,Public,24 hours daily,EV Connect,41.149226,-88.837253,E
ELEC,E4 Charging Solutions - Waukegan Marina,55 South Harbor Place,Waukegan,IL,60085,888-998-2546,Public,24 hours daily,Blink Network,42.360859,-87.824661,E
ELEC,MOTIF ON BELDEN MOTIF ON BELDEN,2845 West Belden Avenue,Chicago,IL,60647,888-758-4389,Public,24 hours daily,ChargePoint Network,41.923082,-87.699183,E
ELEC,Mach 1 Convenience Store - Tesla Supercharger,701 Veterans Avenue,Vandalia,IL,62471,877-798-3752,Public,24 hours daily. Please check Tesla's online station map to see if an adapter is required at this location.,Tesla,38.978076,-89.099183,E
ELEC,LL GARAGE 1 OPP-LL,1 Pierce Place,Itasca,IL,60143,888-758-4389,Public,24 hours daily,ChargePoint Network,41.988093,-88.01678,E
ELEC,LL GARAGE 1 500P #3,500 Park Blvd,Itasca,IL,60143,888-758-4389,Public,24 hours daily,ChargePoint Network,41.986245,-88.017075,E
ELEC,LL GARAGE 1 500P LL,500 Park Blvd,Itasca,IL,60143,888-758-4389,Public,24 hours daily,ChargePoint Network,41.986758,-88.017649,E
ELEC,LL GARAGE 1 500P #2,500 Park Blvd,Itasca,IL,60143,888-758-4389,Public,24 hours daily,ChargePoint Network,41.986211,-88.017021,E
ELEC,"Chicago, IL - West Madison Street (Pay to Park, Floor 4) - Tesla Destination",201 W Madison St,Chicago,IL,60606,877-798-3752,Public,,Tesla Destination,41.88167,-87.63478,E
ELEC,CircleK - Cherry Valley,536 Edwardsville Rd,Troy,IL,62294,833-505-2291,Public,24 hours daily,CIRCLE_K,38.73192,-89.89832,E
ELEC,"Jo-Carroll Energy, Inc. (NFP) - Savanna",103 Chicago Avenue,Savanna,IL,61074,1-888-493-3638,Public,,ZEFNET,42.09046,-90.15347,E
ELEC,101 W Liberty,101 West Liberty Street,Barrington,IL,60010,1-888-493-3638,Public,,ZEFNET,42.15673,-88.1365,E
ELEC,Jo-Carroll Energy - Elizabeth,311 East Myrtle Street,Elizabeth,IL,61028,1-888-493-3638,Public,,ZEFNET,42.31816,-90.2146,E
ELEC,SPRINGFIELD 1 CT4K STATION 1,700 North 9th Street,Springfield,IL,62702,888-758-4389,Public,24 hours daily,ChargePoint Network,39.808804,-89.642996,E
ELEC,South Lot,300 S Randall Rd,Geneva,IL,60134,866-816-7584,Public,24 hours daily,EV Connect,41.885496,-88.343091,E
ELEC,10 Health Services Dr,10 Health Services Dr,DeKalb,IL,60115,866-816-7584,Public,24 hours daily,EV Connect,41.963624,-88.720463,E
ELEC,EV STATION 1 EV STATION 3,606 Lee St,Des Plaines,IL,60016,888-758-4389,Public,24 hours daily,ChargePoint Network,42.042308,-87.887465,E
ELEC,Community Honda of Orland Park,8340 West 159th Street,Orland Park,IL,60462,888-998-2546,Public,24 hours daily,Blink Network,41.60306645787094,-87.82266591707211,E
ELEC,Harvard Ford-IQ,5250 South Route 14,Harvard,IL,60033,888-998-2546,Public,24 hours daily,Blink Network,42.402921,-88.612613,E
ELEC,Home2 Suites by Hilton Lincolnshire,350 Knightsbridge Pky,Lincolnshire,IL,60069,1-888-222-6618,Public,,NOODOE,42.1916723,-87.9344261,E
ELEC,PDG,619 N. Loucks St.,Aurora,IL,60505,1-888-222-6618,Public,,NOODOE,41.768171,-88.285161,E
ELEC,Best western,4900 s Lake Shore Drive,Chicago,IL,60615,1-888-222-6618,Public,,NOODOE,41.8054739,-87.5850341,E
ELEC,Hampton Inn Chicago Orland Park - Tesla Destination,16176 South La Grange Road,Orland Park,IL,60467,877-798-3752,Public,,Tesla Destination,41.595331,-87.853351,E
ELEC,Hilton Garden Inn Bolingbrook - Tesla Destination,135 Remington Blvd,Bolingbrook,IL,60440,877-798-3752,Public,,Tesla Destination,41.685774,-88.070455,E
ELEC,Village of Elm Wood Park,11 Conti Pkwy,Elmwood Park,IL,60707,,Public,24 hours daily,EVMATCH,41.92642,-87.81868,E
ELEC,Oak Park Library,834 Lake St,Oak Park,IL,60301,,Public,9am-9pm M-F; 9am-5pm Sat; 12pm-5pm Sun,EVMATCH,41.8892,-87.79651,E
ELEC,SRE Buffalo Grove 1000,1000 Deerfield Pkwy,Buffalo Grove,IL,60089,949-945-2000,Public,24 hours daily,EVGATEWAY,42.16967,-87.93527,E
ELEC,Executive Towers West II,1411 Opus Pl,Downers Grove,IL,60515,949-945-2000,Public,24 hours daily,EVGATEWAY,41.82982,-88.0218,E
ELEC,MxD Chicago IL,1415 N Cherry Ave,Chicago,IL,60642,949-945-2000,Public,24 hours daily,EVGATEWAY,41.90736,-87.65526,E
ELEC,Executive Towers West I,1431 Opus Pl,Downers Grove,IL,60515,949-945-2000,Public,24 hours daily,EVGATEWAY,41.8282,-88.02282,E
ELEC,Endeavor Health Highland Park Hospital,777 Park W Ave,Highland Park,IL,60035,949-945-2000,Public,24 hours daily,EVGATEWAY,42.19062,-87.80828,E
ELEC,SRE Buffalo Grove 950,905 Deerfield Pkwy,Buffalo Grove,IL,60089,949-945-2000,Public,24 hours daily,EVGATEWAY,42.16815,-87.93788,E
ELEC,Innovation Park Lake County,1950 Innovation Wy Suite 150,Libertyville,IL,60048,949-945-2000,Public,24 hours daily,EVGATEWAY,42.28916,-87.99984,E
ELEC,Modern Woodmen,1701 1st Ave,Rock Island,IL,61201,949-945-2000,Public,24 hours daily,EVGATEWAY,41.51258,-90.57759,E
ELEC,701 E 22nd,701 E 22nd St,Lombard,IL,60148,949-945-2000,Public,24 hours daily,EVGATEWAY,41.84497,-88.00069,E
ELEC,Eagleson Automotive Center,520 Whittle Ave,Olney,IL,62450,1-844-623-1001,Public,24 hours daily,LIVINGSTON,38.72694,-88.08425,E
ELEC,Harvard Ford-DCFC,5250 South Route 14,Harvard,IL,60033,888-998-2546,Public,24 hours daily,Blink Network,42.402921,-88.612613,E
ELEC,Casey's #3336 - Troy,440 Edwardsville Rd,Troy,IL,62294,1-800-489-1588,Public,24 hours daily,FCN,38.7318494,-89.8940164,E
ELEC,Focal Point - Chicago,4141 S Pulaski Rd,Chicago,IL,60632,312-351-4334,Public,Contact site for information,AMPUP,41.8173889,-87.7218843,E
ELEC,500 Park Blvd Suite 750,500 Park Blvd Suite 750,Itasca,IL,60143,,Private,Contact site for information,AMPUP,41.9866738,-88.0176437,E
ELEC,City of Joliet: Gateway Bus Parking,55 E Marion,Joliet,IL,60432,,Private,Contact site for information,AMPUP,41.523707,-88.08046,E
ELEC,HCC CHARGING ST AG STATION 1,1608 West Raab Road,Normal,IL,61761,888-758-4389,Public,24 hours daily,ChargePoint Network,40.531528,-89.020997,E
ELEC,EV STATION 1 EV STATION 2,606 Lee St,Des Plaines,IL,60016,888-758-4389,Public,24 hours daily,ChargePoint Network,42.04234,-87.887487,E
ELEC,Graue Chevrolet Buick,1905 N Kickapoo St,Lincoln,IL,62656,888-409-2980,Public,24 hours daily,Non-Networked,40.16179,-89.34611,E
ELEC,Friendly Chevrolet,2540 Prairie Crossing,Springfield,IL,62711,866-816-7584,Public,24 hours daily,EV Connect,39.735737,-89.701453,E
ELEC,ROSEN GROUP CPE250 ST 1,789 S Randall Rd,Algonquin,IL,60102,888-758-4389,Public,24 hours daily,ChargePoint Network,42.162139,-88.334203,E
ELEC,ROSEN GROUP CPE250 2,789 S Randall Rd,Algonquin,IL,60102,888-758-4389,Public,24 hours daily,ChargePoint Network,42.162075,-88.334213,E
ELEC,VILL OF ADDISON LIBRARY NORTH,4 Friendship Plaza,Addison,IL,60101,888-758-4389,Public,Mon 5:00am - 12:00am; Tue 5:00am - 12:00am; Wed 5:00am - 12:00am; Thu 5:00am - 12:00am; Fri 5:00am - 12:00am; Sat 5:00am - 12:00am; Sun 5:00am - 12:00am,ChargePoint Network,41.932664,-87.993254,E
ELEC,VILL OF ADDISON LIBRARY SOUTH,4 Friendship Plaza,Addison,IL,60101,888-758-4389,Public,Mon 5:00am - 12:00am; Tue 5:00am - 12:00am; Wed 5:00am - 12:00am; Thu 5:00am - 12:00am; Fri 5:00am - 12:00am; Sat 5:00am - 12:00am; Sun 5:00am - 12:00am,ChargePoint Network,41.932648,-87.993316,E
ELEC,Watermark Ford of Marion,1910 W. Coolidge Ave.,Marion,IL,62959,866-816-7584,Public,24 hours daily,EV Connect,37.739238,-88.951646,E
ELEC,One Arlington,3400 West Stonegate Boulevard,Arlington Heights,IL,60005,888-998-2546,Public,24 hours daily,Blink Network,42.09021835069333,-88.02427541969502,E
ELEC,Watermark Hyundai of Marion,1910 West Coolidge Avenue,Marion,IL,62959,888-998-2546,Public,24 hours daily,Blink Network,37.738526957296266,-88.95174242621184,E
ELEC,1300 EV CHARGER 1300 ARLINGTON2,1300 North Arlington Heights Road,Itasca,IL,60143,888-758-4389,Public,24 hours daily,ChargePoint Network,41.99045,-88.004325,E
ELEC,1300 EV CHARGER 1300 ARLINGTON1,1300 North Arlington Heights Road,Itasca,IL,60143,888-758-4389,Public,24 hours daily,ChargePoint Network,41.99046,-88.004387,E
ELEC,KIA OF URBANA WELCOME CENTER,1111 Napleton Way,Urbana,IL,61802,888-758-4389,Public,24 hours daily,ChargePoint Network,40.137825,-88.19654,E
ELEC,Encore Hospitality,111 North Broadway,Aurora,IL,60505,888-998-2546,Public,24 hours daily,Blink Network,41.759387,-88.310221,E
ELEC,Old Joliet Prison,1125 Collins Street,Joliet,IL,60432,888-998-2546,Public,24 hours daily,Blink Network,41.54508576790146,-88.0732955057953,E
ELEC,Schimmer Hyundai,911 Shooting Park Road,Peru,IL,61354,888-998-2546,Public,24 hours daily,Blink Network,41.340181717902006,-89.11624477741478,E
ELEC,155 N WACKER DR P2 EV CHARGER,155 N Wacker Dr,Chicago,IL,60606,888-758-4389,Public,24 hours daily,ChargePoint Network,41.8847,-87.636612,E
ELEC,Volvo Cars Lisle - Public Series,4325 Lincoln Avenue,Lisle,IL,60532,888-998-2546,Public,24 hours daily,Blink Network,41.80686356087286,-88.07595588658349,E
ELEC,540 W. MADISON LL1 - 2,19 N Jefferson St,Chicago,IL,60661,888-758-4389,Public,24 hours daily,ChargePoint Network,41.882478,-87.642289,E
ELEC,540 W. MADISON LL1 - 1,31 N Jefferson St,Chicago,IL,60661,888-758-4389,Public,24 hours daily,ChargePoint Network,41.882868,-87.642305,E
ELEC,540 W. MADISON SOUTH WALL 3,540 W Madison St,Chicago,IL,60661,888-758-4389,Public,24 hours daily,ChargePoint Network,41.882211,-87.641548,E
ELEC,540 W. MADISON SOUTH WALL 2,540 W Madison St,Chicago,IL,60661,888-758-4389,Public,24 hours daily,ChargePoint Network,41.882211,-87.64158,E
ELEC,540 W. MADISON SOUTH WALL 1,540 W Madison St,Chicago,IL,60661,888-758-4389,Public,24 hours daily,ChargePoint Network,41.882219,-87.641601,E
ELEC,POG POG,30 E Green St,Champaign,IL,61820,888-758-4389,Public,24 hours daily,ChargePoint Network,40.110434,-88.2412,E
ELEC,OPTIMA KEVEL 3 SOUTH,220 East Illinois Street,Chicago,IL,60611,888-758-4389,Public,24 hours daily,ChargePoint Network,41.891528,-87.621686,E
ELEC,OPTIMA LEVEL 2 SOUTH,220 East Illinois Street,Chicago,IL,60611,888-758-4389,Public,24 hours daily,ChargePoint Network,41.891489,-87.621538,E
ELEC,OPTIMA LEVEL 5 NORTH,220 East Illinois Street,Chicago,IL,60611,888-758-4389,Public,24 hours daily,ChargePoint Network,41.891514,-87.621605,E
ELEC,OPTIMA LEVEL4 SOUTH W,220 East Illinois Street,Chicago,IL,60611,888-758-4389,Public,24 hours daily,ChargePoint Network,41.891497,-87.621523,E
ELEC,OPTIMA LEVEL 4 EAST,220 East Illinois Street,Chicago,IL,60611,888-758-4389,Public,24 hours daily,ChargePoint Network,41.891494,-87.621596,E
ELEC,Napleton Cadillac Of Northbrook,100 Skokie Blvd,Northbrook,IL,60062,866-816-7584,Public,24 hours daily,EV Connect,42.149693,-87.80077,E
ELEC,Fletcher Jones Audi,1523 W. North Ave,Chicago,IL,60642,888-998-2546,TEMPORARILY UNAVAILABLE (Public),Mon 12:00am - 12:00am; Tue 12:00am - 12:00am; Wed 12:00am - 12:00am; Thu 12:00am - 12:00am; Fri 12:00am - 12:00am; Sat 12:00am - 12:00am; Sun 12:00am - 12:00am,Blink Network,41.910429,-87.665696,T
ELEC,BELVEDERE APTS BELVEDERE EV1,3223 111 street,Naperville,IL,60864,888-758-4389,Public,24 hours daily,ChargePoint Network,41.680401,-88.220241,E
ELEC,DISTRICT 214 PHS 3,801 W Kensington Rd,Mount Prospect,IL,60056,888-758-4389,Public,24 hours daily,ChargePoint Network,42.079495,-87.949188,E
ELEC,Hampton Inn by Hilton Bourbonnais/Kankakee - Tesla Destination,64 Ken Hayes Drive,Bourbonnais,IL,60914,877-798-3752,Public,,Tesla Destination,41.170774,-87.846918,E
ELEC,TownePlace Suites by Marriott Danville - Tesla Destination,330  Eastgate Dr,Danville,IL,61834,877-798-3752,Public,,Tesla Destination,40.121599,-87.544732,E
ELEC,Forth-Amp- Belleville Library - Public,121 E. Washington St,Belleville,IL,62221,855-885-9571,PLANNED - not yet accessible (Public),,OpConnect,38.5128535,-89.9818931,P
ELEC,801 W Dundee Rd,801 W Dundee Rd,Arlington Heights,IL,60004,866-816-7584,Public,Mon 8:00am - 7:00pm; Tue 8:00am - 7:00pm; Wed 8:00am - 7:00pm; Thu 8:00am - 7:00pm; Fri 8:00am - 7:00pm; Sat 8:00am - 4:00pm,EV Connect,42.138343,-87.991599,E
ELEC,Centralia,400 N. Pleasant Ave,Centralia,IL,62801,1-888-222-6618,Public,,NOODOE,38.5300938,-89.1172754,E
ELEC,Good Samaritan,1 Good Samaritan Way,Mt Vernon,IL,62864,1-888-222-6618,Public,,NOODOE,38.2972709,-88.9377404,E
ELEC,MQMF Chicago Marine Drive,4600 North Marine Drive,Chicago,IL,60640,888-998-2546,Public,24 hours daily,Blink Network,41.965986,-87.649093,E
ELEC,900 SELF PARK PLUG & SHOP 7,911 N Rush St,Chicago,IL,60611,888-758-4389,Public,24 hours daily,ChargePoint Network,41.899548,-87.626739,E
ELEC,900 SELF PARK PLUG & SHOP 6,911 N Rush St,Chicago,IL,60611,888-758-4389,Public,24 hours daily,ChargePoint Network,41.899564,-87.626729,E
ELEC,900 SELF PARK PLUG & SHOP 5,911 N Rush St,Chicago,IL,60611,888-758-4389,Public,24 hours daily,ChargePoint Network,41.899548,-87.626707,E
ELEC,Wrigley Field - W Grace St Parking,1126 W Grace St,Chicago,IL,60613,844-798-2438,Public,24 hours daily,SWTCH,41.95170034,-87.65910969,E
ELEC,Unidos,310 N Ottawa St.,Joliet,IL,60432,1-888-222-6618,Public,,NOODOE,41.5304906,-88.0827766,E
ELEC,Currie Frankfort,9423 West Lincoln Highway,Frankfort,IL,60423,888-998-2546,Public,24 hours daily,Blink Network,41.50607856892955,-87.84530553322733,E
ELEC,LPC Palatine,975 W Algonquin Rd,Palatine,IL,60067,,Private,24 hours daily,POWERPUMP,42.0737086,-88.0665145,E
ELEC,Genesis of North Aurora,204 Hansen Boulevard,North Aurora,IL,60542,888-998-2546,Public,24 hours daily,Blink Network,41.80027890187452,-88.37318680028821,E
ELEC,Currie Frankfort - DCFC,9423 West Lincoln Highway,Frankfort,IL,60423,888-998-2546,Public,24 hours daily,Blink Network,41.50607856892955,-87.84530553322733,E
ELEC,2705 Diehl Rd,2705 Diehl Rd,Aurora,IL,60502,866-816-7584,Public,24 hours daily,EV Connect,41.798022,-88.247492,E
ELEC,Optima Verdana Private,1210 Central Avenue,Wilmette,IL,60091,888-998-2546,Public,24 hours daily,Blink Network,42.07672843101564,-87.70939788735089,E
ELEC,ALTON TOYOTA FRONT STATION,850 Homer M Adams Pkwy,Alton,IL,62002,888-758-4389,Public,24 hours daily,ChargePoint Network,38.92138,-90.16892,E
ELEC,TOWNSHIP HALL EDWARDSVILLE 1,300 W Park St,Edwardsville,IL,62025,888-758-4389,Public,24 hours daily,ChargePoint Network,38.80971,-89.958122,E
ELEC,RENFREW PARK RENFREW PARK,501 Morris Rd,Dwight,IL,60420,888-758-4389,Public,24 hours daily,ChargePoint Network,41.098835,-88.430093,E
ELEC,ICC WORKFORCE 1,1 College Dr,East Peoria,IL,61611,888-758-4389,Public,24 hours daily,ChargePoint Network,40.705239,-89.513988,E
ELEC,TAYLOR CHRYSLER,1497 Illinois 50,Bourbonnais,IL,60914,888-998-2546,Public,24 hours daily,Blink Network,41.17048085223878,-87.85382120810856,E
ELEC,AXIS MIDTOWN S1,811 Juniper St NE,Atlanta,IL,30308,888-758-4389,Public,24 hours daily,ChargePoint Network,42.143913,-87.796795,E
ELEC,GPM INVESTMENTS 5156 DC 1,15766 Manchester Rd - McDonalds/FasMart Lot,South Beloit,IL,61080,888-758-4389,Public,24 hours daily,ChargePoint Network,42.49014,-88.989383,E
ELEC,GPM INVESTMENTS 5156 DC 2,15766 Manchester Rd - McDonalds/FasMart Lot,South Beloit,IL,61080,888-758-4389,Public,24 hours daily,ChargePoint Network,42.490021,-88.989383,E
ELEC,GPM INVESTMENTS 5156 DC 3,15766 Manchester Rd,South Beloit,IL,61080,888-758-4389,Public,24 hours daily,ChargePoint Network,42.489919,-88.989383,E
ELEC,GPM INVESTMENTS 5156 DC 4,15766 Manchester Rd,South Beloit,IL,61080,888-758-4389,Public,24 hours daily,ChargePoint Network,42.489879,-88.989383,E
ELEC,FINLEY POINT ENSONO,3333 Finley Road,Downers Grove,IL,60515,888-758-4389,Public,24 hours daily,ChargePoint Network,41.827168,-88.023492,E
ELEC,Culver's - Tesla Supercharger,901 W Camp St,East Peoria,IL,61611,877-798-3752,Public,24 hours daily,Tesla,40.680317,-89.588669,E
ELEC,Bettenhausen Chrysler Dodge Jeep RAM,8355 W 159th St,Tinley Park,IL,60477,313-262-6722,Public,24 hours daily,RED_E,41.60088601,-87.82257773,E
ELEC,FINLEY POINT GENERAL,3333 Finley Road,Downers Grove,IL,60515,888-758-4389,Public,24 hours daily,ChargePoint Network,41.827194,-88.023548,E
ELEC,Harvard Chevrolet GMC,333 S Division Street,Harvard,IL,60033,866-816-7584,Public,24 hours daily,EV Connect,42.411119,-88.614037,E
ELEC,Joan and Paul Rubschlagar Building,1520 West Harrison Street,Chicago,IL,60607,888-998-2546,Public,24 hours daily,Blink Network,41.87478417905282,-87.66501231804295,E
ELEC,TARGET T3871 STATION 2,5101 S Mulligan Ave,Chicago,IL,60638,888-758-4389,Public,Mon 7:00am - 12:00am; Tue 7:00am - 12:00am; Wed 7:00am - 12:00am; Thu 7:00am - 12:00am; Fri 7:00am - 12:00am; Sat 7:00am - 12:00am; Sun 7:00am - 12:00am,ChargePoint Network,41.799995,-87.780556,E
ELEC,4450 S Morgan St,4450 S Morgan St,Chicago,IL,60609,,Private,24 hours daily,Non-Networked,41.81313,-87.65168,E
ELEC,AMC DINE-IN Yorktown 18,80 Yorktown Shopping Center,Lombard,IL,60148,888-264-2208,Public,Mon 6:00am - 11:59pm; Tue 6:00am - 11:59pm; Wed 6:00am - 11:59pm; Thu 6:00am - 11:59pm; Fri 6:00am - 11:59pm; Sat 6:00am - 11:59pm; Sun 6:00am - 11:59pm,SHELL_RECHARGE,41.84005,-88.002249,E
ELEC,Friendly Honda,2500 Prairie Crossing Drive,Springfield,IL,62711,888-998-2546,Public,Mon 7:00am - 8:00pm; Tue 7:00am - 8:00pm; Wed 7:00am - 8:00pm; Thu 7:00am - 8:00pm; Fri 7:00am - 8:00pm; Sat 7:00am - 6:00pm; Sun 12:00am - 12:00am,Blink Network,39.73576320365339,-89.7002442186392,E
ELEC,HAMBLOCK FORD - Series,1800 North State Street,Belvidere,IL,61008,888-998-2546,Public,24 hours daily,Blink Network,42.2710672909639,-88.86059356048041,E
ELEC,HAMBLOCK FORD - DCFC,1800 North State Street,Belvidere,IL,61008,888-998-2546,Public,24 hours daily,Blink Network,42.2710672909639,-88.86059356048041,E
ELEC,NEON SIGN PARK NEON SIGN PARK,1300 19th St,Granite City,IL,62040,888-758-4389,Public,24 hours daily,ChargePoint Network,38.700852,-90.15139,E
ELEC,Landmark Cadillac,2360 PRAIRIE CROSSING DR,SPRINGFIELD,IL,62711,866-816-7584,Public,24 hours daily,EV Connect,39.735802,-89.69932,E
ELEC,Drendel's Corner,13280 IL-47,Huntley,IL,60142,313-262-6722,Public,24 hours daily,RED_E,42.13641575,-88.43194723,E
ELEC,City Parking Lot,101 East Walnut Street,Oglesby,IL,61348,888-998-2546,Public,24 hours daily,Blink Network,41.29524398308367,-89.06066494682419,E
ELEC,DQ BELVIDERE 1 STATION 1,1610 North State Street,Belvidere,IL,61008,888-758-4389,Public,24 hours daily,ChargePoint Network,42.270284,-88.857949,E
ELEC,CHI PUB SCHOOLS TAFT DRVS ED 2,6530 W Bryn Mawr Ave,Chicago,IL,60631,888-758-4389,TEMPORARILY UNAVAILABLE (Public),24 hours daily,ChargePoint Network,41.984533,-87.791684,T
ELEC,LBFE STATION 1,355 N Ashland Ave,Chicago,IL,60607,888-758-4389,Public,Mon 8:30am - 4:30pm; Tue 8:30am - 4:30pm; Wed 8:30am - 4:30pm; Thu 8:30am - 4:30pm; Fri 8:30am - 4:30pm,ChargePoint Network,41.888096,-87.6667,E
ELEC,Hawk Cadillac,2001 W JEFFERSON ST,JOLIET,IL,60435,866-816-7584,Public,24 hours daily,EV Connect,41.523497,-88.127537,E
ELEC,LaBeau Bros,2400 E Court St,Kankakee,IL,60901,,Private,Authorized users only,POWERPORT_EVC,41.1179698,-87.8312883,E
ELEC,Bolingbrook Town Center East,375 W Briarcliff Rd,Bolingbrook,IL,60440,708-473-2233,Public,24 hours daily,POWERPORT_EVC,41.6969531,-88.0807925,E
ELEC,Downtown Manteno,207 N Main St,Manteno,IL,60950,708-473-2233,Public,24 hours daily,POWERPORT_EVC,41.2511321,-87.8340003,E
ELEC,AMS Industries,9341 Adam Don Pkwy,Woodridge,IL,60517,,Private,Authorized users only,POWERPORT_EVC,41.7134133,-88.0277438,E
ELEC,Kankakee Community College,100 College Dr,Kankakee,IL,60901,708-473-2233,Public,24 hours daily,POWERPORT_EVC,41.0977148,-87.8518028,E
ELEC,FARM FRESH SATION 1,310 W Bethalto Dr,Bethalto,IL,62010,888-758-4389,Public,24 hours daily,ChargePoint Network,38.901606,-90.043861,E
ELEC,Tirapelli Ford,4355 W Jefferson St.,Shorewood,IL,60404,1-888-222-6618,Public,,NOODOE,41.5230073,-88.1848496,E
ELEC,400 E RANDOLPH PLUG IN 2,400 E Randolph St,Chicago,IL,60601,888-758-4389,Public,24 hours daily,ChargePoint Network,41.885126,-87.616442,E
ELEC,FOUNDATION FOUNDATION #2,303 Saint Marys Road,Champaign,IL,61820,888-758-4389,Public,24 hours daily,ChargePoint Network,40.094128,-88.235092,E
ELEC,FOUNDATION FOUNDATION #1,303 Saint Marys Road,Champaign,IL,61820,888-758-4389,Public,24 hours daily,ChargePoint Network,40.094118,-88.235136,E
ELEC,UPTOWN STATION RT 66 CHARGER,305 Pine St,Normal,IL,61761,888-758-4389,Public,24 hours daily,ChargePoint Network,40.517491,-88.980721,E
ELEC,Arlington Acura of Palatine - Front Parking,1275 East Dundee Road,Palatine,IL,60074,888-998-2546,Public,24 hours daily,Blink Network,42.13849121842209,-88.01307555464766,E
ELEC,Bettenhausen CJDR Lockport,16471 W 159th St,Lockport,IL,60441,313-262-6722,Public,24 hours daily,RED_E,41.59563046,-88.02038006,E
ELEC,Bettenhausen CJDR Lockport,16471 W 159th St,Lockport,IL,60441,313-262-6722,Public,24 hours daily,RED_E,41.59563046,-88.02038006,E
ELEC,Heartland Community College - Agriculture Complex,1608 W Raab Rd,Normal,IL,61761,309-268-8000,Public,College business hours,Non-Networked,40.532059,-89.019026,E
ELEC,MOLINE-CH MOLINE-CH,1533 7th Ave,Moline,IL,61265,888-758-4389,Public,24 hours daily,ChargePoint Network,41.504978,-90.514898,E
ELEC,CITY OF ELGIN CITY HALL #3,150 Dexter Court,Elgin,IL,60120,888-758-4389,Public,24 hours daily,ChargePoint Network,42.038627,-88.284316,E
ELEC,12950 E. US Rte. 34,12950 E. US Rte. 34,Plano,IL,60545,866-816-7584,Public,24 hours daily,EV Connect,41.66219,-88.505214,E
ELEC,Volvo Cars Lisle - Public DCFC,4325 Lincoln Avenue,Lisle,IL,60532,888-998-2546,Public,24 hours daily,Blink Network,41.80686356087286,-88.07595588658349,E
ELEC,"JLL c/o Mars, Inc",1132 W Blackhawk St,Chicago,IL,60642,888-998-2546,Public,24 hours daily,Blink Network,41.907280741638665,-87.65541731632017,E
ELEC,WCC PLANO 1 WCC PLANO 1,100 Waubonsee Drive,Plano,IL,60545,888-758-4389,Public,24 hours daily,ChargePoint Network,41.665195,-88.506732,E
ELEC,VinFast Lisle,2110 Ogden Avenue,Lisle,IL,60532,888-998-2546,Public,24 hours daily,Blink Network,41.799909166469945,-88.09556397378098,E
ELEC,AXIS MIDTOWN S2,811 Juniper St NE,Atlanta,IL,30308,888-758-4389,Public,24 hours daily,ChargePoint Network,42.143889,-87.796731,E
ELEC,FARM FRESH SATION 2,310 W Bethalto Dr,Bethalto,IL,62010,888-758-4389,Public,24 hours daily,ChargePoint Network,38.901623,-90.04384,E
ELEC,"Oak Brook Pointe, LLC","700 Commerce Drive, Suite 450",Oak Brook,IL,60523,888-998-2546,Public,24 hours daily,Blink Network,41.85165068756263,-87.937630277468,E
ELEC,CL SUPER CITY LIGHTS 1,9993 Virginia Avenue,Chicago Ridge,IL,60415,888-758-4389,Public,24 hours daily,ChargePoint Network,41.710352,-87.791788,E
ELEC,CL SUPER CITY LIGHTS 2,9993 Virginia Avenue,Chicago Ridge,IL,60415,888-758-4389,Public,24 hours daily,ChargePoint Network,41.710298,-87.791767,E
ELEC,425,425 East Erie Street,Chicago,IL,60611,888-998-2546,Public,24 hours daily,Blink Network,41.8943533154426,-87.61693676049565,E
ELEC,Bellerive Park - Westmont Park District,201 63rd Street,Westmont,IL,60559,1-888-222-6618,Public,,NOODOE,41.7718623,-87.9797212,E
ELEC,LEWIS U. EV LEWIS8,1 University Parkway,Romeoville,IL,60446,888-758-4389,Public,24 hours daily,ChargePoint Network,41.606931,-88.079816,E
ELEC,LEWIS U. EV LEWIS4,1 University Parkway,Romeoville,IL,60446,888-758-4389,Public,24 hours daily,ChargePoint Network,41.604215,-88.077677,E
ELEC,LEWIS U. EV LEWIS6,1 University Parkway,Romeoville,IL,60446,888-758-4389,Public,24 hours daily,ChargePoint Network,41.60473,-88.083039,E
ELEC,LEWIS U. EV LEWIS7,1 University Parkway,Romeoville,IL,60446,888-758-4389,Public,24 hours daily,ChargePoint Network,41.604735,-88.082795,E
ELEC,LEWIS U. EV LEWIS3,1 University Parkway,Romeoville,IL,60446,888-758-4389,Public,24 hours daily,ChargePoint Network,41.606935,-88.080271,E
ELEC,LEWIS U. EV LEWIS5,1 University Parkway,Romeoville,IL,60446,888-758-4389,Public,24 hours daily,ChargePoint Network,41.604141,-88.077666,E
ELEC,Napleton Cadillac Of Libertyville,1050 S. Milwaukee Ave,Libertyville,IL,60048,866-816-7584,Public,24 hours daily,EV Connect,42.270126,-87.949639,E
ELEC,ILLINI CHARGING C7 - EV 1,812 S 5th St,Champaign,IL,61820,888-758-4389,Public,24 hours daily,ChargePoint Network,40.108762,-88.230974,E
ELEC,ILLINI CHARGING C7 - EV2,812 S 5th St,Champaign,IL,61820,888-758-4389,Public,24 hours daily,ChargePoint Network,40.108758,-88.230964,E
ELEC,ILLINI CHARGING C7 - EV4,812 S 5th St,Champaign,IL,61820,888-758-4389,Public,24 hours daily,ChargePoint Network,40.108761,-88.230924,E
ELEC,ILLINI CHARGING C7 - EV6,517 E John St,Champaign,IL,61820,888-758-4389,Public,24 hours daily,ChargePoint Network,40.108771,-88.23083,E
ELEC,ILLINI CHARGING C7 - EV7,812 S 5th St,Champaign,IL,61820,888-758-4389,Public,24 hours daily,ChargePoint Network,40.108624,-88.231041,E
ELEC,ILLINI CHARGING C7 - EV5,517 E John St,Champaign,IL,61820,888-758-4389,Public,24 hours daily,ChargePoint Network,40.108792,-88.230821,E
ELEC,ILLINI CHARGING C7 - EV3,517 East John Street,Champaign,IL,61820,888-758-4389,Public,24 hours daily,ChargePoint Network,40.108802,-88.230903,E
ELEC,Pilot Travel Center 249,820 Edwardsville Road,Troy,IL,62294,877-455-3833,Public,24 hours daily,eVgo Network,38.731647,-89.908017,E
ELEC,Woodman's Food Market - Tesla Supercharger,1 Stratford Dr,Bloomingdale,IL,60108,877-798-3752,Public,24 hours daily,Tesla,41.948556,-88.11852,E
ELEC,Hubbard Pl - Garage,360 W Hubbard St,Chicago,IL,60654,813-492-5220,Public,24 hours daily,EVOKE,41.890406,-87.638459,E
ELEC,Park Blvd - Parking Lot,3720 S Dearborn St,Chicago,IL,60609,813-492-5220,Public,24 hours daily,EVOKE,41.82674,-87.62796,E
ELEC,GPL CSN-01686974,264 W Main St,Galesburg,IL,61401,888-758-4389,Public,24 hours daily,ChargePoint Network,40.947182,-90.375324,E
ELEC,CHAMBERLAIN STATION A,300 Windsor Dr,Oak Brook,IL,60523,888-758-4389,Public,24 hours daily,ChargePoint Network,41.852302,-87.925214,E
ELEC,CHAMBERLAIN STATION B,300 Windsor Dr,Oak Brook,IL,60523,888-758-4389,Public,24 hours daily,ChargePoint Network,41.852233,-87.92499,E
ELEC,CHAMBERLAIN STATION C,300 Windsor Dr,Oak Brook,IL,60523,888-758-4389,Public,24 hours daily,ChargePoint Network,41.852185,-87.924505,E
ELEC,CHAMBERLAIN STATION G,300 Windsor Dr,Oak Brook,IL,60523,888-758-4389,Public,24 hours daily,ChargePoint Network,41.852492,-87.924824,E
ELEC,CHAMBERLAIN STATION E,300 Windsor Dr,Oak Brook,IL,60523,888-758-4389,Public,24 hours daily,ChargePoint Network,41.8525,-87.924835,E
ELEC,CHAMBERLAIN STATION D,300 Windsor Dr,Oak Brook,IL,60523,888-758-4389,Public,24 hours daily,ChargePoint Network,41.852492,-87.92477,E
ELEC,CHAMBERLAIN STATION F,300 Windsor Dr,Oak Brook,IL,60523,888-758-4389,Public,24 hours daily,ChargePoint Network,41.852508,-87.924899,E
ELEC,HOLIDAYINNEXP STATION 2,40 N Martingale Rd,Schaumburg,IL,60173,888-758-4389,Public,24 hours daily,ChargePoint Network,42.0284,-88.032955,E
ELEC,HOLIDAYINNEXP STATION 1,40 N Martingale Rd,Schaumburg,IL,60173,888-758-4389,Public,24 hours daily,ChargePoint Network,42.028399,-88.033008,E
ELEC,HOLIDAYINNEXP STATION 4,40 N Martingale Rd,Schaumburg,IL,60173,888-758-4389,Public,24 hours daily,ChargePoint Network,42.0284,-88.032851,E
ELEC,HOLIDAYINNEXP STATION 3,40 N Martingale Rd,Schaumburg,IL,60173,888-758-4389,Public,24 hours daily,ChargePoint Network,42.028398,-88.032901,E
ELEC,Haggerty Chevrolet,300 Roosevelt Road,Glen Ellyn,IL,60137,888-998-2546,Public,24 hours daily,Blink Network,41.85983611656166,-88.07750280995134,E
ELEC,C OF HIGHLAND HIGHLAND SQUARE,1020 Laurel St,Highland,IL,62249,888-758-4389,Public,24 hours daily,ChargePoint Network,38.739509,-89.680051,E
ELEC,C OF HIGHLAND HIGHLANDLIBRARY,1013 9th St,Highland,IL,62249,888-758-4389,Public,24 hours daily,ChargePoint Network,38.741562,-89.677926,E
ELEC,KANE COUNTY KANE KDOT,41W011 Burlington Road,Campton Hills,IL,60175,888-758-4389,Public,24 hours daily,ChargePoint Network,41.957036,-88.415279,E
ELEC,Inwood Park,3000 W Jefferson St,Joliet,IL,60435,1-888-222-6618,Public,,NOODOE,41.520491,-88.153979,E
ELEC,HUB GROUP INSIDE EAST,2001 Hub Group Way,Oak Brook,IL,60523,888-758-4389,Public,24 hours daily,ChargePoint Network,41.850775,-87.931944,E
ELEC,HUB GROUP INSIDE WEST,2001 Hub Group Way,Oak Brook,IL,60523,888-758-4389,Public,24 hours daily,ChargePoint Network,41.850642,-87.931946,E
ELEC,"Thorntons, IL-120, IL",2108 IL-120,McHenry,IL,60051,1-833-277-8573,Public,24 hours daily,BP_PULSE,42.342677,-88.238815,E
ELEC,Ford Charge - Victor Ford,1400 N US Hwy 12,Wauconda,IL,60084,888-357-1009,Public,24 hours daily,FORD_CHARGE,42.28216177,-88.15481968,E
ELEC,Ford Charge - Friendly Ford,333 Irving Park Rd,Roselle,IL,60172,888-357-1009,Public,24 hours daily,FORD_CHARGE,41.98348219,-88.07184517,E
ELEC,Ford Charge - Schimmer Ford,911 Shooting Park Rd,Peru,IL,61354,888-357-1009,Public,24 hours daily,FORD_CHARGE,41.33883637,-89.11598677,E
ELEC,Ford Charge - Mike Murphy Ford,565 W Jackson St,Morton,IL,61550,888-357-1009,Public,5am-12am daily,FORD_CHARGE,40.61625869,-89.46246165,E
ELEC,Ford Charge - Mike Murphy Ford,565 W Jackson St,Morton,IL,61550,888-357-1009,Public,5am-12am daily,FORD_CHARGE,40.61625869,-89.46246165,E
ELEC,Ford Charge - Mike Murphy Ford,565 W Jackson St,Morton,IL,61550,888-357-1009,Public,5am-12am daily,FORD_CHARGE,40.61625869,-89.46246165,E
ELEC,Ford Charge - Heller Ford,700 W Main St,El Paso,IL,61738,888-357-1009,Public,24 hours daily,FORD_CHARGE,40.73652717,-89.02995838,E
ELEC,Ford Charge - Champaign Ford City,701 W Marketview Dr,Champaign,IL,61822,888-357-1009,Public,24 hours daily,FORD_CHARGE,40.13663334,-88.25556936,E
ELEC,Ford Charge - Champaign Ford City,701 W Marketview Dr,Champaign,IL,61822,888-357-1009,Public,24 hours daily,FORD_CHARGE,40.13663334,-88.25556936,E
ELEC,Ford Charge - Landmark Ford,3401 E Clear Lake Ave,Springfield,IL,62702,888-357-1009,Public,24 hours daily,FORD_CHARGE,39.8028809,-89.60070598,E
ELEC,Ford Charge - Landmark Ford,3401 E Clear Lake Ave,Springfield,IL,62702,888-357-1009,Public,24 hours daily,FORD_CHARGE,39.8028809,-89.60070598,E
ELEC,Ford Charge - Landmark Ford,2401 Prairie Crossing Dr,Springfield,IL,62711,888-357-1009,Public,24 hours daily,FORD_CHARGE,39.73711887,-89.6991879,E
ELEC,HMD Bar & Grill - Tesla Destination,10339 Ridgeland Ave,Chicago Ridge,IL,60415,877-798-3752,Public,,Tesla Destination,41.703831,-87.778908,E
ELEC,"Des Plaines, IL - Hertz ORD2 - Tesla Destination",2250 Mannheim Rd,Des Plaines,IL,60018,877-798-3752,Private,,Non-Networked,42.01337,-87.88793,E
ELEC,Hampton Inn Huntley Chicago - Tesla Destination,13000  IL-47,Huntley,IL,60142,877-798-3752,Public,,Non-Networked,42.140161,-88.430014,E
ELEC,Hertz Quad Cities Airport (MLI) - Tesla Destination,2200 69th Ave,Moline,IL,61265,877-798-3752,Private,,Tesla Destination,41.453927,-90.506429,E
ELEC,Hertz Local Edition #5304 - Tesla Destination,254 W 162nd St,South Holland,IL,60473,877-798-3752,Private,,Tesla Destination,41.601433,-87.623362,E
ELEC,Hertz Local Edition #5325-03 - Tesla Destination,226 N Bolingbrook Dr,Bolingbrook,IL,60440,877-798-3752,Private,,Tesla Destination,41.701238,-88.066828,E
ELEC,Hertz Local Edition #5360-20 - Tesla Destination,2170 Mannheim Rd,Des Plaines,IL,60018,877-798-3752,Private,,Tesla Destination,42.012594,-87.888266,E
ELEC,Hertz Local Edition #2309-26 - Tesla Destination,2151 W Jefferson St,Joliet,IL,60435,877-798-3752,Private,,Tesla Destination,41.522941,-88.133009,E
ELEC,Hertz Local Edition #5324-24 - Tesla Destination,2561 Ogden Ave,Downers Grove,IL,60515,877-798-3752,Private,,Tesla Destination,41.804325,-88.04859,E
ELEC,Hertz Local Edition #5373 - Tesla Destination,1901 Green Bay Rd,Evanston,IL,60201,877-798-3752,Private,,Tesla Destination,42.052695,-87.688906,E
ELEC,Hertz Local Edition #5330-20 - Tesla Destination,685 W Golf Rd,Hoffman Estates,IL,60169,877-798-3752,Private,,Tesla Destination,42.047841,-88.096564,E
ELEC,Hertz Local Edition #5322 - Tesla Destination,2400 E Main St Ste 106,St. Charles,IL,60174,877-798-3752,Private,,Tesla Destination,41.914195,-88.308687,E
ELEC,Days Inn & Suites by Wyndham Schaumburg - Tesla Destination,1730 E Higgins Rd,Schaumburg,IL,60173,877-798-3752,Public,,Non-Networked,42.038997,-88.037188,E
ELEC,Millennium Lakeside Garage - Tesla Destination,5 S Columbus Dr,Chicago,IL,60603,877-798-3752,Public,,Non-Networked,41.882094,-87.620496,E
ELEC,"Chicago, IL - East Ohio Street (Pay to Park, Floor 6) - Tesla Destination",50 E Ohio St,Chicago,IL,60611,877-798-3752,Public,,Non-Networked,41.89295,-87.6264,E
ELEC,Home2 Suites by Hilton DeKalb - Tesla Destination,575 S Annie Glidden Rd,DeKalb,IL,60115,877-798-3752,Public,,Tesla Destination,41.924876,-88.774859,E
ELEC,Hertz Local Edition #6978 - Tesla Destination,1939 W Hwy 50,Fairview Heights,IL,62269,877-798-3752,Private,,Tesla Destination,38.592086,-89.963715,E
ELEC,STATION 8 STATION 8,600 Rickard Rd,Springfield,IL,62704,888-758-4389,Public,24 hours daily,ChargePoint Network,39.794316,-89.708033,E
ELEC,STATION 8 STATION 6,2121 S 11th St,Springfield,IL,62703,888-758-4389,Public,24 hours daily,ChargePoint Network,39.778569,-89.642063,E
ELEC,IBEW LOCAL 34 #2LOCAL 34,4322 South Ricketts Avenue,Bartonville,IL,61607,888-758-4389,Public,24 hours daily,ChargePoint Network,40.636644,-89.665474,E
ELEC,HAPPY GURNEE CPF50-1,7255 Grand Ave,Gurnee,IL,60031,888-758-4389,Public,Mon 6:00am - 12:00am; Tue 6:00am - 12:00am; Wed 6:00am - 12:00am; Thu 6:00am - 12:00am; Fri 6:00am - 12:00am; Sat 6:00am - 12:00am; Sun 6:00am - 12:00am,ChargePoint Network,42.384951,-87.983443,E
ELEC,HAPPY GURNEE CPF50-2,7255 Grand Ave,Gurnee,IL,60031,888-758-4389,Public,Mon 6:00am - 12:00am; Tue 6:00am - 12:00am; Wed 6:00am - 12:00am; Thu 6:00am - 12:00am; Fri 6:00am - 12:00am; Sat 6:00am - 12:00am; Sun 6:00am - 12:00am,ChargePoint Network,42.384931,-87.983414,E
ELEC,HAPPY GURNEE CPF50-3,7255 Grand Ave,Gurnee,IL,60031,888-758-4389,Public,Mon 6:00am - 12:00am; Tue 6:00am - 12:00am; Wed 6:00am - 12:00am; Thu 6:00am - 12:00am; Fri 6:00am - 12:00am; Sat 6:00am - 12:00am; Sun 6:00am - 12:00am,ChargePoint Network,42.384913,-87.983428,E
ELEC,Meijer - Tesla Supercharger,225 N Weber Rd,Bolingbrook,IL,60490,877-798-3752,Public,24 hours daily,Tesla,41.700389,-88.125589,E
ELEC,Fields Chrysler Jeep Dodge RAM Glenview,2800 Patriot Boulevard,Glenview,IL,60026,888-998-2546,Public,24 hours daily,Blink Network,42.10664354464904,-87.8249897350353,E
ELEC,TARGET T1879 STATION 1,4433 S Pulaski Rd,Archer Heights,IL,60632,888-758-4389,TEMPORARILY UNAVAILABLE (Public),24 hours daily,ChargePoint Network,41.81326,-87.722244,T
ELEC,HCC CHARGING ST AMC STATION 1,1502 Community College Drive,Normal,IL,61761,888-758-4389,Public,24 hours daily,ChargePoint Network,40.534195,-89.016093,E
ELEC,Cog Hill Golf & Country Club,12294 Archer Ave,Lemont,IL,60439,708-473-2233,Public,24 hours daily,POWERPORT_EVC,41.6767658,-87.9514623,E
ELEC,Kankakee High School,1200 W Jeffery St,Kankakee,IL,60901,708-473-2233,PLANNED - not yet accessible (Public),24 hours daily,POWERPORT_EVC,41.1055609,-87.8844007,P
ELEC,Kankakee Junior High,2250 E Crestwood St,Kankakee,IL,60901,708-473-2233,PLANNED - not yet accessible (Public),24 hours daily,POWERPORT_EVC,41.1149378,-87.8316011,P
ELEC,WILKINS HYUNDAI FRONT STATION,750 N York St,Elmhurst,IL,60126,888-758-4389,Public,Mon 6:30am - 9:00pm; Tue 6:30am - 9:00pm; Wed 6:30am - 9:00pm; Thu 6:30am - 9:00pm; Fri 6:30am - 9:00pm; Sat 6:30am - 7:00pm,ChargePoint Network,41.922046,-87.940664,E
ELEC,Kwik Star,16040 Oakfield Pkwy,South Beloit,IL,61080,877-798-3752,Public,24 hours daily,Tesla,42.491902,-88.99018,E
ELEC,DALEY CENTER STATION 1,50 W Washington St,Chicago,IL,60602,888-758-4389,Public,24 hours daily,ChargePoint Network,41.884033,-87.63013,E
ELEC,Forth - Amp - Woodland Apartments,1609 Olive St,Collinsville,IL,62234,855-885-9571,PLANNED - not yet accessible (Public),,OpConnect,38.6892097,-89.9711484,P
ELEC,PATRICK HYUNDAI ISLAND DC,1020 E Golf Rd,Schaumburg,IL,60173,888-758-4389,Public,24 hours daily,ChargePoint Network,42.0506,-88.05333,E
ELEC,HOLIDAYINNEXP STATION 5,40 N Martingale Rd,Schaumburg,IL,60173,888-758-4389,Public,24 hours daily,ChargePoint Network,42.028399,-88.032813,E
ELEC,HOLIDAYINNEXP STATION 6,40 N Martingale Rd,Schaumburg,IL,60173,888-758-4389,Public,24 hours daily,ChargePoint Network,42.028398,-88.03278,E
ELEC,"Thorntons - York Rd, IL",2310 York Rd,Elk Grove Village,IL,60007,1-833-277-8573,Public,24 hours daily,BP_PULSE,41.992983,-87.940412,E
ELEC,SW IL COLLEGE SWIC M5 #2,2500 Carlyle Avenue,Belleville,IL,62221,888-758-4389,Public,24 hours daily,ChargePoint Network,38.515891,-89.924925,E
ELEC,SW IL COLLEGE SWIC M5 #1,2500 Carlyle Avenue,Belleville,IL,62221,888-758-4389,Public,24 hours daily,ChargePoint Network,38.515875,-89.924942,E
ELEC,SW IL COLLEGE GRANITE CITY #3,4950 Maryville Road,Granite City,IL,62040,888-758-4389,Public,24 hours daily,ChargePoint Network,38.749845,-90.102177,E
ELEC,Serra Honda O'Fallon Series,1268 Central Park Drive,O'Fallon,IL,62269,888-998-2546,TEMPORARILY UNAVAILABLE (Public),24 hours daily,Blink Network,38.5826970545533,-89.93820951690601,T
ELEC,Ford Of Elkings,1045 East Chicago Street,Elgin,IL,60120,888-998-2546,TEMPORARILY UNAVAILABLE (Public),24 hours daily,Blink Network,42.03197429921549,-88.250190045885,T
ELEC,Paisans Pizzeria,6226 Ogden Avenue,Berwyn,IL,60402,1-800-636-0986,Public,,CHARGELAB,41.83200878,-87.77891154,E
